MovieID,Title,Genre,ReleaseYear,ReleaseDate,Country,BudgetUSD,US_BoxOfficeUSD,Global_BoxOfficeUSD,Opening_Day_SalesUSD,One_Week_SalesUSD,IMDbRating,RottenTomatoesScore,NumVotesIMDb,NumVotesRT,Director,LeadActor
1,Might toward capital,Comedy,2003,28-09-2003,China,6577427.79,6613685.82,15472035.66,1778530.85,3034053.32,6.2,58,7865,10596,Kristina Moore,Brian Mccormick
2,He however experience,Comedy,1988,14-02-1988,USA,1883810.1,1930949.15,3637731.12,247115.74,831828.84,5.2,44,1708,220,Benjamin Hudson,Ashley Pena
3,Star responsibility politics,Comedy,1971,02-11-1971,USA,2468079.29,4186694.69,7165111.24,878453.95,2171405.93,5.5,55,4678,7805,Kayla Young,Alexander Haley
4,Exactly live,Comedy,1998,06-08-1998,USA,1447311.46,2023683.92,4373820.26,570657.72,898886.01,7.3,87,2467,1751,Michael Ross,Patrick Barnett
5,Focus improve especially,Documentary,2021,17-12-2021,India,900915.86,2129629.1,3113017.38,361189.37,861775.91,6.1,67,5555,697,Faith Franklin,Duane Fletcher DDS
6,Deal reveal fine,Drama,1996,09-05-1996,USA,6356058.11,6790420.62,12332192.7,1877251.88,3681524.22,8.9,100,362,229,Thomas Peterson,Carolyn Calhoun
7,Drug when,Comedy,1991,24-09-1991,USA,30881640.04,35569499.73,61633322.7,5771559.63,21305870.04,3.6,39,556,98,Maria Lane,Melissa Cain
8,Almost option of,Horror,1990,04-08-1990,USA,5249748.92,3569563.24,6059156.85,429972.59,1513066.66,7.3,75,283,1219,Diane Skinner,Catherine Willis
9,Film about training,Drama,1983,12-03-1983,USA,4746218.15,6361493.82,9506139.9,1612321.12,2977114.88,6.9,69,1041,1467,Albert Phillips,Ashley Reeves
10,Begin difficult world,Documentary,2005,06-09-2005,USA,1354686.21,3837061.91,6747065.42,440667.37,2031776.94,8.4,87,10079,514,Francisco Ford,Richard Miller
11,Eight,Documentary,1999,17-09-1999,USA,3667201.98,7945886.26,12490413.6,1360084.0,4090873.55,6.7,63,426,456,Mark Brooks,Jacqueline Cooper
12,Score by attorney,Comedy,2001,29-06-2001,India,995578.82,2120910.3,3771450.73,438402.43,1180655.22,8.7,86,22577,1782,Robert Webster,Nicholas Richards
13,Nice piece near,Drama,1984,18-07-1984,USA,3474516.1,1921326.86,4720393.32,264115.44,834339.97,4.4,43,23965,445,Michelle Collins,Paige Gonzalez
14,Among money,Drama,1967,29-05-1967,USA,2003466.13,2801289.0,5618102.9,538865.31,1584090.22,4.6,55,2457,1664,Philip Simmons,Kristy Faulkner
15,Purpose miss others show,Action,1963,18-08-1963,USA,8501420.16,6211747.19,9097154.27,1623480.87,2987040.85,6.5,78,934,1602,Patricia Munoz,Sharon Riley
16,Similar off,Drama,1983,03-03-1983,USA,25624591.73,32569914.94,67639926.85,6839515.13,18766598.57,5.0,38,2912,53,Jason Jones,Thomas Hill
17,Accept past she somebody,Horror,2019,07-04-2019,USA,20109873.91,45376636.88,96710883.85,4752425.69,19705757.17,4.2,36,8691,3326,Mr. Jorge Anderson,Daniel Hughes
18,Memory blue,Thriller,1963,04-09-1963,USA,4036756.47,8983230.19,17172258.41,1633753.84,4621801.17,8.1,82,24249,50,Mr. Jorge Anderson,Casey Lloyd
19,Sport just score,Drama,2009,23-11-2009,India,1184356.93,1459831.77,2344529.83,435180.88,677505.19,4.2,55,14306,644,Amanda Cantrell,Christopher Hanson
20,Mrs close hotel,Comedy,2004,05-04-2004,USA,16757088.88,13567813.68,26958812.72,1496912.68,6550068.04,7.4,80,594,136,Kimberly Barker,Kimberly Ray
21,Agree garden,Romance,2005,23-02-2005,USA,273022.95,226835.03,419360.89,64754.05,106243.16,7.0,77,46809,684,Rachel Hayes,Michael Martinez
22,Short phone sometimes product,Drama,2003,26-08-2003,USA,2077605.68,1208808.1,2077605.68,186896.3,699624.15,5.5,55,27847,6812,Sophia Gomez,Nathan Nelson
23,Identify,Drama,2013,07-10-2013,USA,2846436.28,5420815.26,9172595.82,1293966.86,2829319.33,5.3,49,2103,490,Robert Webster,Victoria Phillips
24,Large over the,Comedy,2014,11-03-2014,India,16106357.21,10826254.71,16106357.21,3194948.01,6016765.18,6.7,82,7987,296,Colleen Willis,Cody Peters
25,Picture value,Drama,2008,12-08-2008,USA,9723471.21,23359088.54,40416194.23,3705611.28,9456073.51,6.6,69,23341,199,Mark Brooks,Tonya Campbell
26,Seem into beyond,Comedy,1998,12-12-1998,USA,6734151.18,13967085.26,20371544.33,3229502.73,6297509.22,5.2,54,1520,1312,Faith Franklin,Melissa Cunningham
27,Bad side,Drama,1970,16-05-1970,USA,2024799.03,3120803.68,4506880.52,374038.96,1256605.58,6.9,93,1446,216,Abigail Robles,Diane Jacobs
28,Second,Romance,2007,04-06-2007,USA,2469350.08,1273405.22,2469350.08,256057.5,727685.16,5.6,41,571,58,Robert Webster,Christopher Tucker
29,Character institution good thousand,Sci-Fi,1990,05-06-1990,USA,3458304.82,5548990.92,9644313.66,737086.51,2569995.24,9.3,90,4652,1610,Chad Koch,Valerie Dennis
30,Professor either,Drama,2020,13-06-2020,USA,1238210.99,4122230.93,6059554.17,1183716.03,1858052.62,8.6,85,7629,404,Jacqueline Briggs,Melissa Mcgee
31,Model station,Action,1996,21-09-1996,USA,1172141.81,1482929.54,2282612.88,200603.95,680917.04,9.3,80,239,3468,Jerry Owens,Amanda Jenkins
32,Dinner,Action,2019,31-10-2019,USA,3913191.11,6878105.93,10333332.03,2057699.07,3295543.01,5.5,63,2201,1023,Oscar Santos,William Ramirez
33,From cold law,Comedy,2013,02-07-2013,USA,4171378.0,6648127.9,14091331.15,1534870.98,3067624.23,5.9,67,1374,50,Megan Sharp,George Green
34,Character return,Drama,2021,03-04-2021,USA,107950.63,338018.02,495980.3,75865.17,164850.74,7.4,74,26678,112,Barbara Torres,Lorraine White DDS
35,Draw trade,Drama,2021,15-08-2021,USA,100000.0,115654.78,193622.56,33823.66,50853.38,6.7,78,4570,1065,Karen Smith,Thomas Sims
36,Exist put simply,Horror,2018,20-11-2018,USA,2430470.62,5927177.49,12039047.95,1211567.88,2610598.55,5.7,56,2839,141,Bryan Murray,Becky Dean
37,Region region,Drama,2003,03-08-2003,Australia,2094307.14,5020481.93,9166273.7,738047.91,2061563.72,4.9,55,8011,122,David Charles,Danny Kline
38,Can shoulder,Thriller,2017,18-02-2017,USA,64470180.12,46679051.8,96768123.94,6074963.37,22218475.45,4.2,27,265,21363,Renee Campbell,Mark Jones
39,Above dog,Action,1985,14-12-1985,UK,18078218.43,15977864.71,24818868.59,1795317.33,7744296.9,7.7,78,4232,69,Sara Higgins,James Nichols
40,Record stay lead,Sci-Fi,2011,17-04-2011,USA,6574229.67,4384075.74,9675132.29,1034644.32,2339816.82,4.9,57,2630,149,Albert Phillips,Victoria Phillips
41,Bank government year,Romance,1993,12-04-1993,USA,1144198.37,2258528.34,3404123.13,538761.77,1146165.66,4.2,47,4131,9710,Sophia Gomez,Pamela Lopez
42,Sing office hair,Sci-Fi,2009,31-05-2009,UK,1340364.37,2832081.13,4692308.66,759063.94,1227524.14,8.4,80,3000,73,Michael Richards,Lucas Collins
43,Head lay,Drama,2015,26-07-2015,USA,1556340.37,4331530.19,6783887.36,775833.56,1910484.32,5.9,71,3443,50,Robin Hooper,Jeffrey Smith
44,Majority,Horror,2019,08-08-2019,France,181638.25,444091.3,647412.82,115173.15,246810.43,8.2,100,167,61,Hannah Camacho,Jason Mercer
45,Message bed behind,Drama,2012,25-03-2012,USA,435309.57,1286177.95,2107337.11,267419.05,591257.88,4.1,42,11862,58,Daniel Brown,Valerie Dennis
46,Official possible,Action,2025,17-03-2025,India,16134359.03,18254337.62,33790208.23,4386586.46,8675311.25,7.1,61,3080,330,Claudia Smith,Ryan Hood
47,Example center man,Drama,2003,25-05-2003,USA,3778402.22,5801682.55,14321983.04,1090064.13,2604561.73,7.3,78,1304,197,Judy Walker,William Crawford
48,Head team onto model,Drama,2011,24-05-2011,Australia,14345515.59,22340579.44,36257512.61,5350194.61,9151233.82,9.6,87,280,986,Robert Hendricks,Melissa Morales
49,Finish,Thriller,2012,14-11-2012,India,1679677.57,4653196.68,7170484.62,698285.69,2024793.94,8.8,92,4950,149,Seth Whitehead,Kathy Marshall
50,Right,Comedy,1993,25-04-1993,USA,2929612.32,3630673.53,5424425.42,379549.57,1563726.25,6.6,61,4726,1206,Faith Franklin,Mckenzie Perez
51,Dog improve perhaps,Comedy,1994,20-12-1994,India,16538725.61,19870382.45,36752241.31,5784169.09,11776984.6,4.8,30,4177,302,Jennifer Willis,Daniel Hughes
52,Strong son travel,Drama,1974,07-01-1974,India,3866117.13,9493477.11,15738161.74,2385246.49,4862447.47,3.7,33,1159,759,Mary Mitchell,Jason Chavez
53,Those arm action,Comedy,2018,09-04-2018,USA,1277927.48,1342671.7,2264163.18,331796.25,778078.36,5.7,54,579,853,Andrew Chambers,Brandon Mcguire
54,Perhaps much enjoy,Comedy,1998,22-11-1998,India,24436354.19,15268989.18,29551770.5,2599307.41,8153438.42,7.9,80,89519,15686,Michael Richards,Tricia Thomas
55,Difficult success organization,Action,2000,11-12-2000,USA,691258.28,1787495.32,3332775.16,333772.73,785631.86,7.2,74,125,6518,Daniel Brown,Patricia Ramirez
56,Usually push,Comedy,1990,03-06-1990,USA,520354.31,300667.11,520354.31,51494.64,161530.27,7.4,77,2281,222,Heidi Cisneros,Robert Walker
57,Bring tonight early,Thriller,2024,25-05-2024,USA,1234865.97,1508722.69,2934398.05,265677.35,722062.5,5.9,55,53650,2321,Michael Chung,Casey Collins
58,Run statement population,Comedy,1950,08-12-1950,USA,1497530.58,3082387.0,5474112.54,328046.51,1617742.5,4.5,50,10178,1341,Abigail Robles,Michelle Thomas
59,Issue put yes,Comedy,2000,19-04-2000,USA,2927562.18,7461160.88,11152470.79,764578.61,4017239.65,6.7,88,8358,448,Paul Rogers,Dominique Aguirre
60,Carry section,Action,1991,26-03-1991,USA,9569133.87,10137677.5,17997208.37,1205138.52,5489799.11,4.6,44,186,1506,Carolyn Schwartz,Mark Morris
61,Either this now,Drama,2009,17-12-2009,USA,463291.42,720699.04,1693997.5,175751.35,392873.01,5.2,37,234,2301,Jason Jones,Eric Cooper
62,Return speech,Documentary,2010,08-12-2010,UK,3846865.14,2426864.14,5661038.09,605464.33,1127868.54,6.4,55,1415,465,Jennifer Henry,Catherine Willis
63,Subject next per,Comedy,2003,26-04-2003,USA,5331369.42,11324332.14,16462359.05,2060189.92,5208204.97,7.5,82,10760,50,Donna Hall,Christopher Hurst
64,Education professor four,Thriller,2012,19-03-2012,USA,7471929.79,14388823.55,23901529.0,3660547.81,5823415.21,6.8,72,116,854,Anthony Rowland,Cassandra Dennis
65,Program ago,Romance,2019,25-08-2019,USA,821495.73,377276.53,821495.73,93369.14,155469.37,6.2,58,106,4205,Adam Brown,George Green
66,Owner four four,Drama,1967,04-05-1967,USA,43879798.56,59520827.82,130245281.2,6503349.25,28404732.85,4.2,29,1362,381,Philip Simmons,Joseph Leon
67,Until government,Drama,2011,28-11-2011,India,5194204.39,6095107.98,9482283.29,633029.43,2856974.63,8.0,87,3197,885,Ryan Tate,Darren Jones
68,Four forget today,Horror,1965,07-11-1965,USA,6020014.98,3659600.97,6020014.98,465908.55,2184451.52,4.3,47,2379,6081,Andrew Chambers,Christopher Hurst
69,Change think create,Drama,2003,28-09-2003,Australia,3023413.08,5008384.37,8219234.2,1270729.59,2128887.23,5.1,54,1796,3796,Melanie Olson,Douglas Davis
70,However whom,Action,1978,25-08-1978,USA,315105.7,733247.18,1335477.81,190391.12,334296.66,8.2,97,408,303,Jennifer Miller,Alexander Haley
71,Form floor thank,Comedy,2006,27-05-2006,USA,10496349.14,13498710.88,19454860.94,2934797.68,7656806.77,8.3,78,4494,2286,Darlene Murphy,Sharon Brady
72,Response main,Sci-Fi,1990,19-04-1990,China,42539968.69,26539546.08,65486453.26,7445218.32,14495215.29,4.6,38,59537,332,Kevin Green,Sandra Farmer
73,Believe TV past,Drama,1989,18-08-1989,USA,9200720.94,8470309.35,19271761.69,1401469.41,4724781.37,6.3,55,8238,747,David Hall,Sierra Brooks
74,Vote,Drama,2025,03-09-2025,UK,2192960.86,1267124.29,2672853.42,282633.44,646175.21,6.8,69,30377,191,Sophia Gomez,Valerie Dennis
75,Think exactly,Action,1978,20-11-1978,USA,3253702.72,1888422.64,3253702.72,432116.9,871417.04,4.1,28,4483,3266,Dr. Jonathan Long,Sarah Nelson
76,Power find,Action,1992,26-10-1992,USA,618082.19,1773511.07,2611459.7,422379.21,1004455.38,8.2,84,1363,156,James Cross,Mrs. Margaret Smith
77,Market one,Action,2007,19-09-2007,France,4499420.46,8456277.82,19420441.04,1757299.42,4429149.52,7.5,83,9695,854,David Rosales,Timothy George
78,All hot,Comedy,2019,17-01-2019,USA,1179407.39,2132090.19,4019719.21,332575.46,1255597.42,6.1,80,337,8294,Jeffrey Neal,Ashley Pena
79,Wide clearly provide,Romance,1983,16-08-1983,USA,943131.66,1851421.69,2714023.77,296828.88,761104.32,6.2,73,21230,66,Karen Smith,Melissa Cain
80,Sense relationship leader,Horror,2018,08-01-2018,India,1281929.03,2376100.25,4184566.19,595849.23,1153509.25,8.1,77,172,406,Francisco Ford,Mark Jones
81,Discuss result,Romance,2005,06-07-2005,USA,3223020.68,6442093.12,12784602.43,684472.83,3100800.15,5.7,39,2893,87,Jennifer Willis,Amber Willis
82,Away bring,Horror,1968,23-03-1968,USA,6157229.71,13095823.13,25839279.39,3900253.43,7404765.3,6.8,58,224,281,Matthew Beck,Kimberly Ramirez
83,Fall structure,Drama,1980,13-06-1980,Canada,23974912.09,21552744.82,43649740.73,5798470.48,9599861.55,6.7,77,2369,3907,Matthew Beck,Seth Smith
84,Physical say face within,Romance,1963,15-06-1963,USA,3185589.08,4372118.47,9146916.26,1154576.97,2365881.83,8.2,84,842,9880,Karen Barrett,Samantha Vargas
85,Under push evening,Documentary,2025,09-10-2025,USA,2658315.95,4121643.99,9783938.41,1068694.28,2442892.72,6.0,72,1736,854,Mr. Jorge Anderson,Lorraine White DDS
86,Around night,Comedy,2001,31-10-2001,USA,24738532.55,41941419.88,62766329.38,6775529.27,19025798.83,7.3,82,6899,1326,David Rosales,Dawn Blake
87,Focus investment her,Horror,2001,21-01-2001,USA,6014508.38,2908491.36,6014508.38,792860.49,1535755.96,5.2,48,10533,721,Ryan Tate,David Hart
88,Fly baby,Drama,2010,01-12-2010,USA,1747318.9,2028286.72,2979757.68,567546.78,830857.94,6.8,58,3871,50,William Walker,Becky Dean
89,Ask clearly if,Romance,2018,03-06-2018,USA,19986352.03,58923649.4,90020273.71,15941406.76,33920310.35,4.9,71,36798,50,Michael Richards,Jorge Kennedy
90,Speech about someone,Comedy,2017,09-03-2017,USA,2635531.28,7771896.85,12786755.18,1853562.36,3350240.59,8.9,80,4238,6086,Brian Robinson,Christopher Rodgers
91,Report physical candidate,Comedy,2016,27-02-2016,Germany,14151376.2,34925559.09,57682132.27,9617386.57,20329672.97,4.9,39,27289,79,William Carpenter,Christopher Benson
92,You discover,Romance,1991,20-01-1991,USA,1702153.01,3195665.91,4966959.55,460840.71,1608400.86,8.5,83,8090,18542,Mark Moody,Alison Clark
93,Alone day official,Romance,1988,18-09-1988,France,681709.43,1942184.28,3190720.65,197447.69,849457.52,8.6,82,12762,5849,Michael Chung,Sharon Brady
94,Choose common,Horror,1998,12-07-1998,USA,2152750.98,1489852.28,2834348.76,156555.86,819332.5,7.1,67,78355,657,Patricia Munoz,Stephen Cooper
95,Wonder young must,Action,2008,26-05-2008,USA,9056097.68,4812542.41,10090058.54,1311157.44,2379285.37,4.5,44,64113,77,Caitlin Brewer,Ashley Gilmore
96,All lot,Drama,2022,24-11-2022,USA,1987747.41,1774715.27,4255442.83,292971.59,875577.86,7.6,88,2444,2487,Emily Miller,Jorge Kennedy
97,Lay fill mind,Horror,1957,24-02-1957,USA,3090793.31,9792788.27,14058850.84,1666379.61,5115475.1,5.2,36,368,4183,Bryan Murray,Joseph Gonzalez
98,Hold,Thriller,1994,09-05-1994,USA,6184974.86,16002352.36,26207047.79,2733156.99,9381550.94,3.0,32,221,243,Ryan Tate,Mark Jones
99,However listen each,Thriller,2022,01-04-2022,USA,12613859.33,18557187.28,38386331.63,2947095.86,9716160.88,8.4,100,5052,33850,Jacqueline Briggs,Brittany Kelly
100,Best something last,Comedy,2001,20-09-2001,USA,16079957.21,7587586.53,16079957.21,1983293.64,3123046.37,6.9,63,128347,121,Melissa Hernandez,Pamela Frey
101,Hair significant fear,Drama,2004,11-10-2004,UK,7862147.77,4874513.15,9802761.93,1054550.57,2019570.09,7.7,58,1748,1944,Jeffrey Neal,Noah Harrison
102,Per,Drama,1996,27-04-1996,USA,3371043.88,3339465.73,6730363.36,672049.71,1672742.51,5.2,62,2688,2768,Adriana Campbell,Amy Gomez
103,Story when should,Sci-Fi,1982,12-08-1982,USA,36621112.33,95608042.01,145623169.5,9649201.26,47769043.68,6.0,73,2151,128,Mary Mitchell,Melissa Melendez
104,Market he suggest,Action,1982,23-11-1982,USA,5206805.07,6929767.71,16304744.83,1819017.66,3686621.74,6.8,49,6809,600,Michelle Collins,Amber Willis
105,Ever standard fill,Drama,2005,03-06-2005,USA,3611629.64,1974872.18,3611629.64,222872.11,1080178.44,8.0,77,608,50,Michael Richards,Dawn Blake
106,Debate clear light do,Thriller,1992,10-11-1992,USA,7034189.13,12141879.41,26903394.87,3054571.32,6465379.56,9.0,78,4973,360,David Perez,Derrick Smith
107,Difference sport face,Comedy,2013,14-02-2013,USA,18366087.81,18000226.4,31238452.83,3491028.21,10374090.07,5.7,47,8982,1909,Jeremy Ray,Peter Sanders
108,Official together sure,Thriller,2015,10-01-2015,USA,2311364.6,6712540.37,9629496.96,1543264.52,3140444.79,6.4,60,1002,82,Michelle Collins,Kristin Cook
109,Cut success,Drama,2000,17-04-2000,USA,105826404.7,252631438.2,459062513.6,53806543.21,141153308.2,6.8,64,12175,80,Janice Taylor,Daryl Douglas
110,Itself role,Comedy,2000,04-01-2000,USA,3960232.64,4823338.07,11422177.25,1011985.59,2391087.99,6.4,76,17403,50,Michael Manning,Teresa Davis
111,Everybody provide skin occur,Action,1995,18-12-1995,Canada,10900558.91,8794361.56,17537275.92,1572973.69,3825956.9,7.1,70,6820,50,Patricia Munoz,Melissa Mcgee
112,Bar,Action,2001,23-08-2001,USA,1467116.07,2427931.73,4487170.96,421658.06,1420464.26,6.0,49,20081,50,Dr. Jonathan Long,Leonard Contreras
113,Health administration,Sci-Fi,2000,15-09-2000,USA,1537625.71,3243764.22,5980646.57,834515.97,1735535.31,6.1,60,235,618,David Lee,Michelle Thomas
114,Old course,Thriller,1965,11-04-1965,Japan,525651.5,315169.13,589519.63,67410.01,178174.32,6.6,69,5833,90,James Miller,Catherine Rogers
115,Poor case,Horror,2002,03-10-2002,Canada,29038890.56,64269699.86,93011939.18,17020538.62,33684876.44,7.0,77,1597,50,Melanie Olson,Shawn Washington
116,These example yourself,Comedy,1997,20-08-1997,USA,2489181.02,4477633.53,8755541.21,1136240.81,2534272.41,7.3,76,29252,353,Jennifer Miller,Heather Williams
117,Dinner instead particularly,Drama,2013,16-06-2013,USA,4672262.46,4603358.26,9992642.31,905282.69,2730296.72,7.0,67,1842,50,Tracy Tucker,Patricia Keller
118,Strong summer,Documentary,2003,06-01-2003,USA,2714156.97,1561762.4,2714156.97,277367.56,804000.83,5.0,43,10572,888,Hannah Camacho,Paul Glover
119,Course now,Comedy,1985,03-05-1985,USA,17027926.54,11189963.05,17027926.54,2578517.36,4527574.68,6.4,61,1892,16043,Philip Simmons,Teresa Santos PhD
120,Doctor,Comedy,1986,29-09-1986,USA,8602015.64,4101668.39,9140502.14,836133.16,1885149.1,8.4,92,1098,66,Paul Rogers,Stephen Cooper
121,Ago every boy,Thriller,2010,06-09-2010,France,17427391.09,27181656.18,63499344.57,7737466.74,16303642.92,6.3,71,3891,3800,Ashley Medina,Daniel Callahan
122,Member,Drama,1994,06-06-1994,UK,441449.74,218628.34,441449.74,57336.77,108152.34,8.0,68,1198,1553,Suzanne Gonzalez,Mark Smith
123,Use area many,Comedy,2019,07-06-2019,China,6676011.02,8278990.76,15339808.35,1023916.91,4446254.35,6.6,69,2714,308,Michelle Collins,Terry Martinez
124,Every place notice,Comedy,2021,24-03-2021,China,7184310.79,20878488.02,32299503.95,5093588.13,10261130.67,5.7,55,6991,1029,Mary Mitchell,Russell Martin
125,Market,Action,2014,10-10-2014,USA,804860.37,1390840.47,2457565.74,324751.63,707618.24,5.9,59,989,304,Jennifer Atkinson,Leonard Contreras
126,Within,Horror,2006,06-06-2006,USA,3844619.63,7888249.67,17390174.85,1383874.1,4194181.0,7.2,70,6905,50,Mark Moody,Valerie Dennis
127,Year final,Action,2014,28-05-2014,USA,403971.11,207485.37,403971.11,38103.37,96624.31,7.8,87,1998,272,Karen Barrett,John Strickland
128,Chair deep development,Thriller,1959,13-07-1959,USA,1027881.79,1725767.97,2520217.32,300693.41,785183.74,7.2,95,18806,258,Donna Hall,Shawna Bryant
129,Expert get,Comedy,2004,18-11-2004,USA,6738796.95,6795687.64,11060464.26,803792.87,3085891.19,8.0,84,25966,1124,Chad Peters MD,Lucas Collins
130,Save better,Thriller,1996,05-10-1996,USA,6810283.05,11240103.16,25861721.72,1326285.2,5203273.94,7.4,76,2709,50,Michael Chung,David Lopez
131,Design than a,Drama,1962,31-08-1962,USA,44390059.55,80896756.37,159739148.7,12555368.83,47417104.78,4.5,36,5097,8034,Donna Hall,Becky Dean
132,Clear trial some society,Romance,2013,26-10-2013,Australia,5713641.3,8177047.3,13665459.06,1080793.14,3552288.78,5.4,68,4078,425,Charlotte Williams,Andrew Walker PhD
133,Up instead avoid,Drama,2011,12-10-2011,UK,4776779.09,7887454.59,11329652.59,1356226.02,3318264.83,10.0,87,14592,59,Janice Taylor,Thomas Sims
134,Amount manager reflect detail,Comedy,1964,09-11-1964,USA,351445.84,331907.75,566443.47,84028.11,181907.51,4.4,53,1462,50,Christopher Roach,Samantha Vargas
135,Possible yet,Comedy,2017,23-01-2017,Japan,168424.47,212657.28,305306.0,55217.29,113766.43,6.7,82,1717,1037,Tyler Sanchez,Leonard Contreras
136,Picture would bad student,Sci-Fi,1992,03-11-1992,USA,52805581.55,47627412.53,81788329.86,13214750.83,25274262.52,6.0,63,12626,565,Mark Moody,Jamie Cunningham
137,Message remember model everything,Romance,1960,07-02-1960,UK,5682724.38,2519116.22,5682724.38,262654.29,1399609.96,6.8,60,7652,50,James Miller,Deanna Johnson
138,Yet property fall,Horror,2006,05-03-2006,USA,1469711.85,3276156.3,6975692.16,513714.25,1860294.77,4.6,43,6891,257,Julie Maxwell,Timothy George
139,This before,Comedy,1988,27-10-1988,USA,2377856.68,2499520.88,3709086.01,446308.92,1260006.56,4.4,45,1124,55,Brenda Smith,Christopher Rodgers
140,Machine operation,Horror,2006,08-04-2006,India,2106945.15,2556021.63,4158819.71,356399.58,1380263.2,6.4,79,8081,546,Robin Hooper,Melissa Mcgee
141,Shake too,Horror,1964,03-04-1964,USA,471381.47,268877.33,471381.47,73120.11,124811.25,4.8,33,972,114,Anthony Rowland,Christopher Hurst
142,Identify nice,Comedy,2009,01-10-2009,USA,833017.26,2555886.32,3791670.53,260504.72,1108373.62,5.3,48,2078,114,Jennifer Atkinson,Kristy Faulkner
143,Decide body minute,Comedy,2001,10-10-2001,Japan,397591.44,496473.9,834291.71,64987.67,263571.68,5.5,55,4277,50,Darlene Murphy,Chelsea Armstrong
144,Than appear middle,Comedy,2019,10-11-2019,India,610569.53,401814.48,611789.52,81650.04,185839.9,4.5,56,1588,312,Matthew Beck,Daniel Callahan
145,Itself social,Comedy,2017,14-03-2017,USA,4902313.38,3135864.14,5063787.33,550854.59,1364669.99,4.7,49,1006,547,Ryan Tate,Benjamin Mitchell
146,Yet,Comedy,1986,30-06-1986,USA,153249538.0,190994158.0,470787809.8,48782631.91,91974780.17,5.0,47,1576,234,Jeremy Davis,Kristina Krause
147,Green,Drama,2015,30-08-2015,USA,708977.73,1105158.04,2579589.8,300585.2,649445.87,9.0,94,292,1572,James Miller,Anthony Cross
148,When,Comedy,1961,14-08-1961,USA,702361.6,1035002.9,2405038.81,248675.97,433568.55,9.0,93,1304,2971,Benjamin Ray,Andrew Walker PhD
149,Example center man,Comedy,1997,21-02-1997,USA,4596514.73,5323003.82,8027250.8,1064374.83,3032567.5,4.4,43,936,473,Brandon Fuller,Cynthia Little
150,Conference why final,Romance,2018,29-07-2018,USA,100000.0,202725.55,383806.38,58307.7,88747.14,8.8,93,10953,546,William Carpenter,Tami Miranda
151,Civil prove space,Thriller,2002,04-06-2002,USA,7207610.59,10866283.37,26399574.33,1220069.51,5778348.11,7.8,89,6280,50,Jennifer Miller,Jeffrey Holloway
152,Letter itself girl guy,Thriller,2014,02-03-2014,USA,3880973.09,7592809.97,17476813.65,1835130.49,4422801.23,8.2,78,5010,127,Gary Simmons,Mathew Castillo
153,Us check artist,Documentary,1999,24-11-1999,USA,3317560.79,4942744.69,7837975.49,775700.75,2922027.0,7.5,69,2071,261,Sonya Clark,Nicole Dawson
154,Black,Romance,2008,16-05-2008,USA,5358045.63,12689171.64,19524549.88,3094584.62,7449263.02,6.0,52,550,223,Daniel Brown,Mary Wolfe
155,Forward,Romance,2006,02-09-2006,USA,2568410.32,2421533.78,4131496.29,354857.93,1214572.37,7.7,72,5806,4217,Amber Anderson,Mr. Michael Snyder
156,Citizen fight maintain,Romance,1971,05-08-1971,USA,1645230.88,2301142.28,4241157.97,664993.86,1329645.81,6.7,57,100,778,Suzanne Gonzalez,Donald Franco
157,Apply,Thriller,1980,23-03-1980,Germany,9076834.31,9556883.93,15537539.72,1920322.6,4147829.1,7.1,54,7637,201,Amber Anderson,Daniel Thompson
158,Hotel bring,Drama,1998,24-09-1998,USA,6148180.05,11936014.34,22421349.62,3514004.73,7123630.7,7.0,77,1813,763,Barbara Torres,Kimberly Johnson
159,Occur wrong,Horror,1982,15-02-1982,USA,601180.21,1549587.15,2775110.19,451580.4,841896.2,8.1,96,5564,724,Jerry Owens,Dustin Jackson
160,Despite relationship,Drama,1981,16-10-1981,UK,2626597.98,5057502.23,9455136.38,1079490.44,2476618.13,8.1,98,4205,288,Sara Higgins,Jimmy Smith
161,Church nearly,Action,2014,24-08-2014,USA,18884580.08,20051844.18,44715239.32,2856881.73,9193254.6,7.5,67,4634,132,Kimberly Barker,Miss Jennifer Parsons
162,Imagine leader receive,Horror,1979,16-06-1979,USA,4673216.75,7263656.97,12775881.13,1152113.62,3822526.66,7.9,64,10357,206,Mrs. Hannah Campbell DDS,Lauren Horton
163,Sign low race,Drama,1994,21-02-1994,USA,5452826.1,14053076.41,24018528.33,2726395.01,7985730.47,9.4,84,5837,50,Rachel Kirby,Brian Mccormick
164,However,Drama,2024,14-01-2024,USA,3917095.0,2016407.17,3917095.0,205198.16,1039096.0,6.1,70,729,1321,Samantha Campbell,Ian Williams
165,Suggest fund,Thriller,1989,29-09-1989,Canada,329963.79,284015.29,480121.4,45819.87,116447.21,7.8,81,23359,42891,Jeffrey Myers MD,Matthew Simmons
166,Consumer miss themselves,Drama,1970,25-05-1970,USA,480822.46,310923.84,693224.68,80945.25,128293.72,7.2,55,1089,438,Troy Cochran,David Castillo
167,Several,Comedy,1989,03-12-1989,USA,13406441.23,18074520.98,40046070.56,3313439.7,10044918.68,5.7,62,588,248,William Banks,Sydney Jordan
168,Charge into,Comedy,1959,07-04-1959,USA,479045.41,402800.24,712140.52,79990.02,165545.87,6.4,67,924,2017,Julie Maxwell,Brittany Kelly
169,Different about dinner,Horror,1995,29-07-1995,Germany,4373875.87,4067538.8,9383807.75,634272.97,2171364.72,6.5,79,2725,152,Janice Taylor,Stephanie Cervantes
170,Language figure bill,Thriller,2022,07-04-2022,UK,374184.17,794445.26,1158830.4,83286.2,348961.52,6.0,55,4101,139,Dr. Michael Monroe,Ashley Juarez
171,President these plant,Comedy,1980,01-09-1980,USA,7592246.92,15743802.67,33815401.33,2466864.96,7410383.62,8.9,89,8013,876,Robert Webster,Andrea Bowers
172,Give material room,Horror,2017,08-03-2017,USA,564685.05,622779.43,1371854.56,83601.02,357314.1,6.9,78,763,82,Brooke Morales,Cynthia Little
173,Environment explain,Documentary,1989,15-11-1989,USA,423135.12,766137.07,1819623.6,205198.01,388309.63,6.1,55,1897,188,Bryan Murray,Kimberly Smith
174,East suddenly notice,Documentary,2008,21-08-2008,USA,1980395.61,2516752.56,4308695.48,635437.33,1409730.85,6.8,73,4217,50,Faith Franklin,Jeanette Archer
175,Alone second expect,Drama,2005,03-04-2005,USA,14818240.51,27372179.88,63314893.94,5614560.59,13612570.76,3.8,40,4899,1101,Kayla Young,Lawrence Thomas
176,Detail,Thriller,1991,07-06-1991,India,1480154.56,2019589.78,3774377.87,254123.99,846584.85,8.8,71,1183,2127,Benjamin Ray,Ashley Reeves
177,Response mission professor,Comedy,1990,17-06-1990,USA,174876.06,208121.79,315031.59,59323.58,86429.08,8.8,80,2946,466,Darrell Carlson,Joshua Willis
178,Hear statement,Action,1999,07-12-1999,USA,9443732.25,14640426.31,21625137.68,3188650.26,8522680.96,6.7,58,6989,50,David Morris,Mary Wolfe
179,Low fire strategy,Drama,1996,23-06-1996,USA,10669060.97,24716176.11,47415096.86,3757006.79,13931217.55,6.1,76,3945,94,Karen Smith,Jennifer Cook
180,Base buy,Thriller,1996,03-02-1996,USA,8253604.51,5316843.91,8253604.51,1260856.78,2658315.35,5.6,58,2105,2900,Michelle Collins,Eric Cooper
181,Arrive teacher firm north,Horror,2007,30-05-2007,China,2302264.63,3885872.97,7129132.54,865043.4,1797559.12,3.9,54,694,680,Jessica Singh,Christopher Tucker
182,Lawyer beat foot,Romance,1971,29-04-1971,USA,36250379.18,27459011.86,55762221.81,5566233.86,15520719.19,7.4,73,5544,242,David Perez,Eric Obrien
183,Value something,Drama,2008,18-02-2008,France,849586.6,440161.13,849586.6,48409.98,201974.7,7.2,69,3056,1677,William Carpenter,Joseph Contreras
184,Adult far surface,Comedy,1988,09-02-1988,Australia,125479.83,262667.92,517275.13,75835.58,130923.62,7.8,71,10043,50,Renee Campbell,Melissa Cunningham
185,Black,Thriller,2007,19-10-2007,Canada,169917.16,98945.47,169917.16,11770.14,57667.72,6.7,47,4298,317,Jerry Owens,Anthony Rhodes
186,Agree hour,Action,1992,07-02-1992,USA,1419564.07,3422598.07,5740629.53,621229.41,1790155.51,6.8,38,61619,250,Jeffrey Neal,Christopher Hurst
187,Carry story,Horror,2011,15-10-2011,UK,14423997.49,8954678.84,14423997.49,2459109.84,4315252.9,6.5,79,551,287,Jerry Owens,Duane Fletcher DDS
188,Benefit ten,Horror,1964,17-06-1964,USA,1519310.2,1151469.87,2240092.93,222087.72,504217.85,7.0,58,24538,2602,Albert Phillips,David Hart
189,Accept magazine whole,Drama,2004,19-12-2004,USA,8561421.59,5263710.76,8561421.59,1000869.27,2115486.46,6.6,64,18340,7701,Charlotte Williams,Jennifer Moore
190,Yes control,Action,2020,31-05-2020,USA,484085.27,631281.64,1328559.09,166550.4,356365.55,7.0,73,785,628,Dr. Jonathan Long,Lawrence Thomas
191,Big,Drama,2020,08-04-2020,USA,680047.43,331992.92,680047.43,73221.63,146564.42,8.3,74,2519,313,Courtney Reynolds,Sandra Brown
192,Concern,Thriller,1984,01-05-1984,USA,979849.52,1907940.78,3152960.41,325971.29,898655.4,8.4,81,6148,50,Jessica Singh,Patrick Barnett
193,Group behavior,Horror,2015,11-06-2015,India,415521.29,702042.46,1240912.38,92840.0,286255.75,5.3,35,678,171,William Walker,Richard Davis
194,Doctor structure by hit,Action,1962,04-09-1962,USA,9721195.7,27455471.1,46790286.46,3815169.69,14064389.88,5.3,42,91502,2628,Megan Sharp,Jamie Cunningham
195,After rest act,Romance,1958,03-02-1958,USA,482339.28,825424.66,1641837.3,156515.42,405958.07,5.8,58,452,2242,Crystal Harris,Andrew Lyons
196,Other perform,Romance,2012,10-02-2012,USA,5339740.9,5488779.63,9483993.84,904150.8,2891173.35,7.2,55,4565,50,Benjamin Ray,Jennifer Hall
197,Hundred wear him,Thriller,1987,11-11-1987,China,2510446.4,1609983.12,2510446.4,209398.63,834311.37,10.0,96,3571,1964,Matthew Beck,Meghan Johnson
198,Within,Drama,1999,12-02-1999,USA,1215049.99,575404.2,1324757.39,171349.15,319659.74,6.2,67,3096,139,Mr. Drew Clark Jr.,John Perry
199,Available born whom,Comedy,1959,23-12-1959,USA,23540297.66,66571596.5,104228350.0,6798929.09,39873036.36,6.1,55,1902,9195,Kelsey Ellis,Brian Mccormick
200,Win,Sci-Fi,1953,04-08-1953,USA,1224062.35,715885.19,1224062.35,115002.38,301901.46,7.4,71,1266,50,Sharon Wilson,Teresa Davis
201,Feeling year,Drama,1973,05-06-1973,Germany,7002704.86,17569489.81,28723060.77,4047687.79,10389432.64,6.1,50,6013,1956,Gary Simmons,Brenda Gomez
202,Lead,Comedy,2007,04-10-2007,USA,33325308.24,59403507.21,87380255.31,13334675.94,30322340.48,5.3,60,2090,6482,Jordan Orozco,Christina Buchanan
203,Later per light,Drama,2020,15-09-2020,Australia,1756852.4,4160001.58,8127378.26,1157126.07,2145623.72,8.5,67,4139,50,Barbara Torres,Rebecca Mejia
204,Middle firm,Drama,1983,01-06-1983,USA,21583653.28,25746555.59,59401150.98,4202744.75,13839737.86,10.0,100,633,2442,Robert Webster,Robert Walker
205,Figure simple tax,Documentary,1951,15-01-1951,USA,3183708.19,7710437.52,11400509.29,1320060.01,3284477.49,7.5,90,10743,226,Eric Ramirez,Miranda Armstrong
206,Art the language,Romance,1996,14-10-1996,USA,886508.16,1877817.66,3194509.24,334634.26,939734.66,7.8,83,5834,676,Raymond Morris,Mathew Castillo
207,Out ten air,Thriller,2017,14-02-2017,Canada,2861976.35,6439424.85,9263758.01,1439544.24,3710431.79,7.1,75,272,1429,Philip Simmons,Cassandra Dennis
208,Task author,Documentary,2022,15-06-2022,UK,2274800.07,928026.22,2274800.07,218898.71,535479.69,4.3,43,4981,1033,Oscar Santos,Alexander Haley
209,Stand ever,Drama,2000,26-02-2000,USA,50647874.27,127907286.4,231004494.8,37807577.07,67493881.51,8.7,74,576,400,Jeremy Ray,Adam Montes
210,South,Comedy,1964,06-09-1964,USA,65247705.37,65673076.06,109724867.0,16155608.17,26743970.62,7.3,58,2134,12341,Michael Chung,Rebecca Mejia
211,Learn cell,Drama,1985,31-01-1985,USA,2214056.65,1684079.11,2468017.99,177144.43,844211.48,3.7,52,4992,7670,Tracy Tucker,Peter Sanders
212,Movement value,Horror,2011,23-12-2011,Canada,3106786.92,4518252.33,10388913.42,1127606.91,2580015.1,7.7,62,6303,4555,Philip Simmons,Jennifer Cook
213,Sort hand seem,Action,2019,11-11-2019,USA,1305511.9,1397464.92,2518566.73,195389.13,769222.36,6.5,57,1713,1109,Paul Rogers,Lynn Pierce
214,Also analysis sister,Comedy,1981,08-04-1981,USA,3837324.54,8979646.18,13052101.97,1374104.11,4377970.87,5.9,57,495,128,Claudia Smith,Shannon Hunt
215,Smile popular,Comedy,2012,05-12-2012,Japan,8189276.42,9671905.42,18325934.8,2614149.72,3924213.23,5.0,55,7958,220,Mark Brooks,Richard Mata
216,Strategy boy nor,Romance,1990,26-06-1990,USA,650093.88,633903.05,1160499.45,68902.51,362949.93,9.5,100,19611,50,Adam Brown,William Washington
217,Item,Documentary,2015,20-12-2015,USA,12436497.4,7821288.59,12436497.4,1514392.4,3726929.5,7.0,74,3193,2215,Benjamin Hudson,Kevin Fernandez
218,Once create,Thriller,2009,14-04-2009,USA,13034956.5,18908700.28,33533429.91,5019184.17,7696326.46,6.9,69,11700,852,Renee Campbell,Ashley Gilmore
219,Bank own from,Romance,1973,14-12-1973,USA,23598812.79,56857335.19,111873501.2,11401633.14,25597787.98,6.4,63,5239,755,Amanda Montgomery,Mrs. Margaret Smith
220,Three effort green,Romance,1953,30-11-1953,USA,354625.63,1075326.75,1622787.32,216675.59,615770.48,7.9,83,755,95,Tyler Sanchez,Samuel Wyatt
221,School last,Thriller,1975,01-07-1975,USA,346398.07,783436.62,1542531.2,229326.46,371000.1,4.7,46,1760,127,Jerry Owens,Richard Miller
222,Three find,Comedy,1959,29-10-1959,USA,6325261.26,12220292.05,28415809.12,3114746.7,6833228.17,5.3,56,7816,82,Jeremy Davis,Meredith Williams
223,Moment quality item,Drama,2011,08-07-2011,USA,9929080.48,10701477.56,18482282.2,1731538.29,5335965.19,6.4,58,6047,50,Elizabeth Lane,Seth Smith
224,Everyone add,Comedy,2005,12-12-2005,USA,3296803.78,1596184.13,3296803.78,251763.04,736430.28,8.1,85,15121,561,Jacqueline Briggs,Dr. Edward Smith
225,North several,Romance,2002,04-01-2002,UK,2569802.77,7399261.38,11504873.44,1390930.24,3904181.51,4.7,64,7399,50,Adam Brown,Jennifer Cook
226,Book treatment run issue,Drama,2018,09-01-2018,India,1460125.44,3605582.02,6303988.29,492700.32,1639555.4,5.7,48,15808,71,Sara Higgins,Michael Ramirez
227,Safe stay,Sci-Fi,2025,25-10-2025,India,2951683.88,7545393.88,14533250.52,2225460.7,3952237.28,3.7,41,11175,1237,Karen Smith,Donald Benson
228,Quite town,Horror,2015,24-06-2015,USA,2584007.54,1562775.99,2584007.54,334154.45,737134.85,7.2,78,401,330,Kimberly Barker,Tricia Thomas
229,Listen,Comedy,2023,07-05-2023,USA,263949.06,115595.39,263949.06,21433.25,62900.91,5.1,64,1386,485,Jeffrey Neal,Daryl Douglas
230,Network easy chair,Comedy,1999,22-02-1999,USA,845944.7,2384498.29,4188135.06,303165.72,1139023.54,6.6,70,4676,1488,Jessica Rodriguez,Russell Martin
231,Their,Thriller,2014,19-05-2014,USA,2521816.01,2490725.74,6083374.58,383910.17,1090931.82,5.8,61,134,74,Courtney Reynolds,Sarah Ross
232,Up security,Thriller,2025,07-02-2025,USA,1300374.95,1313968.96,2384887.37,223657.34,624253.63,6.4,67,2260,2369,Francisco Ford,Melissa Morales
233,Rest clear,Action,1964,07-10-1964,USA,5867706.08,3083628.62,5867706.08,332544.33,1664855.87,6.0,57,1494,94,Benjamin Ray,Ashley Gilmore
234,Want voice,Comedy,2009,28-10-2009,Canada,9460721.4,15692900.42,26571509.66,2646547.59,6642172.26,8.6,86,581,259,Daniel Brown,Paige Gonzalez
235,Any evidence,Documentary,1991,28-04-1991,USA,4994486.33,10147754.72,17210024.78,2320552.47,4274136.7,5.6,57,572,750,Heidi Cisneros,Jason Chavez
236,Art the language,Comedy,2014,28-11-2014,USA,5240481.36,9509021.68,18418025.5,1409173.31,4594686.28,5.3,46,313,92,Jonathan Evans,Shawna Bryant
237,Child right,Drama,2013,21-08-2013,USA,2771452.39,1863661.39,4480810.91,551982.27,1094430.2,5.7,51,6208,50,Sophia Gomez,Brian Gentry
238,Others line four,Documentary,2022,17-01-2022,USA,9615801.23,24688549.75,36611553.67,3184465.86,10121288.84,6.3,50,13326,234,Vanessa Fox,Michael Martinez
239,Type happy meeting,Thriller,1992,12-02-1992,China,2071842.7,3900897.48,6312050.19,1100403.68,2192284.85,4.9,52,5267,1399,Courtney Reynolds,Andrew Walker PhD
240,Serve policy,Action,1963,30-09-1963,USA,3231592.86,8997130.37,15931065.48,1407217.32,4005337.63,5.7,55,7778,968,Sara Higgins,Jennifer Hall
241,Down hard use source,Comedy,1966,04-01-1966,USA,1051425.54,2447774.45,3511151.72,662726.81,1432299.47,7.3,70,1031,107,Rachel Hayes,David Lopez
242,Firm good,Drama,1982,29-01-1982,USA,6932887.51,12617263.81,25985797.86,2059841.44,7232861.14,7.8,80,26031,69,Suzanne Gonzalez,William Brooks
243,Ask message,Action,2021,22-06-2021,USA,7882093.97,11853890.4,25862380.66,1967414.07,5817980.29,6.4,46,2031,689,Robert Hendricks,Sheila Dunn
244,Table pressure,Romance,1965,26-06-1965,UK,45861844.9,120065889.2,221513801.4,32306710.91,53072520.82,5.5,80,423,2635,Rachel Hayes,Melissa Mcgee
245,Role happy,Drama,1991,31-01-1991,China,180352.89,571081.27,821798.37,79046.21,247156.86,4.9,57,293890,433,Dr. Michael Monroe,Brandon Davidson
246,Develop movement,Romance,1959,22-05-1959,Japan,4749168.25,11289729.07,18478496.74,1872748.6,5957067.26,6.3,79,171,92,James Miller,Lisa Castro
247,Section right,Romance,1990,22-10-1990,USA,504623.33,531446.14,903505.75,122183.45,277782.4,6.3,65,985,292,Charlotte Williams,Jeffrey Holloway
248,Clearly huge wife,Horror,2018,12-10-2018,USA,4435170.45,2764022.28,4435170.45,537455.52,1570461.76,6.0,51,1444,1856,David Perez,Brittany James
249,Half alone,Sci-Fi,1997,12-08-1997,USA,5257408.13,12582721.8,23219380.15,3765554.94,6657617.98,7.7,71,10605,1164,Oscar Santos,Joy Huber
250,Market,Drama,2009,25-10-2009,USA,9057746.87,5398517.2,9767095.19,923358.5,2889473.77,8.6,100,1550,2152,Bryan Murray,Jeffrey Sharp
251,Animal window happy,Drama,1957,09-11-1957,USA,506817.57,1579404.39,2403020.52,194439.98,739600.15,7.1,51,214,136,Crystal Harris,Dominique Aguirre
252,Wait four,Comedy,2018,14-04-2018,USA,969677.21,1476403.05,3642867.29,359286.72,635678.61,6.6,68,1038,50,Daniel Rivera,Sherry Turner
253,Huge view make,Action,2025,12-01-2025,USA,3981321.36,5541755.14,9054806.25,1569202.94,2268207.15,6.2,43,1894,770,Stephanie Hayes,Alexander Haley
254,Worry third,Romance,1991,22-10-1991,USA,284426.87,641859.75,1162372.7,135095.74,364443.49,7.2,84,500,737,Amber Anderson,David Martin
255,Father carry new late,Comedy,1998,24-03-1998,USA,2167894.3,1522938.01,3378581.97,436607.51,784312.98,7.3,81,1285,869,Darlene Murphy,Cameron Pineda
256,Before,Thriller,1990,26-11-1990,USA,692190.19,2186815.12,3460799.78,410773.84,967195.32,4.6,32,27883,1239,Kimberly Barker,Mckenzie Perez
257,Part eight,Comedy,1994,11-06-1994,USA,2590192.12,2207965.07,3234565.33,377204.46,1088844.4,6.4,66,21600,283,William Banks,Mark Morris
258,Last he,Drama,2002,10-10-2002,China,1108375.01,3569995.74,5222833.38,907258.72,1832485.28,3.5,39,1783,284,Jennifer Atkinson,Patricia Keller
259,Us check artist,Horror,2008,03-12-2008,USA,1287951.3,2384809.93,4208498.82,697312.37,1378731.56,7.0,74,2813,71,Dr. Michael Monroe,Carolyn Calhoun
260,Color little,Romance,2002,23-01-2002,USA,16548686.29,32914402.04,57486522.7,6136610.24,14656265.04,7.2,76,3304,512,Kristina Moore,Nicole Dawson
261,As energy,Drama,1999,07-07-1999,USA,565000.32,515732.64,1055660.15,112786.01,300214.23,7.5,74,230,170,Jeremy Davis,Sharon Riley
262,Maybe article,Drama,1994,15-02-1994,USA,321057.1,382300.64,553458.15,67565.34,160896.35,9.0,95,306,66,David Lee,Melissa Mcgee
263,Whom improve,Thriller,2020,22-04-2020,USA,217487.98,467236.31,914002.29,108537.56,268980.47,8.1,79,30301,6528,Albert Phillips,Shannon Hunt
264,Reason leader create,Comedy,2005,14-11-2005,UK,235899.61,504669.99,770498.08,60079.25,226078.0,2.8,28,6587,50,Jennifer Henry,Rebecca Mejia
265,Person material during,Sci-Fi,1972,26-06-1972,USA,532003.77,1455207.72,2173663.8,188512.29,813181.98,7.8,58,11153,63,Daniel Brown,Joshua Walker
266,True live,Comedy,2017,03-04-2017,Japan,2403251.4,5075522.8,11775166.4,980154.67,2994420.08,7.5,94,8737,53,David Rosales,Thomas Sims
267,Sign nation go,Drama,1968,20-03-1968,USA,57030121.39,75132511.46,127841355.4,21455311.95,36771773.66,5.1,44,24619,808,Heidi Cisneros,Jamie Chavez
268,Manager difficult such ball,Thriller,1974,27-02-1974,USA,7140182.31,19973264.12,34801277.23,4532088.23,9057632.29,4.7,33,10423,137,Jeremy Ray,Adam Montes
269,Then sound,Comedy,2016,18-01-2016,USA,2253450.41,4241954.25,6354082.81,691142.74,2069750.1,7.4,60,20914,216,Lori Callahan,Mark Jones
270,Night industry,Drama,2005,26-03-2005,Canada,3801983.18,2586817.55,5924307.62,743707.19,1053142.88,4.5,55,6443,142,Emily Miller,Kristina Krause
271,Together Mrs,Drama,2019,07-03-2019,USA,6599387.38,10890529.01,16119933.73,3185042.32,5198524.1,4.0,34,752,636,Charles Lopez,Lorraine White DDS
272,General less professor,Drama,1983,09-11-1983,France,126853.24,287884.74,585222.53,81024.45,140107.68,5.4,39,1146,901,Lisa Atkins,Larry Bishop
273,Between cause sort,Drama,2014,21-08-2014,USA,13039406.65,6829725.38,13039406.65,959051.0,3629657.97,7.6,70,4380,239,Christian Hernandez,Mary Wolfe
274,Miss type,Action,2022,04-08-2022,UK,874756.71,517004.15,874756.71,119802.84,288992.89,6.4,61,2421,50,Joshua Baker,Isaiah French
275,Style discover bar,Documentary,1995,17-06-1995,USA,1824890.98,1576117.96,2334419.05,285484.82,867923.33,5.9,40,1673,1864,Brooke Morales,John Jones
276,Remember instead,Drama,1980,01-12-1980,USA,4203095.22,10730172.35,17298205.41,2708371.88,6126842.31,6.1,58,3544,601,Michael Ross,Brenda Wheeler
277,Strategy whose,Drama,1963,26-06-1963,USA,2248647.21,1331249.47,2248647.21,377647.42,777046.58,8.3,74,1445,17899,David Hall,Olivia Ortiz
278,Although ever,Action,1989,17-04-1989,USA,405525.74,844637.37,1222810.56,133615.86,387285.13,7.4,81,1255,136,Paul Rogers,Diane Jacobs
279,Sport just score,Sci-Fi,1997,05-08-1997,USA,3775985.92,7240708.3,14646751.14,900580.82,3179526.75,3.4,32,1945,1012,Bryan Murray,Melissa Morales
280,Role personal customer,Thriller,2006,01-06-2006,USA,7673660.86,13645767.53,32433644.59,2391590.63,6366662.55,5.2,47,9620,398,Kelsey Ellis,Krystal Cross
281,Exactly since,Drama,2025,23-01-2025,UK,41171013.14,50450924.19,117821304.4,7486937.91,29599150.96,6.9,57,3587,175570,Andrew Chambers,Sherry Turner
282,Surface ball hospital,Action,1984,16-07-1984,USA,4491105.93,12948064.32,21027939.62,1596457.41,7593677.64,5.4,45,78780,141,Stephanie Hayes,Nicholas Richards
283,Under water,Horror,1998,14-07-1998,USA,198855410.8,320738591.5,747649760.6,92397527.76,130892553.0,6.2,72,15482,4505,Jerry Owens,Christopher Benson
284,Traditional do,Thriller,2013,30-11-2013,UK,23698946.54,32070672.8,47977841.0,5140992.58,15249885.55,8.0,92,1219,1089,Amber Anderson,Patricia Keller
285,Can bad during,Drama,1996,29-03-1996,Canada,22111378.53,13300538.15,24830858.9,2444142.82,5933879.76,2.8,28,120472,107,Joshua Baker,Brian Mccormick
286,Goal care,Drama,1993,02-02-1993,USA,2353283.05,3779709.21,7485613.85,603546.4,1637977.81,7.2,66,2517,422,Brooke Morales,April Murphy
287,Base keep,Sci-Fi,2007,07-08-2007,Canada,106101.04,86778.8,192499.79,23248.46,48261.05,8.1,85,10175,58,Jennifer Atkinson,William Crawford
288,Resource laugh,Drama,2018,16-09-2018,USA,6708506.22,13488044.44,24815308.26,3748002.72,5860526.8,8.9,77,3113,102,Anthony Rowland,Danny Kline
289,Raise within,Drama,1992,27-09-1992,France,252795.25,604067.09,878318.98,65102.08,330322.8,5.7,58,2974,123,Oscar Santos,Tracy Klein
290,Maybe,Action,1983,10-05-1983,USA,15615816.9,10096479.31,17617626.94,2922726.86,4863152.51,5.3,42,305,50,Crystal Harris,Daniel Thompson
291,Work,Action,1966,11-10-1966,USA,136497.62,127704.67,245198.02,36234.57,67258.91,8.7,86,985,6677,Dr. Michael Monroe,Daniel Hughes
292,Very store together,Drama,2006,12-12-2006,USA,12718286.13,33042499.62,49845327.71,4004025.99,13458234.67,7.2,55,37261,255,Benjamin Hudson,Krystal Cross
293,Child realize certain Republican,Action,1976,04-04-1976,USA,998778.71,2209134.78,4702379.87,411545.12,1023491.76,6.2,64,4716,215,Elizabeth Lane,Heather Williams
294,Yard accept language,Action,2023,07-08-2023,India,816280.5,1366789.46,3033666.75,356356.12,746128.47,7.5,58,657,131,Heidi Cisneros,Andrew Walker PhD
295,Force,Action,1988,22-12-1988,USA,900248.25,2290889.56,4266760.79,235920.1,1112630.77,5.9,64,819,1711,Sonya Clark,Jason Chavez
296,Guy also,Comedy,1987,29-09-1987,France,276375973.1,161908961.3,368781942.2,39732844.86,77254473.33,6.3,57,1353,204,Philip Simmons,Russell Martin
297,But board,Romance,1995,14-11-1995,USA,3869653.9,5851368.94,14393466.43,892815.52,3126268.94,7.4,68,1211,50,Kayla Young,Larry Bishop
298,Smile,Drama,2012,28-07-2012,USA,3558423.01,1664668.49,3558423.01,345299.59,859091.79,8.2,88,717,106466,Crystal Harris,Sabrina Massey
299,Key,Drama,1993,02-10-1993,USA,12196979.65,27087591.27,40218261.33,5019225.56,11988708.67,6.8,66,11757,1071,James Miller,Daryl Douglas
300,Sea remember myself,Action,2023,20-01-2023,India,1787183.63,1508299.06,2699219.33,307801.61,788012.23,5.7,55,220,11857,Benjamin Hudson,Amanda Lawson
301,Today bad time,Documentary,1984,18-12-1984,South Korea,1172771.38,2397792.45,3735363.24,592596.38,1270073.6,3.4,20,3870,6023,Bethany Rodriguez,Lisa Castro
302,Model western,Romance,2014,21-04-2014,USA,42525186.17,103943861.4,163993914.3,14066631.28,45031713.68,9.0,97,319,2059,Susan Farley,William Washington
303,Individual available,Documentary,1977,29-11-1977,USA,4926470.8,14912592.94,23266987.82,3147576.06,6369821.29,6.9,57,2588,3598,Karen Barrett,Richard Davis
304,Save moment,Action,1963,02-02-1963,USA,1437692.11,2229328.27,3781836.4,255348.37,1179286.8,4.9,50,2669,1658,Michael Manning,Noah Harrison
305,Particularly price,Action,1983,05-06-1983,USA,6117676.62,6190861.94,8852739.89,987212.75,2860587.47,7.2,89,1920,2066,Sean Howard,Becky Kerr
306,Hundred,Drama,1956,06-01-1956,Germany,9208512.52,10018158.5,14452127.45,1575279.41,4529615.97,3.5,36,2171,1300,Christopher Roach,Stephen Cooper
307,Available born whom,Romance,1968,20-10-1968,Canada,1500718.68,4882857.23,7445819.94,697327.12,2232657.98,3.2,29,183,50,Thomas Peterson,Ashley Gilmore
308,Include machine standard,Action,2001,24-03-2001,USA,15645358.92,26089451.52,47526622.49,7738418.34,14606766.17,6.4,64,227,944,Mark Brooks,Nicole Turner
309,Often be response modern,Comedy,2023,09-06-2023,USA,207234.63,356280.64,525929.25,90211.48,143777.6,7.0,100,174,5958,Barbara Torres,Michael Martinez
310,Nation receive ten through,Action,2021,30-04-2021,USA,16321771.83,14064784.12,27358737.39,3334913.42,7118635.81,4.1,53,850,2038,Melanie Olson,Melissa Morales
311,Role happy,Romance,1982,31-12-1982,USA,214259.21,419685.99,601268.61,69457.55,223830.9,7.7,78,331,1753,Daniel Rivera,Lisa Castro
312,Run serve,Comedy,1972,10-02-1972,Australia,2821155.44,3013125.99,7445033.01,467720.07,1591088.01,7.3,81,5697,399,Charles Lopez,Ian Williams
313,Paper himself fight,Comedy,2008,12-11-2008,India,17985593.97,13159200.97,23261226.29,2556561.11,5346198.55,7.5,78,40896,131,Karen Robinson,Kimberly Ramirez
314,Tax every east,Drama,1978,24-10-1978,USA,6042802.56,3628302.01,8436005.42,970154.61,2089187.17,6.3,62,192,8423,Heidi Cisneros,Amber Willis
315,Difference,Thriller,1993,24-05-1993,USA,42067175.07,72599070.63,106194619.3,13658825.73,40703728.62,5.2,40,2557,2231,Matthew Beck,Thomas Hill
316,Relationship defense,Horror,2004,28-09-2004,Japan,216041.79,199158.24,389457.04,59544.03,105786.63,5.9,53,1583,11482,Kristina Moore,Stephanie Ferrell
317,Religious teacher what,Sci-Fi,1988,01-05-1988,USA,10839239.81,4656018.06,10839239.81,1370339.18,2664977.74,8.4,91,6379,313,Heidi Cisneros,Ronald Herrera
318,Force interview fine,Action,1967,25-11-1967,USA,10385030.98,22435337.48,38932355.12,5994114.73,11605861.02,3.9,36,11775,1820,David Charles,Joy Huber
319,Memory blue,Comedy,1979,09-08-1979,France,58728743.66,79105502.42,146407094.9,21763669.85,38936144.52,6.6,89,7497,997,Kim Watkins,Sharon Brady
320,You charge,Romance,1970,03-06-1970,USA,6087017.03,3611777.74,6087017.03,1047314.4,1903568.78,7.4,75,18101,451,Jerry Owens,Nicole Dawson
321,Network off much,Comedy,2017,05-10-2017,USA,1953667.99,1266196.07,1953667.99,321208.18,550045.49,6.7,67,33660,29230,Amanda Montgomery,James Nichols
322,Build,Romance,2025,28-02-2025,USA,911830.98,973476.87,2271678.56,116221.16,401488.52,4.8,47,281,83,Samantha Campbell,Lucas Collins
323,Feel detail,Thriller,2015,21-09-2015,USA,669932.19,1041047.93,2426290.14,241880.9,450836.78,6.7,69,15705,117,Kelsey Ellis,Alan Mullins
324,Who,Romance,1994,04-03-1994,UK,47396134.27,70712276.81,104170069.2,14707322.95,30659304.95,7.7,100,10287,377,Amanda Montgomery,Pamela Frey
325,Present offer kid,Action,1978,03-04-1978,France,9924356.3,17438251.74,36443014.94,2585827.29,8111494.44,6.2,37,7124,2857,Colleen Willis,Samantha Vargas
326,West crime front,Sci-Fi,2003,16-06-2003,India,2718355.15,3827523.08,7625827.63,524312.95,1882622.19,6.6,52,2750,2815,Nicholas Murphy,Michael Martinez
327,Middle environment standard,Sci-Fi,1995,29-11-1995,USA,1254813.43,676020.86,1254813.43,138756.44,300892.12,7.1,56,1719,1756,Jennifer Miller,Cameron Pineda
328,Positive,Horror,1966,09-06-1966,USA,10810782.98,15907320.91,26673990.94,3820600.44,8535461.26,6.5,52,2302,804,Bethany Rodriguez,Jimmy Miller
329,Fund why key,Thriller,1961,01-01-1961,USA,898838.74,944538.66,1813450.78,150407.77,555824.45,7.2,64,5540,77,Kim Watkins,Jeffrey Holloway
330,Develop design,Sci-Fi,2016,22-08-2016,USA,6119677.36,13571083.54,20757128.17,3344262.65,5524301.18,6.2,63,758,477,Jeremy Ray,Kevin Fernandez
331,Risk marriage,Sci-Fi,2016,28-02-2016,USA,664338.51,1400527.85,2426949.66,147637.85,577824.39,7.0,76,950,7704,Ashley Medina,Daniel Thompson
332,Mouth,Romance,1972,26-06-1972,USA,1875729.82,5434677.34,8268987.58,1594317.15,2980986.9,8.9,78,1632,1916,Jeremy Ray,Becky Kerr
333,Write half water,Horror,2017,03-04-2017,India,2267410.19,5730027.57,9351908.79,1121053.32,2834714.7,6.5,73,1430,5404,Heidi Cisneros,Kelly Horn
334,Daughter just simply,Thriller,2001,05-04-2001,USA,9007702.7,23466928.95,42518740.85,6325917.71,13712255.79,7.1,59,10583,650,Jordan Orozco,Olivia Ortiz
335,Bag ago there,Romance,2003,19-02-2003,USA,6208337.29,11859144.21,23313401.99,1688152.82,6707707.74,7.2,62,14096,153,Jessica Rodriguez,Teresa Santos PhD
336,Hundred term identify,Romance,1979,07-01-1979,USA,15510741.58,9628134.61,22289534.27,1079256.91,3893903.18,10.0,100,8371,334,Donna Hall,Amanda Jenkins
337,Hotel development animal,Action,2002,14-06-2002,Australia,229206.89,632135.43,910095.59,180304.57,363084.28,7.5,97,157,50,William Carpenter,Thomas Hill
338,Another activity,Action,1992,30-07-1992,USA,12816490.67,12972345.91,18985018.54,2101233.26,6678173.76,10.0,100,28650,50,Nathan Bolton,Lucas Collins
339,Son thought,Action,2021,28-12-2021,India,9051272.49,4361124.48,9051272.49,1160374.64,1982761.09,5.8,67,21032,136,David Charles,Christina Buchanan
340,Month outside,Romance,2025,24-08-2025,USA,4621726.05,8764595.82,14596050.33,1743455.2,5070751.97,4.6,39,176,76,Francisco Ford,Cody Peters
341,Material name,Action,1978,14-01-1978,USA,1277380.64,2147992.17,4189613.53,510248.41,1023981.15,6.2,60,3120,3697,Suzanne Gonzalez,Sarah Ross
342,Seek live nature,Documentary,2009,21-11-2009,Canada,11488750.97,28195676.97,44396904.01,5182904.96,12321347.06,8.0,78,4836,133,Donna Wagner,Trevor Lee
343,Admit,Horror,2005,24-08-2005,Japan,3895629.42,3409490.51,8157209.41,490699.73,1668114.87,7.4,62,2762,469,Raymond Morris,Joseph Gonzalez
344,Raise from,Romance,2020,20-07-2020,USA,3002309.54,1855034.38,3002309.54,428376.43,894058.29,3.6,34,7421,50,Darlene Murphy,Shawna Bryant
345,Despite east law,Drama,2012,09-05-2012,UK,632797.0,1655722.68,2389766.85,245998.93,809387.04,7.6,78,1128,463,Charles Lopez,Melissa Cunningham
346,Morning stop front,Romance,2014,01-02-2014,USA,726805.68,1770475.37,3357074.67,199780.57,832976.72,8.2,98,6264,59,William Banks,James Nichols
347,Experience begin,Comedy,2022,15-12-2022,UK,66793875.34,87619339.41,148910926.7,15868203.7,41245905.76,4.5,34,2162,1496,Philip Simmons,Christopher Hurst
348,Player hair hear partner,Comedy,1962,01-01-1962,USA,569229.65,668602.63,1295132.45,161606.98,307416.08,6.2,72,7945,3263,Anthony Henry,Sydney Jordan
349,Go official,Romance,2019,03-07-2019,USA,2013347.09,5993824.3,9071006.55,1395925.91,2686386.1,7.2,67,3302,160,Adriana Campbell,Jorge Thompson
350,Important call method,Comedy,1995,02-05-1995,USA,10768413.81,8479772.11,19979201.92,1590779.57,3553858.35,5.0,44,631,11533,John Jones,Chelsea Armstrong
351,Should although growth,Drama,1970,14-02-1970,USA,25952841.65,22041595.18,35640083.62,4588960.36,11443428.13,7.5,66,841,50,Diane Skinner,Melissa Cunningham
352,Fire focus job,Drama,1992,19-11-1992,USA,41214104.08,75236445.92,139171345.3,13330688.85,37202522.54,7.2,60,2006,424,Seth Whitehead,Meghan Johnson
353,Push analysis financial wonder,Action,2025,04-05-2025,UK,2431585.06,4600898.21,8038835.24,1060691.19,1996412.11,6.5,62,595,1388,Donna Wagner,Brittany James
354,Hope guy science,Action,1986,31-05-1986,USA,5470744.24,9494280.51,22271027.37,2634558.94,5615652.11,6.3,51,4032,753,Diane Skinner,Sheila Dunn
355,Certainly space nature,Comedy,2006,13-03-2006,USA,1536997.12,1268887.5,2104454.73,379974.1,625044.91,7.2,69,46242,227,Seth Whitehead,Mark Crosby
356,Same even,Drama,2022,12-06-2022,India,8769325.97,5988786.44,10628087.95,1422195.84,3370694.04,6.6,57,3769,125,Chad Koch,Tami Miranda
357,Although most,Thriller,1990,20-01-1990,USA,2375111.23,2206834.88,3896513.98,396333.06,909838.52,6.7,69,793,1351,Charlotte Williams,Karen Shaffer
358,Themselves line,Drama,2009,16-12-2009,USA,1739236.73,4058243.23,6447030.68,1202337.23,2430903.08,8.0,82,4479,2040,Jeremy Davis,Jennifer Hall
359,There price condition,Drama,1970,20-12-1970,USA,483104.47,417782.74,734891.33,124573.9,177928.24,4.2,29,767,847,David Perez,John Barker
360,No picture scientist,Thriller,2019,11-08-2019,USA,5801845.8,9020887.96,13694929.69,1564678.04,4852097.75,7.7,76,4240,769,Lori Callahan,Morgan King
361,List past,Horror,2020,20-03-2020,USA,16111777.29,10854054.47,21649186.11,2358559.3,5542687.39,4.8,37,871,9208,Sharon Wilson,Vincent Suarez
362,Maintain administration,Drama,2015,18-07-2015,USA,92408074.9,143834109.9,275913851.9,30866631.02,74677172.5,7.9,70,22886,1308,David Lee,Melissa Lopez
363,Reason,Drama,2005,31-10-2005,USA,2038730.54,938531.68,2038730.54,159796.95,547250.0,5.8,50,169,375,Ashley Medina,Olivia Ortiz
364,Later law into,Action,2009,18-10-2009,USA,2171332.37,1329810.65,2171332.37,331926.59,687642.25,8.5,90,3408,2922,Melissa Cohen,Mark Morris
365,Unit end,Sci-Fi,1999,15-08-1999,USA,1185087.7,716993.45,1185087.7,73421.45,348535.66,7.7,78,3250,1746,Philip Simmons,Chelsea Armstrong
366,Trip ready,Comedy,1967,05-05-1967,USA,1000236.15,1231625.2,2943605.89,301286.49,649464.67,3.4,28,14835,312,Andrew Chambers,Lorraine White DDS
367,Black behind yes,Comedy,1999,31-03-1999,USA,1004313.68,1848697.36,3472667.91,492519.68,906392.8,7.5,80,128,286,Claudia Smith,Jennifer Hendricks
368,Agree by since,Drama,2019,03-04-2019,USA,418392.47,339046.86,826236.23,76511.9,161427.94,2.9,40,4606,102,Benjamin Ray,Michael Torres
369,White fine house,Drama,1964,11-11-1964,India,4876699.5,12704160.09,22256778.09,3371543.01,7587906.06,8.8,72,59972,110,David Hall,Leonard Contreras
370,Home factor front time,Documentary,1957,04-06-1957,USA,5972759.9,10773614.62,16459145.29,3002476.83,4499344.29,5.2,61,222,1960,Anthony Rowland,George Green
371,Down say nature,Drama,1971,27-05-1971,USA,1274299.14,2549503.66,5495788.37,555222.53,1277132.48,4.4,33,3773,80,Robin Hooper,Timothy George
372,New customer service,Sci-Fi,1956,18-06-1956,Canada,1423807.08,1663152.84,3840158.56,197431.42,813727.97,3.6,32,4538,3014,James Miller,Nicholas Richards
373,Learn race maintain,Comedy,2020,29-04-2020,USA,4508046.7,3355783.51,5088973.25,802592.27,1422181.84,8.9,77,3047,50,Vanessa Fox,Kathryn Stevenson
374,Start road city,Sci-Fi,1990,21-02-1990,USA,5148700.04,6781161.31,11345238.47,1424637.92,2727379.15,6.0,60,12748,50,Kayla Young,Shannon Hunt
375,Best author well,Thriller,1990,14-05-1990,USA,11204803.6,4633486.9,11204803.6,1274229.48,1919297.98,7.3,81,4357,318,Paul Weiss,Becky Kerr
376,Generation south tough behind,Documentary,2014,16-11-2014,USA,4485198.27,11101827.36,16748520.73,2249258.53,6560798.7,7.7,74,1826,240,Darlene Murphy,Terry Martinez
377,Charge very,Romance,2017,17-09-2017,USA,5000453.02,9848042.36,22609012.9,1955720.07,5054480.34,7.1,81,1565,325,Diane Skinner,Dennis Perry
378,Bit public them,Comedy,2017,11-02-2017,USA,493873.06,327949.98,787626.4,94108.03,192702.01,3.8,36,14231,1008,Sharon Wilson,Christopher Green
379,Begin have care,Drama,2022,08-06-2022,Canada,6109814.88,6980980.49,14563261.05,1514625.44,3726947.5,6.7,78,303,50,Janice Taylor,Robert Walker
380,Report glass arm,Comedy,1970,07-08-1970,USA,2067942.27,4990994.17,9185932.28,959523.63,2075735.55,5.8,65,493,503,Kim Watkins,Kathryn Hunt
381,Space,Drama,2004,14-09-2004,South Korea,901943.02,2723506.42,3899627.75,775137.58,1106654.12,2.9,16,4807,1121,Barbara Torres,Douglas Bullock
382,Foot today,Sci-Fi,2020,19-02-2020,USA,12811370.74,16136950.25,27776457.32,2901398.84,8043616.85,6.0,53,8192,7379,Mrs. Hannah Campbell DDS,Rodney Smith
383,Control sell fast,Horror,2015,22-07-2015,USA,622937.08,732080.44,1360157.11,114442.58,383593.91,4.8,19,1102,75,Tara Underwood,Kristy Faulkner
384,Material between get,Comedy,2015,25-08-2015,Japan,105722.08,98733.76,175205.04,10946.13,42471.83,5.0,65,3181,13409,Faith Franklin,Timothy James
385,My look,Drama,2008,10-04-2008,USA,6746679.16,15452683.23,27974009.19,2756247.99,7664345.97,5.0,65,271,207,Albert Phillips,Heather Williams
386,Likely town,Comedy,1968,30-11-1968,India,46875864.83,95437427.05,168860592.2,13937783.4,51911527.76,8.7,81,4791,357,Bethany Rodriguez,William Washington
387,Law prove kid,Drama,1957,25-09-1957,Canada,1880268.18,5772902.95,9284225.37,1639524.76,3162880.6,6.8,68,1079,1012,Robert Webster,Lisa Castro
388,Close piece,Comedy,2017,22-07-2017,USA,1121635.06,2102054.59,4200534.23,428401.34,945122.06,5.8,58,2036,50,Jennifer Atkinson,Paige Gonzalez
389,Let notice my,Romance,2022,08-06-2022,Japan,364610.13,831642.26,1642788.32,177058.74,473387.42,6.6,70,4303,427,Seth Whitehead,Amber Willis
390,Store blood through,Drama,1978,14-03-1978,USA,637462.56,1689890.74,2884577.37,470098.86,933842.07,4.4,40,1224,352,Mr. Drew Clark Jr.,William Brooks
391,Bring meeting,Drama,2010,19-12-2010,USA,2095441.9,858453.59,2095441.9,97628.93,411205.7,8.5,79,530,2185,Michael Manning,Ronald Thompson DDS
392,Assume recognize look,Romance,1997,20-10-1997,USA,7085970.06,4609937.06,10929184.26,549131.58,2123540.81,6.0,60,3697,471,Renee Campbell,Nicole Turner
393,Can bad during,Action,2007,03-05-2007,USA,8485817.86,12705093.85,29316728.27,2030080.59,7068634.17,4.9,32,2145,684,Oscar Santos,Eric Cooper
394,Develop movement,Action,1979,07-01-1979,USA,1736125.4,2169289.58,3149166.84,501093.61,1177848.91,6.8,68,14650,24390,Charles Lopez,Valerie Dennis
395,Artist others,Drama,2017,24-09-2017,USA,965166.49,1264627.49,2821349.22,268158.01,646903.27,7.4,71,553,1542,Denise Horne,Jamie Cunningham
396,Cup half near,Romance,1996,24-12-1996,Japan,33091269.46,41294517.06,96604383.78,9317793.19,16959524.29,9.3,92,3930,50,Melissa Hernandez,Alexander Haley
397,Middle can call,Horror,1994,24-10-1994,USA,1577225.91,1042865.18,1912034.19,174552.2,554596.49,7.4,90,13118,659,Jennifer Atkinson,Pamela Frey
398,Even doctor learn little,Drama,1992,10-02-1992,USA,1983360.64,4370577.83,9327293.08,516362.72,1841175.89,3.6,32,3959,131,Jason Jones,Nicole Turner
399,Strategy boy nor,Comedy,2023,12-01-2023,USA,9640630.7,11659757.76,18083719.47,1596047.14,6620750.05,5.4,52,1753,352,Donna Hall,John Jones
400,Guy employee,Comedy,2012,18-10-2012,USA,100000.0,324909.59,474779.07,83630.65,153108.38,6.2,40,1363,33012,Matthew Beck,Melissa Melendez
401,Sea much politics management,Documentary,1993,24-02-1993,USA,13341339.51,17453728.22,26450209.33,1950908.78,9459172.04,7.7,86,4211,4929,Jordan Orozco,Robert Reynolds
402,Event along also,Documentary,1950,28-03-1950,Canada,6034503.67,17819212.12,28450892.84,4357652.02,10138388.43,6.8,96,40838,1352,Sonya Clark,Sabrina Massey
403,My spend,Thriller,1990,08-04-1990,USA,7717659.6,5212121.9,7717659.6,1208183.04,2379314.98,9.1,100,10747,351,Faith Franklin,Samantha Sanders
404,Chance interest,Romance,1976,28-11-1976,USA,8768846.25,13427155.17,27339812.39,2045907.62,6466113.61,1.9,15,1824,913,David Rosales,Lauren Richards
405,Month outside,Drama,2018,03-04-2018,Australia,94793570.03,88006677.62,153665535.6,15026314.88,45128304.15,4.4,37,2196,1845,Dr. Jonathan Long,Cody Peters
406,Fear article take,Romance,1989,03-12-1989,China,1306636.97,755612.66,1306636.97,176494.89,397656.64,8.5,90,1688,96,Joseph Willis,Joel Hunt
407,Big television fear car,Thriller,1965,11-03-1965,USA,4647087.06,5998098.32,9121228.51,662672.42,2868397.15,7.8,71,7775,936,Renee Campbell,William Prince
408,Name tonight,Romance,1997,21-06-1997,Australia,4219197.96,2833789.7,4219197.96,796499.71,1687904.21,5.0,32,2037,50,Jeffrey Myers MD,Brandi Moon
409,Charge area,Romance,2017,22-07-2017,USA,15003612.11,10285675.94,19570649.6,1656726.62,4293836.32,6.6,68,5467,674,Abigail Robles,Becky Dean
410,Admit media,Drama,2018,09-09-2018,UK,86627971.61,71581390.43,124799507.8,9053263.84,34651980.95,8.7,75,1717,50,Jennifer Atkinson,Casey Lloyd
411,Approach yard military,Thriller,1996,05-12-1996,Canada,6847585.38,3703040.6,6934723.47,983307.91,1881234.58,8.2,86,1137,165,Michael Ross,Eric Obrien
412,Foreign night staff,Drama,2005,09-04-2005,USA,2060976.24,3399508.86,5684506.07,891907.61,1443338.62,6.8,61,2831,1709,Gary Simmons,Mrs. Stephanie Palmer
413,Nature avoid generation,Drama,1977,07-01-1977,USA,835043.72,513708.92,835043.72,144362.01,208136.74,7.4,77,1146,342,James Wright,Ashley Pena
414,Only six,Horror,1987,21-02-1987,USA,8861375.19,13254377.78,23029294.81,2658971.28,6782757.35,5.3,65,9388,50,Darrell Carlson,Shawna Bryant
415,Attention detail,Action,1995,08-09-1995,Germany,2181638.8,5580666.07,9723632.32,1233754.82,2778011.38,4.2,57,2246,649,Abigail Robles,Diane Jacobs
416,Reality thank,Horror,2011,07-07-2011,USA,102157.13,50782.67,114703.98,7154.13,23353.71,5.5,49,128194,1935,Gary Simmons,Sharon Brady
417,Simply form case,Romance,1964,29-09-1964,China,276018.44,736912.86,1186403.69,156214.86,391710.72,7.3,65,1305,1502,Jessica Gonzalez,Lynn Pierce
418,Manager themselves,Drama,2011,20-10-2011,USA,2177577.14,2618587.84,6218711.56,443035.9,1269192.05,6.0,55,33200,68,Crystal Harris,George Green
419,Theory shake,Comedy,1997,30-05-1997,India,626450.53,616915.39,1108332.56,136660.62,350441.6,6.9,69,5921,50,Adam Brown,Victoria Phillips
420,Short here,Horror,2008,05-04-2008,USA,6628840.92,4206582.4,6628840.92,874449.52,2377541.33,7.3,80,100,2369,Daniel Brown,Jennifer Leach
421,Ball allow,Comedy,2003,26-07-2003,USA,1968339.95,2603014.58,5719218.21,490462.88,1144691.96,7.9,76,335,2434,Abigail Robles,Douglas Davis
422,New assume,Drama,1979,05-04-1979,USA,733299.32,556126.67,1028474.89,131041.35,322515.84,6.9,66,2794,777,Rachel Kirby,Greg Ball
423,Her character,Drama,1983,24-04-1983,USA,743744.63,2090871.12,3187513.48,340462.08,881311.59,6.5,69,314,12102,John Jones,Ronald Herrera
424,Another behavior,Action,2005,12-06-2005,USA,6414229.63,13292632.36,20072661.73,3618674.56,5932983.89,6.5,64,21280,36496,Brandon Fuller,Tonya Campbell
425,Likely cut follow feel,Comedy,1989,21-03-1989,UK,5430822.83,6140228.82,9063001.41,1701886.64,3267783.89,5.2,54,2968,485,Brian Robinson,Anna Vasquez
426,Star painting,Documentary,2011,04-01-2011,USA,9638677.05,7693598.83,18050043.05,1553443.27,3736723.77,6.8,73,2257,93,Mr. Jorge Anderson,Lisa Castro
427,Contain common,Drama,2023,08-02-2023,USA,1450661.91,765388.61,1560425.66,120457.9,458702.1,6.9,85,2110,340,Mr. Jorge Anderson,Melissa Cunningham
428,Model western,Comedy,2018,19-05-2018,USA,3297412.64,5900912.49,9071307.94,788250.69,3294614.08,6.8,73,5558,447,Crystal Harris,Joseph Leon
429,Company president media,Comedy,1986,24-12-1986,USA,16292293.81,25783843.44,52369686.9,4593763.55,10960276.97,6.4,67,6987,864,Denise Horne,Jorge Thompson
430,Fill garden,Action,1974,03-03-1974,USA,51848295.77,122917997.9,203575021.3,34508948.14,67728814.97,9.5,98,2782,1141,Robert Hendricks,Paul Glover
431,Man,Comedy,2008,19-06-2008,South Korea,402671.14,312672.6,644711.22,47689.28,159348.02,6.5,46,526,7929,Patricia Munoz,Chelsea Armstrong
432,Small majority,Comedy,2012,14-06-2012,USA,5028659.21,13567804.84,20228618.76,3270912.92,7050468.15,6.6,81,7249,3021,Ryan Tate,Krystal Cross
433,Large protect wish notice,Romance,2004,19-12-2004,USA,2501450.8,1395162.42,3372605.41,415618.62,666331.03,7.4,70,3168,4370,Samantha Campbell,Pamela Frey
434,Recognize fine shake,Comedy,2003,28-04-2003,USA,10626342.86,6300075.39,10626342.86,1496251.63,3112057.38,9.7,86,5089,50,William Walker,Cindy Barnes
435,Him argue spend,Action,1985,27-06-1985,USA,3808125.83,7145863.37,11718720.15,2048112.94,4185078.47,8.7,88,30685,528,Nicholas Murphy,Elizabeth Shannon
436,Pretty head,Thriller,1980,02-03-1980,China,909388.44,508985.74,909388.44,102850.32,203860.81,9.7,99,1038,1514,Sara Higgins,Andrea Bowers
437,Decide out performance,Thriller,1989,21-10-1989,Australia,1016154.81,557943.07,1285661.6,100415.05,274519.14,7.7,69,2902,582,Faith Franklin,Mark Crosby
438,Almost understand ever,Thriller,1979,04-06-1979,China,35484046.89,17243707.99,35484046.89,3555994.06,9765863.4,8.1,100,567,691,Mrs. Hannah Campbell DDS,Jimmy Miller
439,Trouble require positive,Comedy,2009,16-10-2009,USA,420779.93,905074.16,1577256.08,116188.75,411366.32,5.3,44,7685,50,Bryan Murray,Dr. Edward Smith
440,Clearly value our,Action,1984,23-10-1984,China,2816559.7,1505378.88,2816559.7,217085.91,666252.36,8.0,65,14188,180,Heidi Cisneros,George Green
441,Party full,Action,1983,13-05-1983,USA,21255297.91,30955356.59,53814670.28,6335185.34,13802399.37,6.6,58,1566,131,Jordan Orozco,Melissa Cain
442,Range role fall,Comedy,2006,30-03-2006,Canada,1606618.03,1592054.6,3040747.16,447564.3,919782.3,6.7,74,2745,1590,Joshua Morales,Holly Jones
443,Authority,Comedy,2000,07-05-2000,USA,4919547.57,12351229.0,19757491.66,1336830.95,7182829.61,8.0,100,3773,50,Caitlin Brewer,Nicholas Williamson
444,Room concern show,Comedy,2020,05-03-2020,UK,3766556.16,4902906.5,9160221.63,1419482.35,2918940.7,7.9,77,770,161,Karen Smith,Laura Wilson
445,Poor Republican,Drama,2023,11-11-2023,USA,2339841.29,4777024.23,8345622.75,1108795.94,2019822.16,7.1,75,991,296,John Jones,Brian Rodriguez
446,Above onto,Drama,2021,23-09-2021,USA,6537232.77,14520735.91,32128256.96,2692395.77,7399584.61,6.8,70,1192,221,Courtney Reynolds,Elizabeth Shannon
447,Act thus since,Thriller,2019,07-09-2019,USA,3213128.72,6991351.23,13933418.26,1585183.82,3918773.99,3.6,21,191,7821,Heidi Cisneros,Michael Ramirez
448,Society finally,Sci-Fi,1991,04-01-1991,USA,345786.14,250038.38,505592.97,50790.34,131615.07,4.2,48,4977,304,Heidi Cisneros,Lauren Horton
449,Three meet set,Drama,2006,27-02-2006,USA,6531160.06,13248033.81,26398433.45,1379392.57,6093141.63,5.3,55,163,330,Heidi Cisneros,Douglas Davis
450,Alone president,Romance,2016,24-09-2016,USA,2839228.79,5266689.85,12938308.95,742913.1,2579293.26,5.6,70,3792,1622,Tracy Tucker,Michael Torres
451,Try consumer,Romance,1998,16-03-1998,USA,7343355.5,5164793.42,12500798.53,1104625.56,2804560.63,10.0,100,17143,178,Benjamin Hudson,Eric Nelson
452,Control would finally,Thriller,1965,14-04-1965,USA,836693.56,2058597.64,3631007.54,337322.3,876849.99,7.2,76,48333,3311,Michael Richards,Mary Wolfe
453,Best feeling protect,Drama,1975,27-08-1975,France,899634.44,661651.95,1297135.29,152625.05,376055.83,4.4,58,1536,50,Jeffrey Myers MD,Michael Martinez
454,Investment detail,Comedy,1993,18-12-1993,India,5211069.09,3288256.92,5211069.09,985095.74,1622343.98,7.7,57,292,50,Mr. Drew Clark Jr.,William Brooks
455,Live physical,Drama,2012,26-01-2012,India,352633.69,625168.4,1415528.56,163202.7,352969.7,4.8,54,2237,3074,Adam Brown,Joy Huber
456,Little if result,Documentary,1996,14-08-1996,USA,1085567.29,2092094.61,4767779.31,402114.3,964184.36,6.6,81,2052,84,William Carpenter,Jason Mercer
457,Bank central song,Action,2022,23-12-2022,USA,989007.0,1804230.91,4275056.23,184212.82,725993.39,5.2,55,625,50,John Jones,Melissa Cunningham
458,Mrs step,Romance,2015,20-03-2015,USA,2130899.92,4597140.64,9337790.27,1299909.01,2095021.03,6.6,64,7317,2464,Janice Taylor,Joel Hunt
459,Father interesting,Comedy,1967,24-10-1967,USA,6099129.14,20158127.73,29907711.65,3293060.42,10482610.15,7.0,71,9137,3192,Nicholas Murphy,Jorge Thompson
460,Six imagine,Drama,2013,11-10-2013,USA,2041272.24,4993803.95,7868134.29,536216.5,2415363.26,7.4,68,15594,448,Joshua Baker,Kimberly Ray
461,Present recognize reduce,Horror,1975,24-07-1975,France,1728902.06,909928.0,1728902.06,146089.57,372109.41,3.9,48,2036,935,Caitlin Brewer,Kimberly Smith
462,Run him never,Horror,1953,23-07-1953,USA,34583220.33,50099182.98,85704371.67,8418333.61,22341172.09,6.8,89,4258,8414,Mark Moody,Samuel Bond MD
463,Action model,Comedy,2007,10-11-2007,USA,60929448.12,130596199.7,260545472.2,34192088.89,73917670.7,6.5,66,3045,223,Samantha Campbell,Olivia Ortiz
464,Any life,Drama,2007,14-09-2007,USA,13007765.48,29527084.61,63846215.42,6000631.24,13576905.97,8.2,76,568,2887,Eric Ramirez,Sheila Dunn
465,May treat group senior,Drama,1999,15-12-1999,UK,466687.42,1535195.73,2273339.34,239784.43,912970.01,5.3,58,6393,1281,Charlotte Williams,David Perez
466,Present appear see,Romance,2000,19-12-2000,USA,10026291.84,22013289.57,41311982.72,2751330.99,9253689.76,5.3,64,752,505,Joshua Morales,Patrick Barnett
467,Case environmental loss possible,Romance,1960,12-07-1960,India,1112078.76,1278165.4,2404713.26,146782.98,594921.54,7.0,62,1076,949,Shannon Ross,Mark Smith
468,Continue international,Horror,2018,28-03-2018,USA,13012089.49,12883281.03,22408135.89,2184865.72,7419331.59,5.4,46,3269,65,Eric Ramirez,Jeffrey Smith
469,Truth increase lead,Horror,2016,27-11-2016,USA,523075.91,763258.29,1806125.29,176991.44,408797.79,8.4,92,3588,215,Amber Anderson,Thomas Hill
470,Image paper,Action,1990,28-04-1990,USA,33677041.61,75891258.7,135360799.3,11676874.74,39884646.78,5.1,44,3285,503,Roberto Underwood,Christopher Hanson
471,Rock manager morning no,Thriller,1986,11-04-1986,USA,3020580.99,1701619.22,3020580.99,328150.49,1019733.11,6.9,68,1623,50,Daniel Brown,Scott Anderson
472,Brother article will,Drama,1953,26-01-1953,USA,2986600.91,4148420.47,7716411.88,897914.73,2233421.88,5.6,54,1856,62,Raymond Morris,Jimmy Miller
473,Nothing significant,Thriller,2023,08-05-2023,UK,31814289.82,22983355.04,49447448.73,2507613.65,12164798.17,8.4,76,5145,143,Mr. Drew Clark Jr.,Jacqueline Cooper
474,Partner at choose,Action,1987,23-05-1987,USA,8425653.97,14404602.67,23149503.44,1667852.83,7266345.51,8.4,68,3208,301,Mark Brooks,Adam Williams
475,Specific movie responsibility response,Thriller,2025,04-09-2025,USA,2839466.88,4500782.35,8390967.41,990063.0,1834414.73,5.7,53,7952,278,Kevin Green,John Strickland
476,Bed right,Drama,1979,04-07-1979,India,3478154.2,5786568.47,8879828.47,1069732.63,3203227.35,5.4,57,2931,402,Seth Whitehead,Laura Wilson
477,Keep far tough,Romance,1990,08-09-1990,USA,232662.91,189101.62,465127.99,32316.3,79262.2,6.6,68,1318,778,Sean Howard,Jimmy Miller
478,Television nor visit,Comedy,1994,12-03-1994,USA,245823229.4,605742625.7,885090493.7,101042815.0,354966734.6,4.9,46,443,27363,Robert Webster,Daryl Douglas
479,Ok single,Comedy,1950,13-04-1950,USA,1911022.98,3607312.96,8956253.98,438458.28,2148684.79,7.1,68,1233,101,Kim Watkins,James Nichols
480,Happen,Documentary,2001,07-05-2001,India,1245008.14,2252660.56,4155953.07,427402.37,996521.0,4.8,57,2468,198,Kristina Moore,Dennis Rogers
481,Keep realize its,Action,1985,11-11-1985,USA,1225128.56,1439651.13,2440061.33,182274.47,670759.24,8.0,97,1025,51,Thomas Peterson,Amanda Lawson
482,Perform thousand,Comedy,2008,30-04-2008,USA,1716132.22,4453204.84,8534022.16,766331.5,2213156.53,7.4,74,824,28730,Roberto Underwood,Tracy Klein
483,Common three size,Drama,2015,06-09-2015,USA,1253850.72,2117559.33,4907587.46,255341.83,1049518.31,7.1,65,20741,161,Sharon Wilson,Stephen Clark
484,All friend,Comedy,2006,14-07-2006,India,68070044.52,116786903.1,229000913.9,29634079.95,61051812.86,6.8,64,2628,1018,Sophia Gomez,Krystal Cross
485,Thing important staff,Horror,1989,29-08-1989,USA,979584.82,2566246.55,4862466.27,563675.3,1281461.57,9.0,100,22571,765,Jessica Singh,Derek Jones
486,Even expert,Comedy,1969,20-03-1969,France,3896040.29,4941869.51,10190618.4,750783.66,2632214.72,6.3,54,157,50,Joseph Willis,Steven Green
487,Wife once task,Comedy,2023,23-03-2023,USA,3569082.14,6630077.0,14211794.36,1071250.66,3510791.42,5.7,66,5579,214,Raymond Morris,Morgan King
488,Nature PM,Horror,2022,03-07-2022,USA,4909196.94,11113011.04,21182825.02,2157851.09,6601809.22,6.9,66,3336,94,Jacqueline Briggs,Theresa Cooley
489,Statement event,Romance,2000,05-07-2000,USA,1567779.37,4916448.8,7250357.02,1334872.4,2448141.68,5.1,44,535,333,Mr. Drew Clark Jr.,William Ramirez
490,Thing nor,Thriller,1994,03-02-1994,USA,4126334.69,11452755.28,20499584.53,1774257.78,4746162.42,6.4,68,1389,50,James Miller,Daniel Callahan
491,Option charge them,Documentary,1990,10-09-1990,Canada,5717262.62,11325320.31,26676545.92,2520274.88,4976875.17,6.6,51,6460,50,Kayla Young,Cindy Barnes
492,Political write huge,Romance,1970,12-01-1970,USA,9215165.18,5036127.61,9215165.18,811748.73,2032770.83,6.3,59,1714,5363,Rachel Hayes,Jessica Scott
493,Every indicate,Drama,2005,10-12-2005,USA,3181528.61,3125087.47,6750608.94,344926.57,1648383.38,6.3,77,1590,170,Karen Robinson,Tracy Klein
494,Leg cultural,Comedy,1962,11-06-1962,USA,123312.94,268714.36,537642.85,36555.39,132484.89,5.2,47,16484,302,Karen Barrett,Jennifer Hendricks
495,Practice career one,Comedy,1980,27-03-1980,USA,100000.0,199833.44,364913.64,43346.01,96537.77,7.4,79,921,905,Jeremy Davis,Lisa Castro
496,Sell democratic indeed,Thriller,2014,19-10-2014,USA,1147160.28,911586.89,1545776.32,246202.66,400424.21,7.5,83,1294,66,Jordan Orozco,Thomas Hill
497,Newspaper offer,Comedy,2023,23-02-2023,USA,1722015.11,4088755.25,6419792.01,718420.58,2316330.5,5.9,69,389,77,Adriana Campbell,Eric Perry
498,Prevent full,Romance,1988,26-05-1988,India,2721153.24,1392488.4,2721153.24,226859.02,659053.72,5.2,60,70929,204,Melissa Cohen,Ashley Reeves
499,Indeed force few,Drama,1994,28-09-1994,USA,6168377.88,4592322.27,7966217.62,884694.07,2453903.75,9.7,100,9157,447,Jessica Rodriguez,Michael Hughes
500,Whether land determine,Comedy,2024,05-07-2024,USA,14553621.37,22405340.1,32894015.94,4562153.67,11779547.14,8.8,78,5916,1186,Donna Hall,Sandra Brown
501,Successful successful four,Horror,2012,19-03-2012,USA,282020.9,614102.08,934485.91,73228.01,266460.0,7.1,66,20881,50,Michael Chung,Nicole Morales
502,View leave religious,Sci-Fi,1974,17-02-1974,India,7536353.74,8598076.24,16354885.64,1090926.32,4992995.03,4.2,56,5206,360,Jeremy Ray,Michelle Thomas
503,Water somebody,Documentary,2017,22-05-2017,USA,4075325.0,3138368.2,6689510.67,555477.47,1461930.84,8.0,72,2913,165,Elizabeth Lane,Daniel Hughes
504,Two history four without,Thriller,1985,08-04-1985,USA,1414898.67,1093232.45,2367999.36,251761.36,597513.85,4.5,25,1054,1156,Jennifer Atkinson,Kimberly Wolf
505,Some color their,Comedy,2015,28-06-2015,Canada,6550007.39,13712034.39,28069388.62,3765354.63,5547159.24,6.4,62,5181,50,Jennifer Henry,Jennifer Hendricks
506,Onto language left,Romance,2011,08-07-2011,USA,9153662.18,24497417.88,41924829.95,3144746.19,11469663.57,7.6,75,24736,849,Jennifer Atkinson,Derrick Smith
507,Keep he,Drama,1983,31-01-1983,USA,2053190.59,4259113.32,7557565.56,1012299.87,2155925.7,4.3,33,8019,112,Terry Lawrence,Seth Johnson
508,East night,Documentary,1951,02-02-1951,USA,1098657.41,2476875.88,4449587.06,441110.09,1452849.2,8.8,86,16228,351,Donna Wagner,Deanna Johnson
509,Since especially personal,Comedy,2007,13-10-2007,USA,868074.02,956210.77,1466388.86,105438.6,400709.16,6.8,63,2983,123,Charlotte Williams,Alan Mullins
510,Myself individual different,Action,1990,17-11-1990,USA,348441.79,238790.13,348441.79,53687.66,107329.23,5.8,66,266,50,Karen Barrett,Teresa Santos PhD
511,Artist recently interest on,Drama,1998,22-08-1998,India,2888015.1,1343612.78,2888015.1,346983.97,773121.37,7.9,93,5747,162,Samantha Campbell,Dustin Jackson
512,Statement event,Action,2025,27-01-2025,USA,1626066.94,2763776.2,5570179.58,613180.0,1276881.68,5.1,59,10166,5326,Troy Cochran,Matthew Simmons
513,Exist run technology,Action,2003,25-12-2003,USA,2119066.21,2461815.27,4252745.84,296461.49,1380592.72,8.3,98,7172,648,Rachel Kirby,Meghan Mcintosh
514,Quality report,Action,1998,22-07-1998,China,803238.68,1182594.68,1725324.48,216607.37,518755.42,6.9,63,13700,404,Elizabeth Lane,Jeffrey Sharp
515,Base buy,Horror,1968,16-03-1968,UK,2538648.83,4072801.83,8369878.99,1155458.37,1743202.05,7.1,60,3099,50,Megan Sharp,Kristin Cook
516,Society seat,Comedy,2019,24-11-2019,USA,2644416.96,6705173.61,11476121.78,1568616.28,3407799.45,8.6,100,7495,113,Claudia Smith,Jamie Cunningham
517,Threat whom,Drama,2021,27-08-2021,Canada,3338677.85,5959237.76,9886889.47,947462.55,3108041.14,7.5,79,2784,3395,David Charles,Jimmy Smith
518,Table pressure,Drama,2005,10-08-2005,USA,8901904.98,9768648.35,21206522.7,1622107.04,5513266.76,6.7,58,2568,154,David Perez,Ashley Gilmore
519,Forget thousand case,Action,1975,30-03-1975,India,3007061.02,2548611.06,5145982.59,307667.85,1115305.49,6.3,68,355,4864,Melanie Olson,Meghan Mcintosh
520,Clearly trip painting,Romance,1969,28-09-1969,USA,204897.55,118933.93,264294.86,23823.12,49414.85,6.1,59,7302,50,Denise Horne,Christopher Green
521,Probably election,Drama,2006,29-04-2006,USA,1154823.92,918205.06,2139339.78,189055.2,534314.65,7.5,69,666,50,Brandon Fuller,Melissa Melendez
522,Threat,Romance,1985,25-03-1985,USA,350432.27,922821.76,1503234.36,250604.75,451919.64,8.6,83,956,1717,William Walker,Peter Sanders
523,Collection design,Drama,2025,09-10-2025,USA,22321734.58,29925418.17,54742992.8,6151921.18,16906458.32,5.8,55,9293,107,Benjamin Ray,Dennis Perry
524,Couple,Comedy,2002,20-03-2002,USA,2564729.96,5537643.41,8321591.21,996816.47,2873298.2,5.9,45,2378,84,David Perez,Rodney Smith
525,Use least article,Romance,1988,18-06-1988,USA,430638.36,1147590.04,1825093.3,225828.43,525312.49,8.6,76,5574,12915,Samantha Campbell,Alan Mullins
526,Finish,Action,2002,11-01-2002,USA,2048439.76,4927377.78,8965668.61,1021711.97,2625645.26,6.0,55,3997,929,Brian Robinson,Nicholas Richards
527,Stock score significant,Action,2013,13-08-2013,USA,1640396.67,3042006.93,5995079.43,382266.16,1257766.09,6.6,55,1803,494,William Walker,Corey Johnson
528,Rise majority enter attack,Drama,2023,02-03-2023,USA,86165984.05,70044416.66,134465861.1,16377719.17,39218430.24,6.3,68,288,50,Sharon Wilson,Rachel Howard
529,More forward under,Action,1962,15-10-1962,USA,182488.71,382993.05,840581.04,105880.63,218311.09,5.1,39,3091,392,Donna Wagner,Seth Johnson
530,Watch kitchen amount rate,Thriller,1971,04-06-1971,Japan,837611.24,584851.26,837611.24,83805.61,324917.27,9.4,77,4056,1927,Amanda Cantrell,Joshua Walker
531,Politics lawyer,Drama,2020,11-10-2020,USA,5619113.52,12046968.11,19295519.02,1630139.32,6466691.04,4.8,59,18206,4061,Amanda Montgomery,Christina Buchanan
532,Agency force,Horror,2009,11-01-2009,USA,5180857.83,4979629.49,10361838.05,1406940.8,2023678.77,5.4,40,141,50,Emily Miller,Donald Benson
533,Foreign lose important interview,Thriller,1997,11-05-1997,USA,5163088.61,15591430.49,22862752.4,4446667.06,6441327.01,8.3,90,9058,780,Chad Peters MD,Timothy James
534,Imagine brother,Drama,1965,21-12-1965,USA,14174279.2,35192904.99,67537690.65,9528384.27,18470139.38,6.8,57,55014,434,Oscar Santos,Timothy George
535,Involve group,Comedy,2025,05-07-2025,France,69389367.11,163195264.9,296610398.5,31892696.78,73550692.31,6.8,69,1213,50,Vanessa Fox,Ashley French
536,Laugh rest six,Romance,2011,10-03-2011,USA,3607165.31,5067609.11,10156050.91,1113919.02,2181123.71,6.1,69,15133,98,David Morris,Dominique Aguirre
537,Team among,Comedy,1991,29-03-1991,USA,1289427.09,1111465.43,2757656.74,121509.05,649469.54,5.7,69,9163,50,James Wright,Kimberly Johnson
538,After positive,Comedy,1979,06-11-1979,USA,56719487.12,35819466.42,56719487.12,8114063.24,20261528.22,8.9,100,195,594,Brenda Smith,Melissa Cain
539,Mention six officer,Thriller,2009,24-10-2009,UK,1505416.19,2698410.05,6279374.69,680702.57,1572404.89,6.3,55,443,628,Dr. Michael Monroe,Jason Chavez
540,Worry set hot,Drama,1969,10-01-1969,USA,5201078.42,4561973.18,7059362.22,1322680.25,2277894.89,9.8,100,519,1444,Jennifer Miller,Stephanie Moore
541,Seat product,Action,1969,05-03-1969,China,929642.18,1923240.82,3333229.85,285492.97,1003957.85,9.7,84,5659,3700,Kristina Moore,David Clark
542,North police,Romance,2005,10-04-2005,Germany,263614.85,159140.21,263614.85,20455.03,81954.27,7.0,67,703,2832,Sonya Clark,William Ramirez
543,National,Action,2023,22-01-2023,USA,1947925.64,3655074.53,8097797.74,947944.02,2101883.77,6.4,52,1790,114,Lisa Atkins,Joshua Walker
544,Way able,Drama,1964,01-01-1964,USA,12160296.3,19497370.41,43584334.13,2936319.43,10366008.61,8.5,71,4500,485,Francisco Ford,Sabrina Massey
545,Family now trouble financial,Thriller,1996,11-02-1996,UK,2334582.19,4043790.36,9313771.92,1140703.75,2032308.78,5.3,47,392,3360,Bethany Rodriguez,Sarah Nelson
546,Order,Comedy,1999,12-12-1999,USA,2612750.85,3227881.83,5659172.25,558163.19,1689675.44,5.7,65,34959,209,Jeremy Ray,Richard Davis
547,Toward kitchen science,Comedy,1995,02-03-1995,USA,45201608.15,57211086.87,124862023.6,6099853.95,32664320.85,8.9,100,25034,55,Caitlin Brewer,Robert Walker
548,Represent,Documentary,2018,09-08-2018,USA,111145.05,198298.83,347573.05,25019.88,92522.86,8.6,82,6440,200,Benjamin Ray,Dawn Blake
549,Nature should,Action,2001,15-05-2001,USA,777375.55,2331112.21,3531000.0,413678.52,1015900.02,10.0,100,2811,8032,Amanda Montgomery,Sharon Riley
550,Child until political,Drama,1978,21-03-1978,Australia,1529102.1,1024307.54,2062817.55,157304.85,585236.17,8.3,65,12533,225,Jonathan Evans,Olivia Ortiz
551,Need morning suddenly effort,Romance,2001,15-09-2001,USA,6458624.1,17633213.13,27023846.67,4794894.63,7263977.56,6.0,64,1126,757,Denise Horne,Sharon Brady
552,War base,Action,2018,08-03-2018,USA,5783372.28,15646863.63,26446212.6,2172584.22,7094922.03,5.4,39,383,98,Joshua Morales,Douglas Bullock
553,Mission civil care law,Action,2021,16-02-2021,USA,2596022.38,1439299.32,2596022.38,232161.56,659264.88,5.8,49,1387,74,Mrs. Hannah Campbell DDS,Mrs. Stephanie Palmer
554,Activity information to,Comedy,1969,02-06-1969,India,3171474.66,6577479.53,9649221.5,1281166.64,3486472.76,5.4,48,10740,2040,Terry Lawrence,William Brooks
555,Understand chance run,Comedy,2020,09-11-2020,USA,5527110.31,5328145.58,8709799.1,1545619.52,2974491.33,7.3,70,1780,50,Diana Davis,Robert Garcia
556,Simple turn policy then,Sci-Fi,1979,04-09-1979,USA,34990137.49,67546372.03,116308941.5,13370904.58,39218552.22,7.0,74,5893,1454,Brandon Fuller,David Martin
557,Agreement wrong,Drama,1968,28-09-1968,Australia,3151423.74,4485884.53,9593627.85,713927.4,2560996.36,5.3,52,2365,101,David Rosales,Brandon Mcguire
558,Describe pull,Drama,1987,04-06-1987,USA,432335.99,590378.34,1060438.42,101723.42,286529.06,5.1,42,1369,105,Caitlin Brewer,Catherine Willis
559,Position arrive discuss,Documentary,1994,29-03-1994,USA,2469597.15,1231412.75,2987502.63,337993.26,500112.93,5.5,63,4070,672,Benjamin Hudson,Adam Montes
560,Course now,Thriller,2022,16-09-2022,South Korea,1202565.86,2263004.35,4644406.61,409359.38,1128010.86,5.2,55,4056,554,Suzanne Gonzalez,Miss Jennifer Parsons
561,Door design appear,Drama,1978,24-05-1978,France,163737.96,344114.97,507385.63,83044.16,150089.16,6.5,72,2824,218,Amanda Cantrell,Samuel Bond MD
562,Difficult candidate,Action,2023,04-03-2023,USA,3690495.33,4828211.76,9960941.34,804247.61,2773484.44,8.1,81,187,3616,Nathan Bolton,Rebecca Mejia
563,Rest,Horror,2001,08-07-2001,France,30165385.76,41665471.84,80587106.46,12496482.35,22387207.77,3.7,44,1830,4462,Philip Simmons,John Perry
564,Leg else,Sci-Fi,2025,04-12-2025,Canada,219174.69,129699.49,290706.74,29572.35,58088.08,6.5,70,12019,154,Sean Howard,Michelle Thomas
565,Story at also region,Drama,1999,15-08-1999,India,858409.08,2381201.45,4254504.51,279329.67,1305971.35,7.0,71,36874,2068,Janice Taylor,Robin Dawson
566,Common toward,Thriller,1985,21-09-1985,UK,4397537.92,5481982.18,8704735.12,1208938.02,2636218.35,8.5,99,335,416,Darrell Carlson,Joseph Gonzalez
567,Exist run technology,Thriller,1982,04-03-1982,India,8060921.44,16179465.97,35654999.77,4522246.95,7857957.45,4.8,31,841,739,Ryan Tate,Christopher Green
568,Necessary much,Sci-Fi,1973,10-06-1973,USA,74624612.84,38953930.0,74978594.49,4496723.78,20129559.63,4.6,35,9428,963,Jennifer Atkinson,Jennifer Cook
569,Involve who,Documentary,2002,17-01-2002,USA,2181000.93,5297147.28,8394386.26,1192409.29,2851509.79,6.9,65,1321,228,Michael Manning,Chad Santiago
570,Pretty administration,Thriller,1957,08-04-1957,USA,836361.35,1644996.61,3682544.59,390899.64,767555.76,7.7,66,3391,342,Darrell Carlson,Ryan Hood
571,Whose speech,Drama,2007,06-12-2007,USA,2208157.72,1563039.79,3245377.59,353520.0,769977.52,6.8,75,269,281,Jeremy Ray,Kimberly Ray
572,Show paper,Thriller,1998,10-06-1998,USA,3247419.84,2919371.03,6339373.36,720010.26,1501524.79,3.5,35,6367,149,William Carpenter,Eric Nelson
573,Throughout message,Romance,1990,16-08-1990,India,2477172.8,4860933.44,10336200.25,1292237.76,2012203.81,6.8,89,4289,96,Joshua Baker,Gabriel Mathis
574,Off guy news,Thriller,2016,11-06-2016,USA,1329744.06,2585272.0,6205364.51,260573.96,1365003.34,6.5,77,11761,1956,Jennifer Miller,Mrs. Stephanie Palmer
575,Stage,Drama,2009,13-05-2009,USA,81122949.35,49094995.77,118170759.5,11863073.71,23896177.95,5.4,49,692,5114,Alyssa Adams,Samantha Vargas
576,Point price central public,Action,2017,25-12-2017,USA,991502.47,2714590.26,4328909.8,353303.53,1468260.94,5.8,56,1836,799,Kayla Young,Melissa Morales
577,Benefit teacher,Drama,1993,31-03-1993,USA,1086528.91,1591691.77,2551284.15,252025.89,718662.46,8.1,87,2356,35769,Kim Watkins,Eric Nelson
578,Day,Drama,1990,22-03-1990,USA,2210109.31,5093535.78,7582609.18,1329010.57,2159989.36,7.2,59,30764,278,Bryan Murray,Jennifer Moore
579,Mr think full,Thriller,2023,29-03-2023,USA,2006000.95,3292940.68,7623238.88,931013.94,1927358.64,8.3,72,2290,858,Hannah Camacho,Brian Gentry
580,Surface game,Horror,2022,11-09-2022,USA,1745307.2,2712067.81,6663301.86,705770.84,1259304.99,6.2,59,57586,163,Tyler Sanchez,Tyler Cooper
581,Fire scientist,Drama,2022,18-08-2022,UK,2413086.43,3973188.78,8984017.29,472556.32,1980530.04,7.1,97,1687,210,Jennifer Henry,Sydney Jordan
582,Address cup,Romance,2016,11-06-2016,UK,14436053.38,29425687.9,58834164.48,8441450.5,11814404.94,6.4,58,69898,18018,Joseph Willis,Jorge Kennedy
583,City outside,Comedy,2009,24-11-2009,USA,994506.87,541151.94,1266102.81,95925.83,225218.61,7.1,71,10206,3589,Nathan Bolton,Jennifer Hall
584,Use area many,Drama,2023,21-11-2023,USA,4986615.53,10818182.35,22001432.77,2479447.99,5683582.02,5.5,69,22205,173,Melanie Olson,Mckenzie Perez
585,Hand always,Comedy,2014,13-02-2014,USA,4052703.98,11399555.34,17149552.53,2801026.66,5020310.83,6.5,60,743,165,James Wright,Amanda Rivas
586,Grow president,Romance,1980,07-06-1980,USA,716739.19,1030051.18,2089896.45,130804.33,418388.86,7.7,79,6610,239,Joshua Morales,Melissa Mcgee
587,Increase continue somebody,Action,2011,04-11-2011,USA,19648975.13,12288924.2,29778444.38,1404090.09,5100806.02,6.2,72,11772,106,Dr. Michael Monroe,Kimberly Smith
588,Model western,Drama,1984,21-05-1984,USA,770862.63,1475169.46,2173483.57,174135.93,715239.45,8.7,93,2277,208,Anthony Henry,Dominique Aguirre
589,Bank much,Comedy,2014,02-09-2014,USA,1991278.27,3766626.07,7229323.75,751542.35,1589668.51,6.6,62,626,50,Kayla Young,Melissa Lopez
590,Red budget nothing,Romance,1980,01-07-1980,India,6683655.18,5339486.25,8395382.7,1094126.98,2579523.3,6.7,58,3347,3687,Elizabeth Lane,Mark Morris
591,Floor recent,Romance,1977,21-04-1977,USA,19765301.26,34241087.31,68950818.38,10016804.31,20232809.23,4.3,39,5697,971,Anthony Rowland,Monique Harris
592,Involve produce,Documentary,2015,21-11-2015,USA,2072383.1,5093904.77,7913856.42,526530.93,2828050.11,7.6,79,831,100,Christopher Roach,Brenda Wheeler
593,Woman tax,Drama,1990,21-04-1990,Canada,4134102.48,4160023.62,6116478.46,1178080.33,1732271.13,8.8,90,728,79,Rachel Hayes,Lynn Pierce
594,Total enough company,Romance,2016,28-05-2016,USA,32595388.58,20879570.55,32595388.58,3037703.7,10757755.57,6.0,71,1714,104,Carolyn Schwartz,Jessica Scott
595,Garden prepare both,Drama,2002,18-07-2002,USA,6891344.11,11577640.73,25874843.12,2835204.08,6294590.72,7.4,90,1062,149,Abigail Robles,Sandra Spears
596,Project,Drama,2020,08-08-2020,UK,177220.72,376174.42,615111.83,66556.16,185647.81,3.9,39,9041,50,Colleen Willis,Cody Peters
597,Already mission,Horror,1972,21-03-1972,USA,4224340.89,9940701.32,17827722.21,2670470.13,5193907.05,5.6,63,2626,824,Sean Howard,Veronica Mills
598,Attorney trade environment,Drama,1997,09-11-1997,USA,492957.92,350987.22,816009.96,36367.18,155043.65,7.3,76,3936,643,Albert Phillips,Sierra Brooks
599,Foot doctor under style,Horror,2018,07-02-2018,USA,7915071.02,16406287.59,30319805.53,2715158.9,8282544.46,4.5,58,2449,237,Melissa Cohen,Eric Obrien
600,Director you,Sci-Fi,2001,25-07-2001,USA,4811472.83,9141396.29,18357456.88,1969729.76,4099059.91,8.5,80,37867,1533,Daniel Brown,Christopher Patterson
601,Floor place,Horror,1986,24-04-1986,USA,100000.0,243686.44,442312.1,51695.75,117009.54,9.5,94,807,8376,Seth Whitehead,Mark Morris
602,Local medical recent,Action,2018,07-02-2018,USA,1200605.13,1343561.8,2401219.54,294899.76,786063.67,5.5,60,438,501,Chad Peters MD,Dennis Perry
603,Look fire scene,Comedy,2022,29-11-2022,USA,19387082.3,32819180.26,71983899.12,3779466.45,19449989.19,5.7,63,7116,4269,Kayla Young,Heather Williams
604,Federal why boy,Thriller,2000,04-07-2000,USA,15842631.87,7124496.9,15842631.87,997995.87,3653655.45,6.4,73,64025,2624,Brandon Fuller,Alexandra Benitez
605,Second candidate education newspaper,Drama,1964,15-10-1964,USA,8350738.62,4401858.84,8350738.62,1047290.82,2627525.83,10.0,87,4439,7592,Amber Anderson,Sheila Dunn
606,When,Comedy,1995,20-12-1995,USA,1104858.66,1463409.66,2931397.83,369344.22,781659.84,7.3,58,2376,1136,Judy Walker,Holly Jones
607,Officer child phone,Drama,1998,17-01-1998,USA,11464511.15,20456280.63,42610391.46,2154095.4,8409601.09,5.2,45,8628,4442,Chad Koch,Lorraine White DDS
608,Social election once,Horror,1991,23-03-1991,USA,6800848.35,7127326.11,16435641.89,1020473.22,3782770.88,6.8,63,901,50,Jeremy Ray,Joshua Walker
609,These economy collection success,Action,1975,22-10-1975,USA,658505.72,621425.59,996612.88,86092.48,304125.88,6.0,63,15599,50,Karen Smith,Jimmy Miller
610,Drive everything,Romance,2013,25-09-2013,France,3585503.59,2195152.35,5467524.29,262974.26,1009944.78,4.6,45,4142,85,Faith Franklin,Kathryn Stevenson
611,See agency,Drama,1999,22-12-1999,USA,10705250.09,30542328.8,49879710.64,3575282.11,12786265.05,7.3,56,15590,50,Jonathan Evans,Stephanie Moore
612,Among development force,Comedy,2016,04-06-2016,USA,31442411.89,40817830.68,84735099.9,7297562.3,17049712.33,7.8,81,11700,50,Patricia Munoz,Monique Harris
613,Still thus,Horror,1962,22-07-1962,USA,3141411.43,1961955.8,3141411.43,415842.21,1134808.95,7.4,70,509,1249,Christopher Roach,Pamela Lopez
614,After offer,Comedy,1999,14-03-1999,USA,1434400.15,849320.68,1554187.06,215794.1,406793.77,6.2,59,2734,231,Roberto Underwood,Jessica Scott
615,Gun wear action,Action,2003,18-06-2003,USA,1235021.17,3932058.14,6057542.27,447273.33,1754272.09,5.9,50,3969,1431,Brandon Fuller,Chelsea Armstrong
616,See,Action,2009,14-02-2009,USA,3626526.99,7436596.17,15999856.72,1324263.2,3490186.92,4.3,45,1102,98,Michael Richards,Christina Buchanan
617,Benefit teacher,Comedy,1991,25-07-1991,China,224421.44,279070.74,607453.86,55302.09,166071.2,8.6,71,9944,938,Philip Simmons,Jamie Chavez
618,Price guy that,Action,2000,22-01-2000,USA,968188.89,672062.25,968188.89,140474.8,400882.36,3.9,54,1579,181,Jessica Singh,Daryl Douglas
619,Deal middle,Romance,2010,08-02-2010,USA,43388397.16,51923346.44,87968312.67,9092886.78,28257891.67,9.4,93,22746,95,Philip Simmons,Danny Kline
620,Ago TV include,Romance,2024,27-08-2024,China,12776727.71,16457305.55,39724460.02,4846006.69,7395182.33,6.5,73,7473,154,Janice Taylor,Christopher Hurst
621,Like represent,Action,1971,01-07-1971,USA,5021294.95,10601231.71,16080039.61,2212889.89,5289678.63,10.0,100,1993,698,Suzanne Gonzalez,Daniel Hughes
622,Nor energy,Documentary,2020,28-11-2020,USA,1422874.73,622403.38,1422874.73,89465.11,309409.92,5.4,54,9678,144,Albert Phillips,Jamie Cunningham
623,Everybody raise,Thriller,2015,29-09-2015,Germany,13008829.01,13991492.56,21142299.72,4197232.3,6878140.49,9.2,100,2285,30991,Jason Jones,Sandra Brown
624,Their,Comedy,2002,05-02-2002,USA,9460810.75,8791053.38,13608227.88,1706941.98,4990554.16,7.0,59,13717,50,Charlotte Williams,Christopher Benson
625,Pass human,Comedy,1985,14-03-1985,USA,5025755.3,4116189.17,9025866.53,538347.47,2045815.26,8.8,95,18348,50,Elizabeth Lane,Greg Ball
626,Much watch cold,Thriller,2014,30-11-2014,USA,6688554.8,7120813.47,15793112.63,785628.72,3709511.96,6.0,61,498,9304,Elizabeth Lane,Stephen Clark
627,Couple throw,Thriller,2012,16-09-2012,Japan,2602055.02,4650234.35,9012758.18,1319355.26,2458246.39,5.8,64,1471,2428,Paul Rogers,Peter Sanders
628,Culture institution ready,Action,1997,28-11-1997,USA,42104986.32,24507963.71,42104986.32,5040924.79,11866701.22,5.4,41,3402,730,Joshua Morales,Joseph Leon
629,Know throughout world air,Comedy,2024,29-11-2024,USA,52591787.68,73420164.87,155076942.1,18294580.17,43271641.4,8.6,77,1635,1664,Roberto Underwood,Alyssa Wolfe
630,School go get,Comedy,1980,17-11-1980,USA,21796640.04,14155163.59,30220651.21,3422885.42,7212294.12,6.7,66,1608,756,Suzanne Gonzalez,Jeffrey Holloway
631,Involve model,Comedy,1994,04-02-1994,USA,2283172.89,4371585.3,6558752.82,888892.08,2517332.92,4.8,48,24942,1340,Jennifer Miller,John Jones
632,Million specific social,Action,2016,12-01-2016,USA,2258403.16,4107839.43,6978982.71,717344.31,2257475.38,7.1,68,2640,235,Benjamin Ray,Rebecca Mejia
633,Others buy,Drama,1994,04-09-1994,USA,20580034.4,19837964.13,35615204.26,2735572.27,10941832.99,7.7,63,1581,10198,Tyler Sanchez,William Ramirez
634,Everybody control,Drama,1990,14-02-1990,USA,18058489.85,29814117.72,48461588.52,8805464.61,13659006.31,8.5,84,3196,5480,Brian Robinson,Brandon Davidson
635,Cup consider capital,Romance,1991,28-12-1991,USA,125423.99,308549.2,600466.25,91646.3,151586.9,6.5,66,5487,132,Kristina Moore,Duane Fletcher DDS
636,Trade score mention finally,Drama,1969,31-08-1969,USA,3751881.97,10030150.62,15254117.29,1505529.1,4787198.81,7.7,88,16617,222,Jordan Orozco,Sydney Jordan
637,Different way,Horror,2011,29-08-2011,USA,2886636.24,1756198.6,4272580.68,275504.28,1025333.25,7.8,75,958,190,Kim Watkins,Julie Hoffman
638,Smile story research,Sci-Fi,2002,24-07-2002,USA,10047835.06,5493465.3,10047835.06,1404729.74,3275582.56,8.3,73,5190,621,Sara Higgins,Ronald Thompson DDS
639,On tax,Sci-Fi,1951,30-01-1951,USA,682545.65,870402.35,2106621.28,114630.75,459149.57,6.1,59,617,50,Jason Jones,Joshua Willis
640,Worry raise,Drama,1992,31-12-1992,USA,2046831.72,2522221.03,4415778.99,400815.36,1250709.88,6.1,58,3250,470,Janice Taylor,Valerie Dennis
641,Executive pressure,Documentary,1977,04-11-1977,USA,24087056.68,50782054.57,88315089.71,8645689.43,29562464.46,7.0,66,1497,294,Darrell Carlson,Jeffrey Haley
642,Instead fact design,Comedy,1979,07-06-1979,USA,1725621.59,4282919.2,6385888.25,1045641.94,2545925.29,6.2,68,5407,50,Melanie Olson,Lynn Pierce
643,Director final,Thriller,2011,11-07-2011,China,100000.0,50768.15,100000.0,9159.99,23069.16,6.2,60,4084,50,William Banks,Jeffrey Smith
644,Show poor,Comedy,2012,03-02-2012,USA,13077758.59,9598124.23,17228529.17,1328032.6,5699279.82,4.2,47,4870,50,Brian Robinson,Tami Miranda
645,Finally including forget,Comedy,2000,01-04-2000,USA,1785606.07,3953729.2,6583485.28,567818.33,1785467.05,7.3,88,113634,764,Karen Smith,Stephanie Moore
646,Consumer section,Drama,1983,20-10-1983,USA,9008398.42,13054440.26,21683032.17,2956516.26,5926443.86,5.8,62,11262,140,Michael Ross,Melissa Cunningham
647,Read perhaps customer,Drama,1975,08-07-1975,China,1461308.34,1248674.02,2276379.56,308083.34,534707.42,5.0,57,1635,12211,Michael Ross,Olivia Allen
648,Per,Thriller,2020,03-10-2020,USA,5602198.81,4666530.03,8918254.09,508968.21,2036435.19,6.9,75,12345,1755,Diana Davis,Eric Cooper
649,Capital room save,Documentary,1996,08-03-1996,Canada,1122827.5,3597352.55,5244572.76,547623.9,2056540.59,7.9,84,1600,489,Kristina Moore,Noah Harrison
650,Appear certain,Drama,1978,27-04-1978,UK,6089310.14,13870583.28,24598717.91,3206493.31,8177332.04,6.8,73,935,451,Karen Smith,Jessica Scott
651,Piece growth add,Romance,1987,28-06-1987,South Korea,1861141.75,1094610.39,1861141.75,271083.82,647660.37,6.4,60,23609,50,Courtney Reynolds,Becky Dean
652,Class democratic,Action,2003,14-12-2003,USA,2300739.89,2723458.92,6793883.77,501679.43,1152643.49,8.7,100,831,525,Denise Horne,Stephanie Ferrell
653,Eye establish people,Action,2017,26-04-2017,USA,22123696.64,22114050.48,46653792.0,6162174.6,9452055.16,5.8,58,855,2370,Amanda Cantrell,Andrew Walker PhD
654,Finish write trouble,Horror,2017,13-04-2017,USA,350369.96,226903.42,544774.76,51379.28,120738.14,6.8,56,3605,50,Paul Rogers,Elizabeth Shannon
655,Security exactly,Horror,1991,29-04-1991,USA,1114550.06,459729.67,1114550.06,50107.15,249595.66,9.5,88,662,50,Carolyn Schwartz,John Strickland
656,Strong property call,Action,2007,13-11-2007,USA,10927695.27,5577298.75,10927695.27,972435.18,2342228.55,5.1,53,6158,92,Francisco Ford,Jamie Cunningham
657,Increase probably blue,Action,1996,30-12-1996,USA,1342840.45,2081727.35,3435598.41,359244.86,902645.37,8.8,71,45548,70,Jacqueline Briggs,Brandon Mcguire
658,Open base,Documentary,2002,08-12-2002,Japan,1225308.14,1597676.55,3251437.49,350350.31,859345.68,8.5,89,8081,1501,Amanda Cantrell,Jamie Cunningham
659,Today cold condition,Horror,1958,09-05-1958,USA,22854581.28,17606875.06,27349701.87,3602063.02,10387652.61,7.0,72,3122,50,Daniel Rivera,Catherine Willis
660,Whether guy,Drama,2013,01-08-2013,South Korea,3265542.89,2260330.41,3664873.78,547452.21,1263342.69,8.0,76,3743,60,Anthony Rowland,Sharon Riley
661,Half strategy available,Drama,1979,29-04-1979,USA,10138191.45,5406550.51,10138191.45,1478373.8,2707531.34,5.6,52,10895,690,Robert Hendricks,Sharon Rodriguez
662,His fly wear,Romance,1993,04-09-1993,India,1510670.89,877276.63,1510670.89,88784.46,381493.59,6.5,64,4882,73,Jessica Gonzalez,Tricia Thomas
663,Suggest could,Comedy,1961,29-11-1961,USA,3981790.15,10957696.7,16032805.2,3279120.36,6089766.36,6.2,67,28765,250,Michael Chung,Isaiah French
664,End after about,Drama,2022,15-06-2022,USA,34235946.52,19525150.78,34235946.52,5800198.03,7922681.32,7.7,62,496,3912,Joshua Morales,Lauren Richards
665,Reduce after,Drama,1999,29-06-1999,Canada,19914227.78,9313716.26,19914227.78,2068546.92,4312120.97,8.2,73,2390,132,Melissa Hernandez,Alison Clark
666,Family test,Action,2014,11-10-2014,Canada,36665751.48,70354554.81,155184818.7,14345915.52,39683467.49,4.8,52,318,533,Rachel Hayes,Miss Jennifer Parsons
667,Listen mean inside matter,Horror,2013,28-02-2013,France,25190641.68,12185578.09,25190641.68,2021917.71,5655337.18,7.2,72,2858,187,Kim Watkins,Matthew Simmons
668,Need man,Sci-Fi,1969,22-11-1969,USA,5009383.78,3183151.72,5009383.78,783713.4,1450836.78,8.4,85,32581,447,Rachel Hayes,Ryan Hood
669,Need art man,Action,2023,04-11-2023,USA,2470072.51,6368072.75,10247850.2,1812769.63,3258591.94,5.4,62,1218,624,David Rosales,Timothy George
670,Course now,Action,1995,31-03-1995,Canada,3483522.57,4312332.3,8011725.44,1121708.88,1822869.72,6.6,73,14789,1852,Brenda Smith,Heather Williams
671,Subject dark road,Action,2024,30-04-2024,India,153552.74,287891.03,424376.16,36637.09,148831.34,6.6,55,14990,806,Diane Skinner,Lisa Castro
672,Mrs step,Comedy,1991,09-09-1991,USA,92454690.69,43313882.52,101706740.5,4788164.58,25426510.55,4.2,38,8210,590,Ryan Tate,Christopher Hurst
673,Maybe this through,Documentary,2010,15-05-2010,USA,3505865.97,11144151.74,17277152.92,2203482.83,5637649.68,8.1,78,5111,20178,James Cross,Dalton Johnson
674,More forward under,Drama,1989,15-11-1989,China,8690082.96,6537659.5,12815965.65,1725313.88,3275655.9,6.9,61,3136,1472,Benjamin Ray,Scott Anderson
675,Pretty administration,Comedy,1965,25-05-1965,Canada,7874426.09,12344758.26,22922334.2,1305824.38,5756722.1,9.2,89,760,188,Kevin Green,Anna Vasquez
676,Degree visit note exactly,Thriller,1963,22-06-1963,USA,18686902.71,35488149.86,64673051.1,10473896.49,14618891.31,5.7,67,235,279,Lisa Atkins,Miss Jennifer Parsons
677,Difference improve body,Horror,2010,21-01-2010,USA,448945.36,865152.64,1378461.63,243082.85,353223.04,7.0,63,27807,375,Thomas Peterson,Joseph Gonzalez
678,Everyone art,Romance,1969,18-07-1969,USA,12093534.24,11844940.62,17147388.74,2160006.4,5317734.42,6.2,54,1916,342,Amanda Cantrell,Logan Martin
679,Real outside again,Comedy,1996,11-11-1996,USA,27824003.43,59947618.14,128935506.3,6522218.85,25614529.75,8.0,92,1118,50,Jacqueline Briggs,Shawn Washington
680,Happen enough,Horror,2022,26-10-2022,USA,5477206.19,3050954.61,5477206.19,755918.34,1801224.0,6.2,61,2172,603,Roberto Underwood,Brooke Stanley
681,Activity fish above,Comedy,1964,29-12-1964,USA,8260531.33,11203984.52,20491133.14,1373002.98,5603145.95,7.6,86,140,235,Brandon Fuller,Samantha Vargas
682,Challenge important,Drama,2022,12-03-2022,USA,889448.96,2222627.02,3322091.04,610212.45,1225870.81,10.0,100,4648,1274,Denise Horne,Brian Gentry
683,Coach lay,Horror,2023,30-01-2023,USA,35836910.56,44903754.48,83905640.42,4958703.07,23636017.54,5.1,25,8212,50,Patricia Munoz,Richard Davis
684,Station investment,Thriller,1957,03-05-1957,USA,318926.03,846868.29,1296381.86,175729.75,499103.23,6.6,66,5418,50,Matthew Beck,Brittany James
685,Imagine brother,Horror,2025,19-12-2025,Canada,2213020.44,4739857.52,9538858.04,929084.47,2674914.15,7.6,91,4032,190,Jeffrey Myers MD,Adam Montes
686,Value enough,Action,2021,28-11-2021,USA,9202342.38,14713323.61,22749199.36,2639941.63,7066853.0,5.5,64,2687,987,Gary Simmons,Mark Jones
687,Race professional,Drama,1991,18-10-1991,USA,22811046.93,48639687.13,71711102.24,8842125.57,23902632.42,5.1,40,922,50,Melissa Hernandez,Kristina Krause
688,Rate now up,Comedy,1977,15-06-1977,USA,9043566.86,21651386.08,31984174.09,5917614.77,9197406.54,6.8,59,498,172,Mrs. Hannah Campbell DDS,Jimmy Miller
689,Gun magazine,Comedy,2003,20-02-2003,USA,3240672.99,2703594.62,3919847.25,735043.1,1290577.91,3.6,31,709,88,Donna Hall,Lauren Horton
690,Institution,Comedy,1993,02-02-1993,USA,377549.11,262742.49,649692.4,74429.13,150472.09,6.1,60,2576,8332,Thomas Peterson,Sharon Rodriguez
691,Fish feel,Comedy,1953,17-10-1953,Germany,2376077.04,2302995.6,4316421.73,415373.07,1217470.26,5.5,45,1753,8203,Nathan Bolton,Dustin Jackson
692,Hope guy science,Horror,2002,25-12-2002,USA,1799190.75,3556736.33,5138208.27,942811.19,1616433.8,6.6,54,113,4156,Donna Hall,Jamie Cunningham
693,Several share season,Romance,2012,15-07-2012,France,12401016.69,29659029.15,42523529.69,6030622.51,15999879.3,6.6,84,2721,2894,Diana Davis,Stephanie Stokes
694,Difficult beautiful table,Horror,2011,02-04-2011,USA,21231345.01,57172413.69,89508335.03,6458985.72,32289247.36,7.8,97,2118,441,Robin Hooper,Sheila Dunn
695,Lay anyone,Action,1955,07-02-1955,USA,534423.56,1581884.61,2348320.06,461405.98,908378.1,8.6,97,5352,3991,Brenda Smith,Christopher Patterson
696,Perform player argue,Action,2009,22-08-2009,Germany,2427941.04,2059419.12,3673648.65,563714.96,936165.6,6.2,53,2419,768,Jessica Singh,Mckenzie Perez
697,Group can security line,Comedy,1993,21-07-1993,USA,4770312.2,6230860.7,13991065.72,836115.39,3298532.83,4.4,43,7965,1079,Nicholas Murphy,Ashley Juarez
698,Since close power whatever,Thriller,1988,09-09-1988,Australia,1413093.72,3644437.72,6226523.45,681873.22,2151511.47,5.9,55,626,101,Joseph Willis,Ashley Gilmore
699,Sign only such,Romance,1994,20-01-1994,India,220273.53,209258.77,394203.32,56713.87,124157.4,7.2,71,25737,91,Brooke Morales,Jamie Chavez
700,Tax former,Action,2022,27-07-2022,UK,5247430.46,2775328.02,6212077.22,590716.95,1319582.01,7.2,65,3900,68,Crystal Harris,Samantha Vargas
701,According something become,Sci-Fi,2005,18-07-2005,USA,1489279.96,2866479.62,5024209.37,519648.19,1311368.33,4.5,53,1086,250,Janice Taylor,Heather Williams
702,Certain partner trial,Action,1956,12-03-1956,USA,21698890.48,54130594.83,80838631.49,12491628.97,29888713.24,8.9,100,1213,582,Christian Hernandez,Daniel Thompson
703,Space contain,Drama,2007,18-02-2007,USA,3236706.12,1583117.35,3336772.16,441991.7,866459.22,4.5,48,295,135,Jerry Owens,Mark Morris
704,These democratic,Drama,1982,02-06-1982,USA,5373621.2,4453478.35,6837553.75,896931.35,1991404.7,7.5,65,17217,2080,Vanessa Fox,David Hart
705,Live really form,Comedy,1984,11-10-1984,USA,27773565.87,18520870.6,31550287.69,3115742.79,8146704.78,5.6,48,7638,449,Jason Jones,Lorraine White DDS
706,Town every remember,Thriller,1984,12-06-1984,Australia,1210383.46,588625.77,1210383.46,171074.93,265807.8,7.0,60,3000,244,Jeremy Ray,John Perry
707,Candidate,Comedy,2019,06-04-2019,USA,788074.06,2124863.39,3521223.37,222236.03,1215772.81,8.2,82,12757,548,Julie Maxwell,Danny Kline
708,Learn community,Thriller,1975,18-08-1975,Canada,641080.74,1611731.31,2570334.28,244007.33,652004.8,4.9,54,20732,161,David Morris,Leonard Contreras
709,Threat range,Action,1990,22-04-1990,Germany,5051300.3,6786158.24,10092420.34,863483.59,2907234.32,9.1,97,17301,834,Ryan Tate,David Castillo
710,Care knowledge,Action,2012,19-03-2012,India,486208.91,762517.7,1769611.28,181493.58,341105.67,7.5,77,83530,3262,Daniel Brown,Nathan Nelson
711,How both,Comedy,1982,10-04-1982,USA,589653.84,1135729.2,2415974.97,298529.06,484871.52,5.3,35,4162,352,Michael Chung,Cindy Barnes
712,Chair interest education,Horror,1983,16-11-1983,USA,2179651.8,1247959.9,3114346.6,177630.07,722330.78,5.7,61,3358,1343,Seth Whitehead,David Martin
713,Professional job security,Drama,2011,22-02-2011,USA,3093752.07,4883197.61,8374253.64,855606.14,2293255.23,8.8,87,3524,50,Sophia Gomez,Lynn Pierce
714,Pm wind,Drama,2004,20-03-2004,USA,508741.06,458674.37,936531.66,68630.2,226459.15,7.9,87,274,50,Chad Peters MD,Kathy Marshall
715,Growth,Drama,1963,26-09-1963,USA,1123099.16,1854080.35,3301746.42,438651.47,905486.06,6.7,87,712,2833,David Hall,Lawrence Thomas
716,Environmental million,Comedy,2024,31-07-2024,USA,4055244.2,2731536.26,4055244.2,457680.85,1602473.69,6.6,55,100,4836,James Cross,Dennis Perry
717,Tax left,Drama,2020,14-11-2020,USA,4544200.42,2241306.38,4544200.42,299103.89,1085766.66,7.1,73,4834,82,Robin Hooper,Stephanie Stokes
718,Event else,Horror,2011,08-05-2011,India,3163436.07,5546970.18,9634978.33,589800.09,2616757.88,4.6,43,1794,828,Thomas Peterson,Teresa Santos PhD
719,Nice piece near,Action,2016,24-06-2016,USA,7159658.0,5782619.17,13228873.57,841293.81,3462271.23,6.9,66,100,398,Andrew Chambers,Deanna Johnson
720,Record road fine,Drama,1987,24-02-1987,USA,3607676.99,2203333.76,4240719.29,418221.21,1158339.25,6.8,71,3438,1267,Karen Robinson,Samantha Vargas
721,Country firm student air,Thriller,2000,23-07-2000,USA,2909398.19,2580940.12,5990947.94,475619.35,1295622.2,8.4,68,18487,158,Adam Brown,John Jones
722,Concern citizen economy,Action,2004,06-02-2004,USA,4597759.73,2841751.52,4597759.73,808392.46,1295255.63,4.6,47,424,1378,Rachel Hayes,Lynn Pierce
723,Store send maybe,Horror,1995,02-03-1995,USA,898343.76,1832506.97,4133263.85,290969.16,1092339.73,2.8,19,2438,543,Ashley Medina,Ashley French
724,Without to,Action,2013,15-04-2013,USA,20134544.42,40983611.83,74025322.49,9383132.92,21923035.57,7.5,86,5469,244,James Miller,Trevor Lee
725,May question father,Comedy,2009,27-11-2009,USA,19383530.93,10152319.01,19383530.93,1499713.22,4164666.66,5.8,42,923,275,Christopher Roach,Mark Smith
726,Gas account memory,Drama,2018,20-10-2018,USA,1167257.16,2384112.84,5240112.1,314132.71,971174.18,6.2,58,843,495,Robert Hendricks,Sarah Nelson
727,Energy next,Horror,2008,02-10-2008,USA,100000.0,123881.95,246369.4,30055.03,73953.14,7.9,66,857,50,Judy Walker,Nicole Morales
728,Increase move seat,Drama,1991,02-07-1991,USA,170605.6,339759.68,592362.04,80627.03,201204.56,4.7,60,57764,507,David Charles,Douglas Bullock
729,Without to,Thriller,1987,13-05-1987,USA,2522008.92,4850434.11,7784481.08,756674.86,2676604.4,6.2,78,17666,317,Thomas Peterson,Robin Dawson
730,Shoulder project see,Sci-Fi,2018,31-08-2018,USA,5806901.54,6055433.76,12609818.54,1672790.84,2535936.26,6.3,57,3213,444,Jeffrey Myers MD,Jeffrey Smith
731,Lead option,Comedy,2006,27-03-2006,USA,576171.4,400513.46,576171.4,115558.82,162482.35,7.3,60,4377,50,Alyssa Adams,Darren Jones
732,Response information,Action,2012,25-05-2012,USA,100000.0,114358.72,194777.29,31786.25,49080.58,6.5,70,9400,1520,Elizabeth Lane,Adam Williams
733,Spend government,Romance,2001,13-03-2001,USA,9166980.51,17935560.84,39250741.18,3272350.64,8255172.43,8.2,81,26505,74,Jennifer Henry,Holly Jones
734,Chance skin tell,Drama,2013,20-04-2013,China,1044016.97,568334.44,1044016.97,100256.2,286997.18,5.9,50,5517,50,Nathan Bolton,Sandra Brown
735,Drug wish,Action,2018,17-10-2018,USA,12147809.47,12937916.22,23622331.58,2527090.67,6379310.47,6.0,55,654,388,Benjamin Hudson,Sharon Brady
736,Type Congress,Drama,1997,07-04-1997,USA,271015.36,344786.68,692450.91,59636.8,162549.61,7.2,70,2966,50,Karen Robinson,Brian Rodriguez
737,They to,Romance,2002,09-07-2002,India,3906032.24,5053687.5,7307379.86,1040106.25,2865514.36,5.8,45,4438,441,Vanessa Fox,Jeffrey Jenkins
738,Parent determine part,Thriller,2025,11-03-2025,USA,1372980.38,3068900.84,5889411.98,840760.88,1458991.47,8.1,91,1359,726,Paul Rogers,John Jones
739,Another already draw,Action,2012,21-12-2012,India,536191.25,289718.63,566535.38,80722.28,148241.11,7.6,64,3952,50,Jacqueline Briggs,Laura Wilson
740,Any,Comedy,1987,12-08-1987,USA,942054.86,622166.79,942054.86,163459.81,313065.4,6.9,44,598,644,Mr. Drew Clark Jr.,Joseph Contreras
741,Down yourself grow street,Thriller,2020,01-05-2020,USA,5570898.12,11788574.07,17591846.81,1479281.29,6704668.43,5.9,65,13206,421,Crystal Harris,Ashley Juarez
742,Network head,Drama,1995,13-03-1995,USA,16476322.39,51997926.21,79703601.14,12105544.29,26941576.68,6.2,60,9709,593,Benjamin Hudson,Melissa Cain
743,Community young hit,Drama,2017,31-07-2017,USA,197537.57,175429.3,319355.27,29768.03,97976.72,6.4,53,555,726,Jessica Singh,Nicholas Richards
744,Choose still serve,Action,2000,04-10-2000,USA,2863749.11,8560535.7,13874329.27,1091239.29,4264533.05,5.6,55,100,800,Kim Watkins,Brenda Guerrero
745,Probably behavior,Comedy,2023,07-10-2023,USA,25361657.14,85486670.09,122632429.1,11224767.02,47264326.26,9.0,92,1377,6399,Tracy Tucker,Tyler Cooper
746,Forget study some,Thriller,2011,26-04-2011,South Korea,2376142.35,4798929.48,10799123.28,902043.38,1952446.86,5.8,63,7254,515,Renee Campbell,Rodney Smith
747,Pressure and,Sci-Fi,1996,12-08-1996,Japan,2686852.52,4100747.12,8289127.56,849409.97,1786753.75,7.3,77,3805,2109,Michael Chung,Tricia Thomas
748,Throw sea find,Horror,2023,30-11-2023,USA,3123270.55,3040180.48,7257791.47,311369.46,1610097.5,5.2,57,6955,976,Ryan Tate,Melissa Mcgee
749,End,Horror,2000,18-03-2000,USA,2815104.76,1866616.1,3952557.6,556963.1,819062.74,6.8,76,1080,195,Jennifer Willis,Scott Anderson
750,Approach behavior discover,Sci-Fi,2000,31-05-2000,USA,596880.26,1802786.87,2939452.61,525672.66,943576.67,6.4,60,30366,226,Melissa Hernandez,Brandon Davidson
751,So staff,Drama,1991,21-08-1991,USA,605444.2,1642428.97,2878272.93,326191.63,734200.96,5.4,70,3320,1355,Jacqueline Briggs,Marc Vasquez
752,So stuff,Horror,2000,14-02-2000,Australia,452081.44,461369.57,966738.85,82357.55,239057.19,7.2,75,19857,49756,Daniel Brown,Patrick Barnett
753,Entire daughter,Drama,1982,27-02-1982,USA,13819060.23,23888068.58,42719854.49,3358739.55,13133061.46,6.9,63,1162,237,Ashley Medina,Teresa Santos PhD
754,Pay hit beyond,Drama,1969,17-06-1969,USA,7790916.87,7178700.06,14971338.19,2006189.81,4215793.03,5.6,62,896,1284,Kayla Young,John Sullivan
755,Firm lot,Action,2019,13-03-2019,Germany,4183631.04,10027320.67,18812914.09,1906067.83,5132812.2,6.1,68,11399,152794,Courtney Reynolds,Brandon Mcguire
756,Beautiful human church,Comedy,2024,19-11-2024,USA,958059.18,2061737.1,3292800.5,483637.27,876223.69,6.0,73,361,10898,Michelle Collins,Jeffrey Sharp
757,Far investment risk,Action,2021,26-06-2021,USA,1417231.73,3470044.16,6321713.6,670305.24,1438195.34,6.1,58,4119,262,Seth Whitehead,Jason Mercer
758,From Republican maybe you,Thriller,1976,24-06-1976,UK,200594.57,283264.16,653676.03,42639.23,123221.43,8.8,93,6135,11693,Jeremy Ray,Samantha Vargas
759,National small including,Action,2015,03-06-2015,USA,532306.2,808240.34,1575952.7,140325.34,390991.18,5.7,47,4832,893,Julie Maxwell,Stephanie Stokes
760,Study full war,Romance,2020,28-12-2020,Australia,15160479.03,35321017.3,53682995.97,6324872.07,18633328.43,7.6,44,2048,412,Charles Lopez,Becky Kerr
761,So concern feeling rich,Comedy,1964,04-01-1964,USA,4422743.31,4908633.48,10500640.65,830937.64,2831366.13,6.6,59,1712,1302,Benjamin Ray,Ronald Herrera
762,Gun firm,Comedy,1956,20-07-1956,USA,2245405.48,2389017.2,4605075.96,289920.51,1298101.58,6.2,62,160,2930,Faith Franklin,Miss Jennifer Parsons
763,Compare edge,Thriller,2017,30-10-2017,Australia,24825698.45,17069628.6,24825698.45,4326859.65,8177798.0,7.0,55,14389,1350,Caitlin Brewer,Becky Dean
764,Deep draw record,Sci-Fi,2009,06-05-2009,USA,2430228.73,2781284.27,4375803.1,282360.58,1485046.65,5.4,62,1379,1839,Chad Peters MD,Mary Wolfe
765,Science Republican floor six,Action,2009,29-10-2009,USA,4061702.97,3844581.75,7953966.4,966240.12,2244835.19,4.7,34,2573,2539,Diana Davis,Johnathan Chen
766,Amount style win,Documentary,1984,08-12-1984,USA,34255610.23,33876231.41,70494638.18,5909633.76,15525173.42,6.0,58,906,1946,Robert Webster,Teresa Santos PhD
767,Institution present contain sort,Horror,1961,07-05-1961,USA,8390837.34,17355774.8,30968183.56,4117468.18,7088088.45,6.2,56,1605,1032,Renee Campbell,Monica Nelson MD
768,Wish save,Horror,1985,29-03-1985,India,1605812.15,2419146.22,3678291.78,433856.3,1264979.37,7.9,71,2071,4717,Robert Hendricks,Andrew Lyons
769,Free at hold,Romance,2010,30-08-2010,USA,2723115.03,7227520.82,10883046.75,1652579.83,4026286.62,7.0,93,492,295,Matthew Beck,Alexander Haley
770,Film word if meeting,Comedy,1974,10-04-1974,South Korea,864249.0,2013854.26,3656301.35,454498.43,1018967.21,7.6,77,10859,103,Donna Hall,Joseph Contreras
771,His fly wear,Action,2007,09-05-2007,USA,5491377.08,3234914.39,5491377.08,600991.31,1456601.61,5.7,59,1520,739,Bryan Murray,Shawna Bryant
772,Issue me fly,Comedy,2008,30-04-2008,USA,1485497.53,2470874.97,3670644.53,502094.58,1263406.58,6.7,82,2551,50,James Cross,John Perry
773,Learn race maintain,Action,1962,01-06-1962,USA,34534807.77,102856648.0,154651055.4,11969801.2,44287721.74,6.8,51,789,50,James Miller,Samuel Wyatt
774,Family before decide,Comedy,2007,29-03-2007,UK,1928725.37,4648442.48,7883840.57,1380406.67,1907917.43,5.6,69,10293,39361,Troy Cochran,Melissa Cunningham
775,Specific your consumer,Action,2006,30-07-2006,China,2891170.76,7979816.16,12648579.44,986079.56,3327015.62,5.5,62,2216,3747,Renee Campbell,Kimberly Johnson
776,Citizen movie year,Sci-Fi,2013,23-02-2013,USA,1196620.74,2534926.15,4510319.27,317910.19,1237148.69,6.7,85,1852,8220,Jessica Singh,Trevor Lee
777,According assume figure,Drama,1968,13-04-1968,USA,139861.98,167599.46,255661.59,38664.05,87678.97,7.3,56,4522,1774,Brooke Morales,Stephanie Ferrell
778,Term stage central,Thriller,2005,12-01-2005,USA,8692324.9,19077954.18,37048500.66,4854930.48,7981003.08,7.5,64,100,1645,Anthony Henry,Paige Gonzalez
779,Would,Thriller,2021,24-10-2021,USA,10533241.03,23890939.98,39935757.57,4183280.91,12480155.38,8.1,79,3465,94,Chad Peters MD,Jeffrey Smith
780,Why team program,Thriller,2019,17-07-2019,USA,1007883.0,3237500.96,4754327.58,328896.66,1748158.64,8.3,96,16523,50,Kimberly Barker,Jorge Thompson
781,She bag,Thriller,2017,22-09-2017,USA,15212687.84,6758457.02,15212687.84,1008772.72,4005043.87,7.8,89,516,1508,Kim Watkins,Samantha Sanders
782,Rather glass determine,Horror,2017,04-04-2017,Australia,3795943.09,5806092.99,12326584.23,1162242.52,3239283.99,7.4,76,1872,3202,David Lee,Richard Miller
783,Skill,Thriller,1996,29-06-1996,Japan,48253281.57,55178264.46,133299062.9,9381742.61,31032157.72,7.8,82,2595,1417,Barbara Torres,Dalton Johnson
784,Still thus,Comedy,1987,07-03-1987,UK,548833.64,1419412.02,2029463.26,253794.01,751785.21,6.9,51,3079,197,Karen Barrett,Dalton Johnson
785,Expect heavy smile,Comedy,2002,24-10-2002,USA,2991840.14,4759286.57,11639253.05,479893.02,1971032.57,5.5,33,960,570,Karen Smith,Tami Miranda
786,Look,Drama,1985,21-01-1985,USA,2075161.11,2895681.85,4558914.94,705131.97,1620752.59,6.2,58,3072,5363,Lori Callahan,Melissa Mcgee
787,Opportunity hotel mention,Horror,2022,18-10-2022,Australia,3158350.83,4003492.56,6862044.15,1105450.63,2243117.34,6.8,62,2339,129,David Lee,Mark Smith
788,Someone,Thriller,1950,15-10-1950,USA,4842933.22,7623593.19,12191668.17,1929274.05,3200145.86,6.1,61,2344,703,Christian Hernandez,Robert Reynolds
789,Thing analysis wrong magazine,Documentary,2017,16-04-2017,India,100000.0,167625.7,247281.26,25207.46,84543.9,6.6,51,282,314,Brian Robinson,Ashley Pena
790,Again since suffer,Drama,1984,03-12-1984,USA,2497134.02,4058914.17,7101247.65,852465.34,2199357.14,8.0,87,4676,612,Sharon Wilson,Eric Perry
791,Be whose way,Horror,1980,03-08-1980,USA,1890646.51,1438165.02,2055475.59,344416.62,774496.21,7.1,79,413,50,Denise Horne,David Castillo
792,Else off,Action,1994,31-08-1994,USA,15632161.02,15290661.78,36548065.39,3995388.9,7348879.89,4.1,48,1967,1127,Nathan Bolton,Daryl Douglas
793,Operation maintain today,Thriller,1993,26-12-1993,USA,554273.69,925060.11,1402866.29,136595.47,550826.11,6.4,79,1528,5937,Chad Peters MD,Jeffrey Jenkins
794,Bad baby write,Action,2003,20-02-2003,USA,5735045.1,8771122.45,14077954.39,1157683.29,4743507.7,5.5,71,5046,863,Francisco Ford,Melissa Morales
795,Hope,Action,2020,14-11-2020,USA,2133437.19,5122279.89,10310722.96,1073479.46,2798976.65,6.9,73,5868,10864,Jennifer Miller,Cindy Barnes
796,Onto rise,Thriller,1952,29-09-1952,USA,845280.57,1882323.38,3701521.14,316443.9,1101053.6,4.5,54,12753,2137,Darlene Murphy,Nicholas Richards
797,Individual or likely option,Drama,2001,01-06-2001,USA,6295714.0,9855921.23,18200045.1,2408789.02,5728444.29,3.5,38,3898,94,Christopher Roach,Alexander Haley
798,Thousand baby,Drama,2010,26-11-2010,USA,13068903.22,29841849.49,58174379.91,8919145.23,16531902.09,7.7,92,274,50,Darrell Carlson,Miranda Armstrong
799,Address line arm,Romance,1998,01-08-1998,USA,2519539.17,2417156.89,5167784.67,478517.34,1443057.44,8.2,76,744,659,Hannah Camacho,Douglas Davis
800,Argue operation,Drama,1987,13-06-1987,USA,1634593.15,3011833.03,6601759.09,407763.98,1293205.79,5.4,60,13809,153,William Walker,Nicholas Williamson
801,Under deep situation,Thriller,1996,31-08-1996,USA,2020483.8,2748268.89,6104755.27,443090.04,1373277.14,7.9,58,578,6185,Gary Simmons,William Prince
802,Then tough,Action,1998,21-01-1998,Japan,3262078.07,6087310.26,15185109.6,1731411.93,2540549.43,6.7,70,237,343,Adriana Campbell,Jeffrey Holloway
803,Dream when,Documentary,1985,25-12-1985,USA,198875.14,315687.96,603941.31,42934.6,145386.59,5.3,42,20494,303,Michael Chung,Jeffrey Holloway
804,Reach,Romance,2017,03-04-2017,USA,3640593.19,5666522.42,11918489.51,1452009.4,2269379.32,7.8,77,15480,2672,Lisa Atkins,Amanda Lawson
805,Process several accept,Drama,1970,25-02-1970,UK,3648955.31,7668874.6,15658875.91,1575019.12,4527609.19,6.5,58,6585,50,Sharon Wilson,Robert Walker
806,Whose ten,Drama,1996,15-05-1996,USA,47516790.74,142020281.5,206732091.5,15914081.18,76020790.1,6.4,63,532,454,Kayla Young,Jeffrey Sharp
807,Community imagine,Comedy,2024,04-11-2024,USA,43359706.26,77181118.25,122126174.3,8210786.6,44637648.64,6.0,67,7264,1100,Colleen Willis,Chad Santiago
808,Maybe of,Drama,2019,09-07-2019,Japan,13287451.45,14572677.83,34457692.72,3581674.26,6667183.32,6.8,83,2631,74,Jennifer Willis,Shawna Bryant
809,Foot doctor under style,Action,1985,15-07-1985,USA,6871092.23,10398359.83,21610143.35,1218549.67,4175013.41,5.7,35,9406,704,Tara Underwood,John Strickland
810,Fight life positive,Drama,2025,11-12-2025,USA,2925727.46,1705203.1,2925727.46,284333.8,801093.38,7.6,74,11518,39739,David Perez,Jessica Scott
811,Section major,Comedy,1996,13-10-1996,Australia,3831461.98,5721122.44,9212895.29,1172425.24,3174788.12,4.0,34,2226,1457,Jennifer Atkinson,Sandra Brown
812,Suffer two,Drama,2013,16-03-2013,USA,47721023.71,102027603.5,180302080.6,26589600.86,42312782.05,8.6,93,1708,66,Roberto Underwood,Jamie Chavez
813,Nice piece near,Drama,2014,08-03-2014,USA,25181123.18,16689199.09,25181123.18,3506530.27,7509553.51,4.9,57,47154,319,Melissa Cohen,Brenda Wheeler
814,Personal agent low,Sci-Fi,1999,08-09-1999,Canada,11035288.76,6989357.81,11035288.76,907565.35,3660101.67,6.8,62,9403,50,Benjamin Ray,Brandon Green
815,So staff,Comedy,2022,22-03-2022,USA,8790833.95,4490156.25,8790833.95,794333.25,2246927.95,7.7,100,30284,78,Karen Smith,Christina Buchanan
816,Figure my painting,Action,2001,31-08-2001,USA,6908962.27,6407485.63,9358553.9,1553877.29,3518456.14,5.1,28,1265,86,Kimberly Barker,Tracy Williams
817,When list she politics,Documentary,2020,30-07-2020,South Korea,726551.06,1119620.08,2448810.4,114134.21,587021.83,6.0,51,6746,2681,Joshua Baker,Christopher Patterson
818,Challenge parent than,Action,2025,04-07-2025,USA,1841051.41,3237132.89,5610086.22,630618.2,1893159.59,4.7,38,16552,62,Benjamin Ray,Sandra Brown
819,City outside,Thriller,2010,30-12-2010,UK,3377926.0,9448732.11,15668570.83,2783635.2,3815477.38,7.9,72,1612,2630,Jeremy Davis,Patricia Keller
820,Laugh rest six,Thriller,2011,19-12-2011,China,1661468.66,4676287.62,7930102.59,781701.05,2288990.99,5.5,48,1416,2292,Michael Ross,Dominique Aguirre
821,Like old,Action,2009,14-07-2009,USA,7522134.17,5235786.06,7522134.17,1371960.66,3074214.61,3.5,31,1843,61,Judy Walker,Jonathan Lee
822,Speech,Comedy,1998,04-08-1998,USA,801978.26,2116940.14,3870057.81,510476.99,1018156.49,7.2,60,9165,3831,David Lee,Kathryn Hunt
823,Skill,Comedy,1996,15-12-1996,UK,5709304.72,14632535.55,23039563.34,1603353.62,7472109.91,6.9,75,24517,719,Jeremy Davis,John Strickland
824,Position of nation,Comedy,1962,06-01-1962,UK,1224212.81,2891704.71,4890137.17,565298.25,1276511.52,1.9,28,3259,2747,Albert Phillips,Isaiah French
825,Approach consumer front,Drama,1959,27-05-1959,USA,4287019.96,2178419.19,4287019.96,251038.26,1161903.53,9.2,89,228,21266,Melissa Hernandez,William Washington
826,Get mean show,Documentary,2006,09-08-2006,India,9714172.31,6771722.56,9714172.31,1332197.26,3398422.85,5.3,52,40336,218,Michael Manning,Kimberly Ramirez
827,Safe adult price,Documentary,2025,15-12-2025,USA,4131061.51,6093719.96,11087746.2,1645787.34,3285321.76,5.7,50,1372,50,Suzanne Gonzalez,Marissa Pena
828,Short always,Comedy,2024,31-05-2024,USA,21857206.53,64488814.86,108083462.9,7809201.75,27667181.52,2.0,2,4756,50,Karen Smith,Amy Gomez
829,Pay light season truth,Drama,1971,09-09-1971,USA,11657864.98,26838316.73,43918584.98,6311606.0,15068856.46,8.3,81,1637,50,Shannon Ross,Patrick Barnett
830,Smile couple,Comedy,1994,03-01-1994,USA,7716206.92,7329520.59,13207509.96,1880758.91,3521921.85,5.7,52,14566,8214,Mr. Jorge Anderson,Greg Ball
831,Plant discuss theory believe,Drama,1961,13-02-1961,USA,3384037.07,2383066.82,4361420.97,445245.07,1386345.62,5.7,59,24591,243,Amanda Montgomery,Sherry Turner
832,Worry marriage number,Drama,2009,20-03-2009,USA,294036.77,650270.91,1218548.79,99683.64,325658.45,8.2,61,2706,654,Brenda Smith,Becky Dean
833,Let mouth,Action,2007,24-01-2007,USA,1482482.3,929305.15,1482482.3,119660.45,554273.52,8.1,76,3256,1396,Vanessa Fox,Lynn Pierce
834,Century mouth,Drama,2013,04-03-2013,Canada,1062186.4,2491821.41,5216566.58,645768.09,1267316.87,5.0,54,1360,50,Megan Sharp,Brandi Moon
835,White class reduce,Comedy,2016,08-12-2016,USA,66717338.38,67691539.62,135836955.7,19862774.39,28039414.62,7.1,88,18631,1019,Ashley Medina,Diane Jacobs
836,Another face,Comedy,1970,01-11-1970,France,119887.34,309022.59,589249.44,85625.35,171240.94,5.2,61,760,194,Vanessa Fox,Melissa Mcgee
837,See rise,Comedy,1988,07-06-1988,Canada,3086745.67,6795004.04,13525829.3,735697.77,2729551.31,7.7,72,4827,284,Terry Lawrence,Nicholas Richards
838,Own,Action,2007,08-02-2007,USA,260801.64,665423.5,1120452.85,77835.49,314005.01,7.9,58,1574,17083,Brian Robinson,Robert Garcia
839,Expert theory step,Action,1999,19-09-1999,USA,1953285.44,5472511.0,9722178.49,1566419.06,2942106.44,7.3,64,1648,636,Charlotte Williams,Alexandra Benitez
840,Itself grow return police,Drama,1977,01-07-1977,USA,3373569.54,5033390.47,8799614.88,1186935.93,3003570.95,8.1,68,1526,6381,Nathan Bolton,Ashley Pena
841,Stay reveal,Drama,2002,11-04-2002,USA,3726113.45,3827086.46,6171509.81,1074060.24,2018073.32,3.3,25,985,244,Jessica Gonzalez,Lorraine White DDS
842,Something history,Comedy,1997,05-03-1997,USA,15662139.42,18786953.2,28185527.82,3042474.37,8390903.2,5.6,62,8181,202,Kayla Young,Catherine Willis
843,Ever treat,Documentary,1969,20-09-1969,USA,30653730.72,53492542.6,129039951.2,12934815.33,25277782.31,5.3,42,1247,591,Jeremy Ray,Derek Jones
844,Play establish,Drama,1974,25-04-1974,USA,911390.68,1585990.02,3804203.53,191566.34,710875.32,5.3,51,1451,50,Judy Walker,Jason Ramos
845,Control sell fast,Drama,1977,23-07-1977,USA,1020063.7,494691.17,1020063.7,86156.54,220642.23,6.7,72,14924,253,Alyssa Adams,Casey Lloyd
846,Positive once,Drama,2012,08-10-2012,Japan,1010063.24,640306.94,1412759.45,73614.66,267123.32,4.8,51,14013,130,Chad Koch,Daryl Douglas
847,According parent,Drama,1998,28-02-1998,France,1564303.64,3551023.65,6972689.18,434556.26,1782668.86,5.0,35,2651,237,Tara Underwood,Tricia Thomas
848,Challenge important,Comedy,2020,14-12-2020,UK,137685.8,90152.43,179395.27,23626.1,52974.73,6.6,67,40831,707,Jason Jones,Meghan Mcintosh
849,Air wrong,Drama,1982,03-04-1982,USA,4151248.26,11843689.48,17329807.53,2329138.06,5181263.01,8.0,66,3507,914,Troy Cochran,Jonathan Lee
850,Model live,Drama,1965,20-11-1965,USA,1877554.68,5013160.51,8053564.8,727651.26,2519130.52,7.2,47,1242,75,Karen Smith,Greg Ball
851,Performance else data conference,Horror,1978,28-06-1978,USA,551514.12,1177241.54,2743888.62,201102.63,476344.37,7.7,77,479,10188,Kristina Moore,Trevor Lee
852,Design teacher administration,Thriller,1997,15-09-1997,USA,3661457.83,5357486.35,10425053.91,1241051.64,2504044.71,4.1,50,4136,374,Eric Ramirez,Terry Martinez
853,Run foreign,Romance,2020,10-08-2020,USA,4945853.76,8447452.4,15934098.63,1979268.24,4562201.16,6.8,75,442,50,Jeremy Ray,Amber Willis
854,Smile deal investment pay,Documentary,1988,03-02-1988,USA,4525858.41,7280642.94,11439726.09,936849.49,3410542.66,6.4,56,503,331,Jennifer Miller,Ashley Reeves
855,Center identify,Drama,1989,25-07-1989,India,186986.66,541717.25,785972.52,112196.93,264467.12,7.0,63,2600,4080,Jacqueline Briggs,Greg Ball
856,Research join,Sci-Fi,2018,26-03-2018,USA,2125292.54,2494832.67,5028518.98,333247.92,1036084.99,7.2,75,14123,4317,Hannah Camacho,Kristina Krause
857,Country picture,Comedy,1996,01-05-1996,France,2139965.86,5254727.46,7795168.93,1392878.09,3131336.6,5.9,47,1211,2804,Karen Smith,Joshua Walker
858,Help base,Horror,2003,16-10-2003,USA,18978593.16,27677717.59,39721883.15,7178917.77,12618624.75,3.2,26,263,4532,Adam Brown,Thomas Sims
859,Current successful,Romance,2017,03-02-2017,USA,549751.51,738987.09,1315936.55,154075.86,331812.13,5.5,52,427,2298,Hannah Camacho,Melissa Lopez
860,Prepare yet take,Action,1992,26-08-1992,USA,6764658.29,3306409.27,6764658.29,714510.04,1599152.75,5.5,38,876,13876,Barbara Torres,Andrea Bowers
861,Take operation,Drama,2005,05-09-2005,China,21728195.37,42924092.15,75084607.79,9699936.09,18151060.21,6.5,70,12291,2055,Francisco Ford,Timothy James
862,Second,Comedy,1989,17-10-1989,USA,29850674.85,42178209.06,67407473.21,7498666.81,19388651.66,6.4,79,4690,50,Terry Lawrence,Kelly Horn
863,Court discuss almost,Horror,2008,23-09-2008,USA,10457663.99,6497474.19,11172809.03,1699849.78,3494659.68,5.8,50,919,439,Suzanne Gonzalez,Douglas Bullock
864,Weight budget,Documentary,1977,29-10-1977,Canada,634772.45,333760.48,634772.45,93118.23,172912.26,5.0,65,1555,1434,Kristina Moore,Holly Jones
865,Teacher those,Thriller,2015,22-07-2015,USA,1777904.83,4642089.69,8280213.85,1238052.21,2333505.91,5.4,61,8075,709,Michael Ross,Nicholas Williamson
866,Candidate attorney level sure,Romance,1999,24-03-1999,USA,105576736.6,96351330.75,198852255.9,13372474.76,54782962.99,7.2,80,368,10690,David Perez,Jeffrey Sharp
867,Bed land there,Drama,1959,23-04-1959,USA,6574739.92,3987871.82,6574739.92,532454.19,1597818.54,5.1,36,9748,859,James Wright,Mark Jones
868,Sit receive,Comedy,1998,11-10-1998,USA,53312831.1,51268117.55,96596489.19,7826596.83,30088855.47,5.6,69,3015,262,Maria Lane,Brian Gentry
869,Computer concern,Thriller,2024,06-02-2024,USA,1291428.69,736037.69,1291428.69,117112.3,441100.79,4.3,36,3627,50,Karen Robinson,Peter Sanders
870,Note six though,Drama,1999,29-08-1999,USA,1495451.21,1233932.33,1798780.39,234016.76,508599.4,5.8,61,913,424,Amanda Cantrell,Mark Morris
871,Option budget themselves professional,Drama,1981,11-07-1981,USA,217547.09,416623.69,618111.55,95591.42,242106.55,5.8,59,8480,240,Joshua Baker,Sandra Farmer
872,Shake,Documentary,1969,30-05-1969,Canada,2237390.18,4274505.36,6847983.36,581478.31,1909767.22,10.0,92,16483,3385,Karen Barrett,Cindy Barnes
873,Major follow series,Comedy,2025,17-10-2025,USA,11543452.22,7805581.1,11543452.22,2240785.12,3720677.84,5.3,63,774,1183,James Miller,Kristina Krause
874,Officer child phone,Thriller,1974,11-10-1974,USA,195992.01,94113.24,195992.01,25487.82,51151.98,6.2,65,6358,50,Brooke Morales,Sharon Riley
875,Throw over,Drama,1976,28-06-1976,USA,4918415.93,15806748.75,23660489.07,2924038.08,6598630.18,6.1,56,8436,1253,Tracy Tucker,Kathryn Stevenson
876,Various clearly,Action,1987,19-01-1987,UK,10919791.86,31845051.13,51159107.22,6694962.64,17936792.46,7.3,80,5018,69,Barbara Torres,Adam Williams
877,Bar kind right,Drama,1992,20-11-1992,USA,436063.61,680361.82,1341344.22,116384.62,323693.42,7.4,49,6176,50,Michael Ross,Patricia Keller
878,Production thank,Horror,1964,05-07-1964,France,151060204.6,155695387.4,368484285.7,27565681.16,77133292.6,6.5,58,263,50,David Hall,Jessica Scott
879,Sign other,Documentary,1999,26-11-1999,USA,1240826.94,3000200.42,5539914.21,881478.41,1678880.6,3.7,45,6440,966,Troy Cochran,Jennifer Hall
880,Join song,Action,1988,12-03-1988,USA,11337277.58,17885693.0,35670419.57,3234864.7,9134654.35,5.0,58,1547,549,Oscar Santos,Cameron Pineda
881,Fish feel,Drama,2017,08-08-2017,USA,363169.81,183631.17,441573.09,31139.95,88783.34,6.4,59,10235,50,Jacqueline Briggs,Jamie Cunningham
882,Page institution someone,Documentary,1975,22-08-1975,USA,2435713.02,2150332.57,3341520.58,422198.7,973096.35,8.2,85,905,50,Roberto Underwood,Christina Jones
883,Prevent truth,Romance,2013,14-05-2013,Australia,865669.69,367473.08,865669.69,78305.95,177772.5,3.9,39,215,3598,Gary Simmons,Diane Jacobs
884,Throw,Action,2008,20-11-2008,USA,357243.95,373815.47,905449.32,92412.47,154793.12,8.0,100,4380,720,Suzanne Gonzalez,Eric Cooper
885,First day exactly,Horror,1960,31-01-1960,USA,535477.89,305774.69,535477.89,75258.9,128324.49,5.7,44,12166,769,Thomas Peterson,Alison Clark
886,Time level,Drama,2011,08-03-2011,USA,3278302.11,5712049.28,9573763.96,1347450.09,2481804.48,8.2,77,3422,1535,Dr. Jonathan Long,Morgan King
887,Conference region,Drama,2001,31-05-2001,USA,25482007.85,37052516.37,81246941.83,6356866.83,17632831.53,8.0,78,664,689,Benjamin Ray,Casey Collins
888,Go summer,Thriller,2008,04-10-2008,USA,24849327.67,36204692.64,82448937.95,10074016.12,20493632.52,4.9,43,833,568,Sophia Gomez,Christopher Green
889,Final thank key,Comedy,1977,27-05-1977,USA,8527234.53,13908051.29,29710796.09,3065642.72,6922978.31,6.3,57,1178,651,Susan Farley,Russell Martin
890,Window difference maybe,Sci-Fi,2015,07-04-2015,USA,487796.7,459061.52,983029.83,89249.98,221146.3,6.8,77,172,456,Roberto Underwood,Trevor Lee
891,Increase probably blue,Comedy,2013,15-10-2013,USA,300000000.0,208285840.9,414383360.9,47736294.49,86673643.12,8.0,81,342,2023,Terry Lawrence,Christopher Tucker
892,Lot operation,Romance,2002,19-02-2002,USA,362542.85,638354.88,1085163.55,67807.94,278208.22,8.2,95,831,332,Rachel Hayes,Ronald Herrera
893,Walk,Action,2015,31-12-2015,USA,12091628.48,20858316.85,43316301.87,5162442.52,10212421.74,7.2,67,230,537,Tyler Sanchez,Brandon Mcguire
894,Such employee,Action,1952,04-11-1952,China,2983320.36,1930817.83,3000872.41,361347.41,1132935.66,9.4,96,1375,473,John Jones,Brittany James
895,Common see,Comedy,1954,26-06-1954,USA,468684.71,237130.45,468684.71,70115.5,119484.81,9.4,100,16315,1293,Joshua Baker,Terry Martinez
896,Official possible,Drama,2024,11-04-2024,USA,285705.83,358110.24,541388.85,73507.34,204111.1,7.9,99,5834,3362,Michael Manning,Sierra Brooks
897,They music,Comedy,2011,29-11-2011,UK,22867580.91,12469277.07,27652060.03,1709995.58,6650998.49,8.2,81,626,996,Brenda Smith,Robert Reynolds
898,Hotel possible,Thriller,1990,19-12-1990,UK,827148.36,1644546.81,3955446.9,438525.64,664069.12,5.4,40,8241,631,David Perez,Kristy Faulkner
899,Action,Action,2014,18-04-2014,USA,3788455.58,3331486.68,4948206.9,920762.38,1604411.54,8.6,94,203,122,David Charles,Krystal Cross
900,Company,Horror,2025,22-02-2025,Canada,3716194.82,1871908.02,4019069.64,309399.84,960986.3,4.4,46,708,50,Carolyn Schwartz,Kimberly Smith
901,Fire defense painting,Comedy,1971,15-12-1971,USA,1133397.13,3076621.08,5390423.47,761267.33,1626333.62,4.1,43,1097,216,Mr. Drew Clark Jr.,Mckenzie Perez
902,Network head,Drama,2003,02-05-2003,UK,666004.78,610127.38,934245.12,111037.98,268942.8,7.0,78,2799,844,Maria Lane,Carolyn Calhoun
903,Break his white,Documentary,1978,15-04-1978,USA,3743070.25,3729175.47,7980786.01,445608.43,1647369.69,7.6,69,339,314,James Miller,Catherine Rogers
904,Real personal sign arm,Thriller,1962,10-10-1962,USA,8772604.13,8575619.52,12672343.2,861402.56,3573210.36,7.6,78,14955,14931,Paul Rogers,Ashley Gilmore
905,Door network,Action,2025,13-05-2025,USA,3696868.79,3876370.85,6006141.48,897670.59,2285488.67,6.9,68,201,13024,Sophia Gomez,Sandra Spears
906,Subject environment,Drama,1992,16-06-1992,UK,5632605.63,2830694.42,5632605.63,396262.1,1296171.0,5.9,75,48331,12316,Carolyn Schwartz,Mary Wolfe
907,Country,Comedy,2004,20-06-2004,USA,13751913.24,20114798.9,48684998.79,4449503.98,11594736.99,4.8,58,608,1598,Melissa Cohen,Darren Jones
908,Current boy crime,Drama,2000,21-12-2000,USA,1906738.65,4715244.94,7584498.29,1296371.15,2718433.25,8.5,100,1422,1284,Adam Brown,Steven Green
909,Positive project,Action,1986,14-09-1986,USA,4817611.5,7790863.29,13393959.99,1174411.72,4539066.22,6.2,52,692,768,Susan Farley,Julie Hoffman
910,Industry house note,Comedy,1958,13-03-1958,UK,110352.51,169277.68,276515.12,24609.79,72459.96,6.2,36,776,5322,Sophia Gomez,Russell Martin
911,Though firm almost,Drama,1976,15-03-1976,Australia,10148993.47,13007089.81,31613689.92,1910809.28,5764321.82,6.8,66,4635,2375,Amber Anderson,Thomas Sims
912,Population section,Action,2002,20-09-2002,USA,6872927.49,15165983.3,27029512.28,2126723.23,8578880.12,6.6,68,2688,1029,Janice Taylor,Alyssa Wolfe
913,Majority realize,Horror,2013,20-09-2013,USA,5490832.62,5438810.14,10124184.27,1269991.61,2560308.83,6.9,59,2192,1915,Jessica Rodriguez,Brian Mccormick
914,Choice four line,Romance,2015,05-06-2015,USA,18043403.19,55617622.58,82842022.24,5711160.53,24321914.16,5.9,51,3354,219,Sean Howard,Amanda Lawson
915,Customer year,Sci-Fi,1976,06-05-1976,South Korea,9266522.75,17831644.45,30314488.93,2236592.12,10249660.43,5.6,48,1945,147,Brenda Smith,Trevor Lee
916,Itself role,Horror,2009,22-03-2009,China,2231881.63,4554087.33,6877162.71,788501.96,2470960.89,6.4,42,1346,3937,Mark Moody,Tyler Cooper
917,Choice like lot,Romance,2019,26-05-2019,USA,770937.59,1265380.73,2647016.93,148290.15,611888.89,10.0,100,6860,294,Kristina Moore,Mark Morris
918,Not himself rule,Romance,2008,17-09-2008,China,998816.36,2932489.5,4819370.53,849923.39,1650928.15,3.4,40,1906,124,Jennifer Atkinson,William Brooks
919,Either teach letter,Comedy,2012,03-04-2012,Australia,5219178.34,10007915.04,17524922.56,1416815.76,4855078.14,8.5,76,4741,70,James Wright,Richard Davis
920,Director,Action,2007,13-08-2007,USA,5846430.23,9851534.26,23930976.68,1622459.62,3964437.11,4.6,57,3387,2187,William Banks,Joy Huber
921,Hope experience,Action,1976,25-09-1976,USA,3811962.14,3793412.71,7588793.21,898353.2,1543157.83,8.0,82,414,5189,Colleen Willis,Jennifer Leach
922,War address tough,Horror,2014,20-09-2014,USA,5088830.37,9960647.09,18156251.48,2951982.74,5515481.37,7.2,85,1664,94,Jonathan Evans,Casey Collins
923,Anyone black father,Thriller,1989,10-10-1989,USA,782848.34,984935.0,1595920.02,179824.63,567837.46,7.2,75,161,714,Benjamin Hudson,Dawn Blake
924,Force budget expert,Comedy,1980,06-06-1980,Canada,1461781.61,633126.15,1461781.61,168750.87,329651.99,7.1,84,128067,127,Anthony Henry,Sydney Jordan
925,Finally more design,Drama,2018,03-07-2018,USA,24788223.73,32935769.83,78632611.03,7181768.29,17511047.78,6.8,64,7049,246,Eric Ramirez,Jimmy Smith
926,Store send maybe,Action,2007,26-12-2007,USA,734770.77,418605.7,734770.77,92034.38,246070.46,4.2,46,28819,355,Robin Hooper,Amanda Lawson
927,Form,Action,2006,04-02-2006,UK,5787188.16,5788704.2,12911273.85,772205.12,2682986.35,3.0,46,1182,53,Melissa Hernandez,Shannon Hunt
928,Lot significant gun,Drama,1979,27-11-1979,USA,1230376.86,1681284.06,3244499.88,309343.82,873637.76,4.3,22,7590,57,Thomas Peterson,Victoria Phillips
929,Situation eye remember,Action,1990,16-09-1990,USA,2360810.19,1608304.19,2360810.19,323732.96,931429.27,7.5,80,18785,161,Judy Walker,Dalton Johnson
930,Thousand hear always,Action,1976,18-12-1976,USA,21881346.75,9379089.42,21881346.75,2076367.63,3991499.61,8.1,75,1510,1523,Darrell Carlson,Shawn Washington
931,Size interesting,Drama,1974,04-01-1974,USA,5813385.45,12453858.27,20120758.08,1519342.41,6643525.1,7.5,68,2627,21830,Donna Hall,Joy Huber
932,Energy significant,Comedy,1977,03-01-1977,USA,6903906.52,9447162.1,19085334.39,1634025.46,4961072.29,6.6,59,3560,1690,Ryan Tate,Jeanette Archer
933,Build high,Comedy,1980,10-12-1980,USA,82849248.07,101550144.8,194205757.9,27981229.64,40682828.06,7.7,55,2760,426,Caitlin Brewer,Christopher Green
934,Beat,Drama,1966,29-06-1966,Canada,7127853.43,3745038.5,7127853.43,827710.98,1782040.83,6.0,83,4236,533,William Walker,Jessica Scott
935,Find imagine,Comedy,1987,04-02-1987,USA,18168528.35,27257809.18,40895314.95,3149986.75,11341648.11,7.6,81,21234,561,David Rosales,Nicholas Richards
936,Son very,Action,1980,27-08-1980,USA,30895730.8,30897596.42,69709615.95,6611062.38,13828849.67,5.2,43,979,115,Andrew Chambers,Vincent Suarez
937,Product general everyone,Drama,1965,30-08-1965,USA,1686082.36,1026652.14,1686082.36,176416.04,568748.73,9.2,94,3703,84,Maria Lane,Marc Vasquez
938,Land culture,Drama,2021,09-07-2021,Japan,11828518.38,20787684.04,34750894.4,2984754.05,9163496.44,3.8,29,20508,1005,Mark Brooks,Jason Chavez
939,Industry instead,Drama,1988,26-04-1988,USA,6255290.39,10373387.16,16695066.26,2074654.95,4173288.95,7.7,86,3037,354,Ashley Medina,Brenda Guerrero
940,Camera know knowledge,Documentary,2023,23-08-2023,USA,2457396.94,5466889.28,11161433.52,636200.65,2249648.98,6.7,57,749,1571,Jeremy Ray,Nicole Dawson
941,Body thought,Horror,1956,09-03-1956,USA,5368223.0,3655131.9,6122367.59,514552.63,1502145.74,5.2,59,5224,180,Jeremy Davis,Gina Fernandez
942,Mean structure,Comedy,2013,18-08-2013,Australia,941309.0,595935.42,1092133.29,138633.93,316072.3,4.4,45,1400,806,Anthony Henry,Adam Bowman
943,According participant thing exactly,Romance,2023,30-07-2023,USA,1350409.46,2540791.76,4565263.62,649357.45,1365670.0,7.1,64,3059,132,Kim Watkins,Mark Crosby
944,Specific soldier street,Drama,2014,25-11-2014,USA,1924773.37,3210120.57,6473447.41,865509.53,1588513.43,9.1,81,3573,888,Mrs. Hannah Campbell DDS,Brenda Guerrero
945,Bit reason successful,Drama,1989,10-01-1989,USA,9581476.32,23738235.23,40316173.57,5485476.64,12929952.22,6.6,72,62796,50,Ryan Tate,Dominique Aguirre
946,Improve painting story,Drama,1994,15-02-1994,USA,534699.89,236043.96,534699.89,34509.12,94934.35,6.5,73,3256,288,Dr. Jonathan Long,Joseph Leon
947,End nature,Drama,1995,21-09-1995,USA,9486798.08,7358044.1,18291178.38,914344.62,3082231.41,4.8,47,4818,578,Darlene Murphy,Nicole Morales
948,Gun country natural,Thriller,2010,19-06-2010,UK,482916.44,1463495.22,2381813.7,349606.06,701647.04,5.5,42,1545,207,David Morris,Lauren Richards
949,Physical themselves money,Action,2005,13-10-2005,USA,5112889.9,14465522.41,23029556.59,3486022.29,6360740.51,6.3,50,2172,942,Brandon Fuller,Eric Cooper
950,Treat,Action,1970,26-11-1970,Canada,456039.75,272764.25,636727.05,58708.63,109338.21,4.4,46,118,67,Patricia Munoz,Melissa Lopez
951,Born very save,Documentary,1995,04-12-1995,USA,1507659.06,1749372.25,4095886.1,435695.96,761455.19,6.4,54,4000,82,Kim Watkins,Olivia Allen
952,Wide fill practice,Drama,1987,07-12-1987,USA,2440547.86,4222142.26,8791971.03,725895.62,2472341.65,8.1,69,7429,56,Benjamin Ray,Sarah Nelson
953,Likely care,Thriller,1992,05-06-1992,India,536570.46,1031424.97,1925614.68,281382.47,421868.36,5.6,42,6455,110,Kevin Green,Samantha Vargas
954,Right friend light,Horror,1960,03-02-1960,India,5205097.14,8290331.07,18875159.77,1509087.93,4665215.3,6.5,77,143,352,Anthony Rowland,Karen Shaffer
955,Over cover,Comedy,1990,03-11-1990,Canada,45643133.1,53469994.32,82483955.73,14977159.28,22200084.87,6.9,51,786,2100,Karen Smith,Danny Kline
956,Week maybe,Comedy,2014,18-05-2014,USA,474060.81,344552.86,676868.27,38499.37,147149.83,4.4,36,1292,147,Susan Farley,Christopher Rodgers
957,Others part,Comedy,2025,27-12-2025,USA,1582468.91,4590536.9,7349405.53,1033142.28,2304354.5,6.0,66,6833,50,Paul Rogers,Sherry Turner
958,Nothing source forward,Drama,1967,11-02-1967,USA,5821664.67,11271901.34,16300809.8,1205122.93,5163302.11,6.4,61,515,124,Maria Lane,Eric Nelson
959,Draw choose seat,Comedy,1961,13-06-1961,USA,5900796.5,15097640.92,26470920.11,2045981.92,7848646.48,6.8,62,10180,2138,Mrs. Hannah Campbell DDS,Victoria Phillips
960,Left enough occur,Comedy,1979,06-10-1979,USA,15001530.43,20539267.32,34978311.59,5821970.82,8884461.64,6.5,69,3709,364,Brenda Smith,Donald Franco
961,Forward number,Comedy,2012,03-10-2012,USA,242702.38,384577.71,619341.9,97170.08,208429.13,4.7,44,432,2755,Kimberly Barker,Kathryn Hunt
962,Stuff way small,Drama,2017,17-07-2017,USA,1378515.07,1825459.5,2615365.06,356014.64,822771.8,5.2,57,1811,310,Stephanie Hayes,Heather Allison
963,Song above yourself,Drama,2023,12-12-2023,USA,6251685.57,16278303.43,28224006.67,3507144.69,8636092.66,5.7,70,2040,346,Brian Robinson,David Clark
964,Majority,Drama,1972,24-01-1972,France,9138472.17,6658891.59,11690278.24,1379032.11,2973329.27,5.2,55,875,50,Chad Peters MD,John Jones
965,May option,Drama,1988,10-05-1988,China,19106031.4,13171961.03,19106031.4,2282940.87,6315787.36,5.3,41,1146,54,Paul Rogers,Shawn Washington
966,Close less Republican,Drama,1985,18-05-1985,USA,959952.33,585056.48,959952.33,71031.1,310181.94,5.2,51,1645,80,Barbara Torres,William Prince
967,Fear Democrat voice,Thriller,2012,17-11-2012,USA,7474245.34,8992448.02,17566303.3,1670559.5,4507783.7,7.4,75,2253,530,Jeremy Ray,Dr. Edward Smith
968,Office strong,Comedy,2022,03-02-2022,USA,3891276.6,7938302.82,13444617.07,1190920.62,4449724.54,6.8,76,353,1656,Christian Hernandez,Anthony Rhodes
969,Long explain arrive,Drama,1971,11-07-1971,USA,35325728.9,90234678.8,131432909.2,25633671.84,39136807.23,5.0,67,7396,369,Hannah Camacho,Melissa Mcgee
970,Put perhaps song,Drama,1995,26-01-1995,USA,1251325.98,2577178.78,5363748.63,442502.0,1212104.59,6.8,62,14459,1495,Julie Maxwell,Casey Briggs
971,There spring teach,Sci-Fi,2024,28-08-2024,USA,2261120.86,2223121.14,5275567.73,572361.97,941430.92,7.9,66,3720,50,Bryan Murray,Alan Mullins
972,Two daughter,Drama,1999,09-01-1999,China,14572817.44,7131399.58,14572817.44,1651983.42,3235049.84,3.8,46,1136,2552,Joseph Willis,Jamie Cunningham
973,Huge respond and,Drama,1987,14-06-1987,USA,9045897.25,24444460.14,42896139.86,4647980.04,12117700.53,5.1,50,2862,57,Heidi Cisneros,Richard Davis
974,Spend fire value,Drama,1964,10-06-1964,Canada,589823.16,1119946.15,2121687.93,318930.47,652452.77,5.6,43,835,8244,Faith Franklin,Olivia Ortiz
975,Letter memory,Action,1999,29-12-1999,USA,2931870.71,3861722.96,8868824.7,521063.25,1856140.41,4.3,54,11967,310,Kim Watkins,Richard Mata
976,Wait opportunity management,Drama,2005,10-05-2005,USA,14624300.73,24862333.98,42398666.3,3236919.53,12946748.26,4.9,54,18891,1908,William Banks,Lynn Pierce
977,People like wear,Horror,1996,09-06-1996,USA,392580.46,681096.14,1007182.71,82265.58,381153.12,9.5,92,1420,50,Manuel Benton,Brittany Kelly
978,White class reduce,Action,1997,16-06-1997,USA,1882208.51,1485999.79,2877059.27,393195.82,826988.46,3.6,34,7950,50,Jeffrey Neal,Amber Willis
979,Specific author charge,Sci-Fi,2017,27-07-2017,China,10630501.36,10145382.02,15328432.27,2377675.46,4763621.55,7.7,64,18107,301,Joshua Morales,Courtney Butler
980,Throw point relationship,Horror,1998,04-05-1998,UK,1772558.72,3841050.53,6346051.0,1027115.19,2249374.76,5.5,49,1877,50,James Miller,Tracy Klein
981,Figure television wrong,Thriller,2011,17-11-2011,USA,20037122.56,56002190.21,93024550.85,11267471.87,23150033.07,8.7,95,1003,4668,Denise Horne,Brandon Mcguire
982,Everybody control,Comedy,2014,27-12-2014,USA,3781971.76,5473518.8,12300931.39,590703.4,2472641.82,5.7,47,89665,71,Michael Manning,Donald Franco
983,It face necessary news,Drama,2020,27-08-2020,Australia,8584817.45,14544099.23,26933945.4,3160160.18,8703003.24,7.2,84,710,12031,Chad Peters MD,Ryan Hood
984,Difference moment,Comedy,1979,03-02-1979,USA,599016.0,1444264.51,2359367.66,357896.17,738612.1,3.6,33,169,17631,Courtney Reynolds,Amanda Lawson
985,Over test,Thriller,2001,19-09-2001,USA,1664814.21,1106301.32,2551590.75,183137.95,588588.47,6.5,73,11163,1651,Kimberly Barker,Larry Bishop
986,Option series,Documentary,1967,25-09-1967,USA,3753983.44,2452018.23,3753983.44,388307.19,1326015.24,5.8,62,10726,690,Nicholas Murphy,Melissa Cain
987,Agreement,Thriller,2012,01-03-2012,USA,5828059.13,3079236.02,5828059.13,499967.79,1405160.07,6.0,74,3100,719,Andrew Chambers,Cindy Barnes
988,Suddenly candidate give,Action,2025,04-08-2025,India,24135907.94,36521423.12,72932697.81,10000711.43,19986571.52,6.1,64,12477,270,Sonya Clark,Amanda Lawson
989,Forget perhaps test different,Drama,1991,02-04-1991,USA,9900156.11,6166316.68,12645617.63,911811.19,2636120.35,7.2,62,2498,203,Sharon Wilson,Robin Dawson
990,Offer president network,Drama,1988,22-02-1988,USA,116023.98,106027.14,244877.08,29570.23,45048.34,7.2,84,3444,8101,Megan Sharp,Michael Ramirez
991,Car debate,Documentary,1965,06-09-1965,India,15989541.41,15748439.69,31368766.77,2384060.47,8759811.49,7.1,75,23132,111,Susan Farley,Julie Hoffman
992,Every energy actually,Drama,1991,16-02-1991,India,17347525.6,37162549.71,56120148.75,4810605.85,15227468.07,4.9,58,30539,120,Melissa Cohen,Isaiah French
993,Site lead,Comedy,2006,26-09-2006,USA,3214811.95,5784201.93,13341639.76,1021962.02,3196620.07,7.2,66,1988,29915,Maria Lane,Ronald Herrera
994,Discussion lose,Sci-Fi,2021,06-09-2021,USA,423573.91,672406.4,1660933.02,171442.98,282447.18,5.7,66,7773,689,David Rosales,Derek Jones
995,What act,Romance,1997,08-07-1997,USA,7604420.42,12011106.77,22676772.57,1565293.09,7163272.84,6.6,54,999,185,Janice Taylor,Theresa Cooley
996,Central star,Comedy,1998,16-09-1998,USA,5982945.81,7917369.57,18252772.27,1549000.79,3620237.57,9.0,89,48626,50,Mr. Jorge Anderson,Amanda Rivas
997,Meeting drive,Action,1989,08-07-1989,USA,288922.96,281511.22,616691.04,80874.58,115571.42,4.7,36,24203,3220,James Miller,Ashley French
998,No approach,Comedy,2010,09-03-2010,USA,2585342.09,1311402.14,2585342.09,223047.35,749702.54,8.4,64,73478,132,Denise Horne,Rodney Smith
999,Collection deal,Drama,1953,16-02-1953,USA,8292336.83,8663630.51,20132256.29,1872278.45,5168747.1,5.8,68,519,56,Seth Whitehead,Jeffrey Smith
1000,Parent probably,Documentary,2009,17-12-2009,UK,4825238.69,3178703.69,5926989.27,493269.15,1525462.42,6.4,77,7834,1357,Joseph Willis,Catherine Willis
1001,Responsibility why,Drama,1984,06-02-1984,Japan,490442.99,1018588.27,2097296.43,171563.3,490932.86,8.2,77,3625,50,Joseph Willis,Sharon Brady
1002,Lay own company,Drama,1957,18-04-1957,USA,1270822.65,964194.59,2353945.81,212259.16,464058.95,5.5,82,3901,1398,Tara Underwood,Catherine Willis
1003,Attention morning,Drama,1981,06-10-1981,USA,11093175.11,6655736.08,11431689.81,1322791.76,3444654.35,5.8,68,964,50,Melissa Hernandez,Kimberly Ray
1004,Some others truth,Action,1979,25-04-1979,UK,1343064.45,3832581.3,5976566.21,566330.15,1611369.67,4.4,42,1236,317,Jennifer Atkinson,Melissa Cain
1005,Expect appear appear wonder,Comedy,1959,21-06-1959,China,38819183.09,30417491.73,54826679.64,6820149.68,12280729.52,5.0,56,40537,50,Michael Chung,David Perez
1006,Simple arrive available hope,Drama,2013,15-12-2013,USA,14513710.66,5897900.58,14513710.66,709318.03,3509471.47,6.8,74,351,1498,Mark Brooks,James Erickson
1007,One one sense,Horror,2008,13-10-2008,China,20893010.95,41240745.95,64705267.45,6077136.03,23012728.32,7.6,80,1237,2313,Jonathan Evans,Michael Torres
1008,Arm,Sci-Fi,1958,05-08-1958,Germany,4926005.4,13434705.78,22933060.0,2980471.75,7977330.9,6.1,68,2613,1289,Christopher Roach,Chad Santiago
1009,Spend government,Comedy,2006,30-04-2006,USA,18453947.24,38773165.07,81394726.16,10190704.45,17927215.93,8.8,74,1175,211,Alyssa Adams,Cindy Barnes
1010,Bill chair,Romance,2013,29-04-2013,USA,4863392.01,12246894.19,23683786.19,1247792.76,6749743.51,7.2,55,3744,50,Darrell Carlson,Ashley Gilmore
1011,Loss drug,Comedy,1962,22-09-1962,USA,14216583.9,27276408.93,49168357.35,7451122.08,11474909.04,4.4,65,1288,50,Brian Robinson,Christina Buchanan
1012,Figure listen,Romance,1985,03-08-1985,France,1566019.81,3137596.88,7183113.66,488665.97,1838441.06,5.8,69,10507,674,Renee Campbell,Nicole Morales
1013,Unit end,Thriller,2014,08-06-2014,India,11655870.13,6308824.84,11655870.13,1175942.96,3318670.12,7.3,65,7704,284,Kelsey Ellis,Ashley Gilmore
1014,Show edge yes go,Comedy,2007,03-05-2007,Japan,3702292.41,4455268.03,8916158.44,749234.18,2293900.07,6.9,62,153602,407,Raymond Morris,Brian Mccormick
1015,Live back,Thriller,2010,16-11-2010,USA,1615659.95,2536942.63,6186511.35,280135.49,1041609.02,6.7,66,23642,1860,Sharon Wilson,Nicole Morales
1016,Fire from,Romance,1982,18-10-1982,USA,760531.77,1319211.28,2162212.69,198356.08,650536.54,6.1,53,3270,300,Claudia Smith,Tyler Cooper
1017,Performance large,Drama,1994,28-02-1994,USA,44407437.02,22926674.32,44407437.02,4221140.62,12972605.75,6.4,68,6028,272,Gary Simmons,Jeffrey Holloway
1018,Present recognize reduce,Comedy,2018,19-01-2018,USA,3759228.32,3633582.03,8423100.55,900214.74,1876341.12,5.4,64,3451,517,Melissa Hernandez,Sharon Rodriguez
1019,Land throw,Comedy,1997,15-09-1997,USA,10269824.08,11468806.43,19791704.61,2711949.31,5238980.33,8.9,77,1511,62,Amber Anderson,Derek Jones
1020,Seem not,Horror,1987,19-06-1987,USA,4346838.28,8959907.17,20643832.02,2477725.76,4121659.8,8.8,76,39890,455,Kevin Green,Brian Gentry
1021,Watch current,Comedy,2013,24-08-2013,USA,2320662.96,1710496.5,3341059.25,296449.95,822835.8,6.3,55,3010,50,Kristina Moore,Ashley Reeves
1022,Story product would,Documentary,1993,29-04-1993,USA,3894113.21,2285687.21,3894113.21,238459.87,1307450.14,6.6,63,16363,271,Dr. Jonathan Long,William Crawford
1023,Can agree,Comedy,1966,06-07-1966,USA,799494.81,2624137.4,3949990.07,620341.06,1175962.47,7.8,88,463,50,Jeffrey Neal,Jennifer Leach
1024,Fear quite product,Drama,1995,28-10-1995,USA,5256648.91,8484508.51,14172618.84,1434036.08,4583968.89,7.8,79,6474,5396,Jeffrey Myers MD,David Perez
1025,Garden prepare both,Comedy,2004,30-01-2004,Canada,1242593.28,2669284.28,4037320.48,774440.24,1173196.66,6.0,53,2332,50,Raymond Morris,Stephanie Moore
1026,Democratic edge brother front,Sci-Fi,1988,27-09-1988,Canada,1596731.64,1263263.5,3082895.63,150229.85,757263.37,7.5,77,59705,8570,Elizabeth Lane,Cassandra Dennis
1027,West concern cover,Comedy,2015,08-11-2015,USA,991296.72,1903620.81,2856908.2,442522.52,1138453.42,8.3,72,3101,190,Jennifer Willis,Andrew Lyons
1028,Wear cost instead,Romance,1989,21-03-1989,USA,594796.1,830936.26,1719624.14,177580.39,400356.47,9.8,100,8253,538,Christian Hernandez,Eric Nelson
1029,Impact note paper,Drama,2015,05-08-2015,USA,12273264.21,13319600.87,29877204.65,3022344.67,7863574.47,6.9,78,505,450,Gary Simmons,Elizabeth Shannon
1030,Here help,Thriller,1991,04-01-1991,USA,5321543.11,16980518.08,25044695.68,4606159.9,8661621.27,10.0,78,1917,119,Mrs. Hannah Campbell DDS,Kathy Marshall
1031,Bring,Drama,2023,23-09-2023,India,1753928.36,4348091.29,6524824.76,667205.9,2216609.99,9.4,93,91690,1000,Brooke Morales,Jennifer Cook
1032,Understand happy,Comedy,2018,26-10-2018,USA,2266558.01,1142078.63,2818248.37,188088.9,531286.85,9.8,99,1257,30275,Alyssa Adams,Jimmy Smith
1033,Brother moment a,Drama,1985,14-12-1985,USA,17371467.64,29388313.15,49176928.0,4729613.36,17503207.38,6.7,61,2182,956,Jeffrey Neal,Michelle Thomas
1034,Four medical room both,Romance,1961,26-04-1961,USA,10754680.26,19009747.44,30813402.9,4627350.04,9618813.59,4.4,60,2290,149,Charlotte Williams,Stephanie Stokes
1035,Professional into letter,Action,1993,16-03-1993,USA,15503458.63,6479310.07,15503458.63,713548.83,3233164.93,6.4,58,651,80,Adriana Campbell,Kimberly Johnson
1036,Generation seven,Drama,2009,18-11-2009,USA,12387651.43,17352343.87,42141370.69,2825561.14,8747669.26,6.0,52,2571,3928,Diana Davis,Jonathan Lee
1037,Sea Democrat,Romance,2008,17-02-2008,UK,1934868.43,3811382.47,6142233.17,738646.0,1885871.23,5.8,55,2236,83,Seth Whitehead,Carla Dougherty
1038,Director source under,Thriller,2025,18-02-2025,USA,1446150.78,3321687.21,6871655.15,575634.07,1484472.61,7.0,71,395,1932,Stephanie Hayes,Brenda Gomez
1039,Simply,Horror,1976,17-07-1976,India,815706.15,1309187.18,2424875.77,335743.73,618057.62,9.3,89,23699,4406,Sophia Gomez,Meredith Williams
1040,No,Comedy,1987,23-07-1987,USA,629524.45,1676056.37,2490915.13,281244.72,956262.12,2.9,30,13305,1997,James Miller,James Erickson
1041,Science raise,Drama,2006,26-11-2006,USA,11900875.52,18014896.41,32793444.91,5100723.71,8995033.45,7.8,86,3214,787,Jonathan Evans,Meredith Williams
1042,Security do speak glass,Comedy,1993,04-05-1993,USA,18533856.23,12639246.9,18533856.23,1299217.35,5432560.82,5.2,35,1003,50,Joseph Willis,Victoria Phillips
1043,Any rule method,Action,2022,17-05-2022,USA,2191752.29,3122582.38,4534462.25,867867.05,1714027.22,6.7,56,1317,1734,Sharon Wilson,Sharon Rodriguez
1044,Size apply various stuff,Comedy,2023,24-12-2023,USA,27800968.96,43336999.24,68065070.64,12357105.33,21060420.97,4.6,64,7979,6621,David Lee,Cindy Barnes
1045,Short phone sometimes product,Documentary,1989,08-09-1989,USA,1143397.49,2449061.24,4624984.23,516937.73,985603.0,3.6,27,3660,80,Jeffrey Myers MD,Paul Glover
1046,Question enjoy,Thriller,1982,12-12-1982,USA,5219482.45,10749289.19,19781206.3,1143707.79,4701895.74,7.1,83,1374,660,William Carpenter,Paige Gonzalez
1047,Positive drop hour,Comedy,2020,30-11-2020,USA,5559496.18,13713983.75,21521225.81,1835117.42,7495852.48,7.1,80,386,438,Courtney Reynolds,Cynthia Little
1048,Something movement chance,Drama,2009,22-03-2009,USA,6702697.26,6546795.81,12535498.0,1560176.56,3086406.39,7.3,75,4321,1265,Hannah Camacho,Derrick Smith
1049,Job question rule,Romance,1971,20-04-1971,USA,2241156.2,3517721.72,6930012.06,910894.23,1814638.05,6.9,70,1364,50,Jeremy Ray,Thomas Sims
1050,Role personal customer,Thriller,2012,06-01-2012,USA,29548207.74,41179506.76,69497032.44,9197484.88,17525513.07,5.2,41,11341,503,Mr. Drew Clark Jr.,Ariel Mills
1051,Customer one,Sci-Fi,2016,29-07-2016,USA,1729668.12,2873074.11,4966425.12,583196.45,1363509.11,6.0,35,18338,3814,Troy Cochran,Leonard Contreras
1052,Raise ball,Comedy,2019,09-01-2019,India,4518253.17,2064092.44,4518253.17,419021.1,1095907.78,6.5,80,20692,81,Raymond Morris,John James
1053,Idea interview,Comedy,1962,10-11-1962,USA,470101.68,380136.4,902929.03,81176.76,156564.82,8.5,91,6193,1226,Diane Skinner,Sharon Brady
1054,Role six real,Drama,1998,03-09-1998,USA,2085324.5,5464951.15,9288371.74,881031.51,2593201.94,6.6,73,1483,100,Anthony Henry,Miranda Armstrong
1055,Stand yeah,Comedy,1980,23-04-1980,India,7824924.62,16143243.84,32970244.47,3104235.6,8754472.8,7.6,83,536,2259,Seth Whitehead,Mark Jones
1056,Church per late,Horror,2014,28-02-2014,UK,1235993.02,1808988.59,3078061.65,201168.9,1072535.72,7.0,79,511,610,Jeffrey Neal,Marc Vasquez
1057,Group avoid,Action,2006,23-06-2006,USA,450046.29,710121.09,1154023.99,133273.29,312518.41,6.2,56,4627,1036,Donna Wagner,Michael Gomez
1058,Continue international,Thriller,2009,12-09-2009,USA,4419684.48,2044605.27,4419684.48,531634.1,1106401.84,5.8,40,3422,1108,Adam Brown,Carolyn Calhoun
1059,Property painting because,Horror,2012,26-11-2012,USA,38270014.63,122066214.5,191334034.2,12583871.82,53160012.22,7.3,81,2561,228,Jeffrey Neal,Cassandra Dennis
1060,Most avoid,Thriller,1959,10-01-1959,Japan,1894454.6,2419710.43,5514691.04,263936.12,1289365.07,7.8,90,4824,424,Raymond Morris,Daniel Hughes
1061,Agency force,Thriller,1977,17-11-1977,USA,398203.87,442860.65,931136.09,75848.82,200599.34,5.7,60,2423,2382,Mary Mitchell,Sherry Turner
1062,Race then,Action,2015,08-01-2015,USA,1818091.61,1429582.81,3049430.06,411884.86,783962.76,5.2,36,1689,774,Daniel Brown,Mark Morris
1063,Guess true at,Action,2003,22-05-2003,USA,31417076.16,44662206.98,88163332.32,7145447.27,23615675.52,7.6,74,403,145,Mrs. Hannah Campbell DDS,Christopher Rodgers
1064,Box away discover,Sci-Fi,1990,08-11-1990,USA,5533580.91,3448831.41,5533580.91,961053.5,1879785.83,7.4,77,4716,511,Chad Koch,Leonard Contreras
1065,Expect great price television,Drama,2022,21-05-2022,USA,21321550.48,58040842.35,95910077.78,14429252.09,33714733.07,4.2,41,3217,11630,Abigail Robles,Isaiah French
1066,Practice across,Thriller,1993,28-09-1993,USA,6385500.72,4868262.03,11845483.31,1402442.92,2383585.9,7.9,62,108,656,William Carpenter,Becky Kerr
1067,Son way,Comedy,2023,05-10-2023,USA,142354.21,134720.63,334723.96,28885.55,60087.33,8.6,92,31671,50,Mark Brooks,Tonya Campbell
1068,Factor,Comedy,1965,12-02-1965,USA,341592.09,248986.22,545518.52,59825.35,117056.41,5.2,30,2587,107,Michael Chung,Robert Walker
1069,Great sit,Action,1991,18-05-1991,China,4420720.34,5705110.61,12068413.89,615494.56,3409484.4,6.7,62,1616,50,Seth Whitehead,Sheila Dunn
1070,Energy play,Horror,2003,11-01-2003,USA,3492376.49,9646621.36,15125633.71,1890000.27,5590488.04,4.7,54,8397,50,Emily Miller,Elizabeth Shannon
1071,Become evidence just,Drama,2014,21-09-2014,USA,1034639.18,2551240.12,4435676.17,336236.07,1527339.73,7.6,72,5538,126,Joshua Baker,Dennis Perry
1072,Accept team significant,Horror,1968,14-01-1968,USA,5330464.87,2556811.71,5330464.87,682844.03,1421446.85,6.1,52,2984,193,John Jones,Cody Peters
1073,Society whom Mrs,Drama,1951,01-02-1951,USA,302299.28,330866.22,565242.76,64862.82,178326.48,6.5,69,584,235,Albert Phillips,Miss Jennifer Parsons
1074,Beyond brother structure,Action,1974,06-07-1974,USA,35404920.34,62044301.78,141878723.9,16704944.24,35866041.3,7.1,74,1163,77,Donna Wagner,Carl Schneider
1075,Trade worker college total,Drama,2009,05-04-2009,Japan,667458.75,1514116.43,2574877.99,238896.85,659229.29,6.2,48,20132,98,Ashley Medina,Kathy Marshall
1076,Despite different project,Drama,2003,30-01-2003,UK,6299217.64,8284050.36,11858590.39,1769099.38,4018095.34,5.5,70,43182,239,Joshua Baker,Nicole Dawson
1077,Keep property agreement,Drama,1977,23-03-1977,USA,401810.21,709680.06,1747138.77,140874.7,377568.97,8.3,90,839,1299,Kayla Young,Nicholas Richards
1078,Take say,Action,1984,15-09-1984,USA,958013.9,1515664.36,2462337.64,355439.63,797829.62,7.7,89,456,5335,Roberto Underwood,Casey Collins
1079,Perhaps director cup least,Thriller,1970,11-08-1970,USA,272959.76,162449.51,272959.76,33036.19,93021.0,5.4,42,226,15710,Ryan Tate,Kimberly Wolf
1080,What pretty argue,Drama,1998,14-05-1998,USA,1155578.09,2249855.09,3718235.84,523600.63,1347882.92,4.6,37,5686,357,Mary Mitchell,Dalton Johnson
1081,Range many,Drama,1989,24-06-1989,USA,29201050.98,34910126.93,62724744.36,4964691.79,15573194.38,7.6,66,4901,5488,Michelle Collins,Lorraine White DDS
1082,Get whole,Comedy,1999,01-04-1999,USA,7405799.01,4611432.27,7405799.01,752725.0,1899360.9,8.5,80,6045,57,Chad Peters MD,Brittany Kelly
1083,Return speech,Drama,1952,28-06-1952,USA,831630.16,405975.79,959039.41,93661.78,208382.37,6.6,89,1931,491,Ryan Tate,Nicholas Richards
1084,Believe,Comedy,1959,27-12-1959,USA,2878228.97,1210057.15,2878228.97,211634.04,576660.77,4.2,50,46890,790,Kelsey Ellis,Kimberly Johnson
1085,But history best,Sci-Fi,1990,28-07-1990,USA,2340885.95,4372458.49,6958708.86,1026666.7,2383062.56,4.7,51,2508,3508,Paul Weiss,Derek Jones
1086,Society seat,Action,1988,18-12-1988,Germany,34513927.26,21502376.12,36040105.86,5936287.37,10071297.83,6.4,64,5091,949,Karen Smith,Patrick Barnett
1087,Another cover knowledge,Comedy,2000,31-10-2000,USA,16409344.02,18641298.41,32870151.9,4624205.0,9942364.24,5.5,68,2798,1109,Daniel Brown,Elizabeth Holmes
1088,Board,Comedy,2022,10-10-2022,France,3841590.84,8389770.12,15075515.13,1511030.69,4383857.05,7.3,76,137,680,Tara Underwood,Benjamin Mitchell
1089,Billion move,Documentary,1988,29-09-1988,USA,3002491.7,1503227.63,3002491.7,407525.27,846104.09,6.4,66,1395,13286,Melanie Olson,Ashley Pena
1090,Likely stand,Horror,2018,12-07-2018,South Korea,11175277.24,20732568.89,49503358.01,5529610.13,10768049.49,7.6,85,297,91,Claudia Smith,Monique Harris
1091,Huge over,Documentary,2020,24-09-2020,France,2910481.85,1983793.7,2910481.85,555352.32,900430.88,8.5,64,827,192,Amanda Montgomery,Melissa Morales
1092,President these plant,Comedy,2018,19-04-2018,USA,7758424.49,25804335.69,37036445.24,2787250.24,11536354.85,7.6,90,830,86,Mark Moody,Ryan Hood
1093,Grow remain,Action,2011,13-12-2011,USA,10935732.14,7319421.63,10935732.14,767312.24,3140626.48,5.0,47,854,348,Kevin Green,Jennifer Moore
1094,Moment prepare class,Drama,2012,04-08-2012,USA,7475417.08,10269430.82,19800220.5,2778480.67,4170368.98,4.8,51,4120,247,Robert Webster,Rachel Howard
1095,Ability focus story,Comedy,1980,18-08-1980,France,1884413.03,3313379.57,8257371.89,938006.48,1599564.28,6.8,96,979,50,Jonathan Evans,Duane Fletcher DDS
1096,Because move industry,Horror,2023,16-02-2023,USA,1076498.52,1469805.39,2743558.77,219367.32,622864.82,7.2,68,24003,1741,Carolyn Schwartz,Sydney Jordan
1097,Parent white party,Action,1972,13-01-1972,USA,62873918.87,122535341.1,228213638.5,26220737.89,66118681.01,5.9,49,13182,566,Karen Smith,Meghan Johnson
1098,Town market and,Comedy,1967,18-12-1967,USA,642080.28,546094.63,1173659.72,57247.5,279354.01,7.8,85,275,332,Maria Lane,Nicole Turner
1099,Education travel democratic choose,Comedy,2015,04-10-2015,USA,13438727.81,8000226.97,19561042.82,2385531.21,3445903.93,8.6,91,11622,54,Michael Chung,Brandi Moon
1100,Sure last recognize,Drama,1989,01-06-1989,USA,3970217.74,8457478.25,15625969.3,1556562.9,4987089.5,7.1,68,398,1044,Joshua Baker,April Murphy
1101,Rise right,Romance,1975,14-03-1975,USA,1568251.08,827187.46,1568251.08,136317.82,357200.83,4.6,39,166,294,Nathan Bolton,Darren Jones
1102,Court available will,Romance,2018,18-07-2018,USA,12038699.27,10749596.77,19554112.27,2427045.25,5066873.86,7.7,77,1121,1300,Elizabeth Lane,Donald Benson
1103,Special near president,Drama,2018,15-06-2018,USA,1368690.23,3178331.46,5202638.67,342167.07,1557943.98,4.8,56,9264,4105,Seth Whitehead,Christina Buchanan
1104,Air member,Comedy,2013,31-10-2013,USA,15111703.99,24412660.45,53000962.06,5793948.06,12210382.92,5.8,43,1925,3686,Seth Whitehead,Sharon Brady
1105,Mother voice bad,Action,2021,06-12-2021,USA,2301109.66,1062746.23,2448110.08,116770.98,435361.89,8.5,91,5998,289,Heidi Cisneros,Douglas Bullock
1106,Responsibility wait,Action,2001,11-04-2001,India,75987727.85,135586247.4,193962265.7,21311490.97,54287992.34,5.4,53,543,461,Sophia Gomez,Mark Morris
1107,Institution region partner,Sci-Fi,2021,30-10-2021,Canada,2215490.87,2863558.88,4792983.76,298488.13,1169182.89,7.7,78,1500,241,Samantha Campbell,Teresa Santos PhD
1108,Born identify,Horror,2009,17-02-2009,USA,650981.49,382939.02,650981.49,96728.75,172298.51,9.0,70,9103,116,Sophia Gomez,William Crawford
1109,Buy appear tree,Drama,1955,19-04-1955,USA,12363607.28,7160519.24,12363607.28,1651092.72,3295445.38,5.0,53,748,836,Susan Farley,Tami Miranda
1110,Above its,Action,1991,21-12-1991,USA,723831.61,1090488.33,2222416.64,178845.23,585630.03,8.2,81,8820,162,Chad Peters MD,Sharon Brady
1111,Blood bad white speech,Thriller,2006,23-04-2006,USA,12307966.94,37634322.57,58672756.43,10040721.84,15940533.44,8.7,84,13411,97,Melissa Cohen,David Perez
1112,Clear close house,Action,2024,12-10-2024,Canada,3694488.75,1537199.66,3694488.75,234621.51,815484.43,8.3,85,2353,228,Mrs. Hannah Campbell DDS,Sarah Ross
1113,Simply offer rock,Action,2015,12-07-2015,Australia,3785309.3,6678613.78,15147292.03,1486818.63,3547800.7,7.4,72,69223,1128,Michael Richards,Mathew Castillo
1114,Under officer for,Comedy,2024,20-03-2024,USA,512176.82,489582.32,712811.82,89588.04,215142.71,6.1,51,2174,50,Diane Skinner,Sabrina Massey
1115,Follow community,Action,1951,17-12-1951,Canada,4725534.99,5317358.21,8827437.95,1084775.32,2921289.72,5.1,50,966,50,David Perez,Paul Glover
1116,Decade individual,Drama,1977,14-11-1977,China,8682468.04,11007857.42,25253356.78,2595182.37,6149990.58,5.8,45,51740,76,Carolyn Schwartz,Andrew Lyons
1117,Director source under,Comedy,1999,09-05-1999,Japan,1235513.64,788327.43,1937683.45,128763.3,364240.6,4.2,36,893,1017,Nicholas Murphy,William Washington
1118,Successful successful four,Drama,1979,26-08-1979,USA,1679783.35,2743220.1,4363427.27,710486.96,1301503.61,7.6,85,1835,4289,James Miller,Tracy Williams
1119,Friend,Thriller,2018,18-07-2018,UK,4357775.35,7441144.07,12857863.12,902617.4,3287419.28,5.1,50,1635,50,Brooke Morales,Andrew Lyons
1120,Tonight avoid,Romance,2014,29-07-2014,USA,9329122.39,24691897.99,41325462.49,3166837.46,11273136.5,7.3,72,634,50,Denise Horne,Jennifer Cook
1121,Although rise figure,Drama,2002,29-11-2002,USA,190317.89,150986.01,291734.33,45139.29,74892.69,7.2,57,314,3744,Paul Weiss,Robert Walker
1122,Morning action,Romance,2012,18-03-2012,USA,2561037.41,5929459.61,10446618.89,1522439.52,3026530.59,5.1,31,620,2373,Benjamin Hudson,Cody Peters
1123,Write claim,Drama,2014,12-10-2014,Japan,9920276.37,6111401.07,11467402.14,1031029.37,2755115.15,4.5,32,11288,3204,Kevin Green,Lynn Pierce
1124,Republican should wife,Action,2018,26-02-2018,USA,254344.17,815987.01,1263459.64,122193.9,375880.82,8.2,73,2729,85,Brenda Smith,Sharon Brady
1125,Major any find,Drama,2016,12-01-2016,South Korea,7611430.32,5251756.32,7611430.32,1101466.61,2410321.06,8.6,82,336,214,Darrell Carlson,Shawna Bryant
1126,Activity miss though,Drama,1954,12-09-1954,USA,82276687.23,56304073.56,82276687.23,7594083.16,31954855.26,7.9,76,1854,383,Anthony Henry,Karen Shaffer
1127,Society trial,Comedy,1996,01-06-1996,USA,3809505.16,9049112.43,14994515.11,1067951.93,5385118.89,8.8,98,2410,2489,Vanessa Fox,Samantha Sanders
1128,Type Republican,Action,2010,01-01-2010,France,556705.19,336324.82,784198.12,60274.22,179140.27,8.7,75,15024,50,Ryan Tate,Lauren Horton
1129,Else office,Horror,2024,12-04-2024,USA,1909635.25,3708448.5,7902195.64,969867.17,1845668.86,6.4,67,4040,933,Albert Phillips,Shawn Washington
1130,Say him happen,Action,1994,27-04-1994,USA,432233.02,437694.57,655915.4,45555.89,230594.28,6.9,70,982,620,Megan Sharp,Benjamin Walters
1131,Full attention per,Comedy,2016,03-12-2016,USA,1926048.83,4811220.4,7601907.84,1131260.38,2260252.61,7.1,79,3295,1750,Lori Callahan,John Jones
1132,Ground since might,Documentary,1994,25-04-1994,Germany,561968.19,1403509.31,2574695.94,300005.74,600245.02,7.9,68,211,90,Bryan Murray,Jason Ramos
1133,Approach sea important,Comedy,2010,22-06-2010,USA,1445625.21,3085725.21,4821493.25,527944.5,1345806.01,8.8,100,6634,281,David Lee,John Strickland
1134,Both back these,Drama,1981,12-04-1981,Canada,709878.92,1463638.49,2353786.12,407064.87,640129.25,3.7,32,4835,1381,Mary Mitchell,Julie Hoffman
1135,So car hit,Drama,2019,09-10-2019,Canada,1276772.77,658535.11,1602730.36,194358.58,350877.3,7.3,63,1478,50,Susan Farley,Dennis Perry
1136,Wear deep,Documentary,1981,23-10-1981,USA,2908684.86,6352543.87,13251832.21,779258.19,3384530.91,5.7,59,1275,402,Kim Watkins,Kristin Cook
1137,National year,Comedy,2017,22-11-2017,Australia,6839025.37,5395075.56,8651585.47,1540746.02,2306490.95,8.4,71,4787,4316,Eric Ramirez,Chelsea Armstrong
1138,Something total development,Drama,2001,26-09-2001,USA,5583931.28,5873233.24,8508582.18,1489127.37,2479073.93,5.6,59,5055,50,Jerry Owens,Kimberly Ramirez
1139,Onto information,Drama,1975,19-06-1975,Australia,624926.21,1569427.86,2318898.57,315597.97,681356.56,7.1,69,993,308,Kristina Moore,Shawn Washington
1140,Forget for anything,Documentary,2024,31-03-2024,USA,722066.13,1870852.36,3037595.18,408263.06,979860.61,7.4,94,278,1211,Mrs. Hannah Campbell DDS,David Martin
1141,Data,Comedy,1996,09-01-1996,USA,45769027.47,147412538.6,224561991.2,19044104.22,73420814.39,7.9,67,1108,1258,Julie Maxwell,Jennifer Leach
1142,Begin draw,Documentary,2016,18-11-2016,USA,17075027.8,47545253.27,83323654.25,12027443.92,28187989.7,4.9,33,962,50,Joseph Willis,Diane Jacobs
1143,Boy like indicate,Sci-Fi,2024,04-07-2024,USA,1744633.92,4678278.53,8379528.05,675979.34,2252786.94,8.1,68,1226,50,Brandon Fuller,Matthew Simmons
1144,Hotel development animal,Thriller,2005,24-01-2005,USA,88673776.01,48219856.94,91872868.43,8871664.46,26314690.02,8.4,89,681,252,Thomas Peterson,Michael Ramirez
1145,Born sport important,Romance,2012,08-01-2012,USA,13551966.82,25301868.26,57640609.0,7470440.64,10447527.27,8.5,81,724,50,Faith Franklin,James Nichols
1146,Watch kitchen amount rate,Romance,2003,17-02-2003,USA,1295256.39,2664588.14,6167031.11,783105.63,1237408.39,5.1,55,3354,525,Michael Manning,Courtney Butler
1147,Tough,Drama,1966,02-05-1966,USA,667170.63,906739.02,1553392.68,105428.65,514549.24,7.4,90,2379,651,Maria Lane,Daniel Hughes
1148,Hotel maintain,Drama,2024,22-08-2024,China,226655.71,416988.97,955650.85,110576.13,229648.05,6.3,60,2346,2265,Jerry Owens,Melissa Morales
1149,Room resource,Horror,1981,11-04-1981,USA,7233938.0,11710700.28,17814744.02,1171414.53,5231099.11,9.8,99,8410,1757,Troy Cochran,David Lopez
1150,Center every,Action,2009,19-01-2009,USA,217997.48,229763.39,524831.87,46640.92,110624.62,6.3,75,5172,10434,Melissa Cohen,Anthony Cross
1151,Experience begin,Drama,2017,27-12-2017,India,2168093.4,4283145.35,9312692.29,719731.56,1915937.21,6.5,69,1811,252,Patricia Munoz,Teresa Santos PhD
1152,Write claim,Drama,2017,19-09-2017,Germany,2364163.02,2025983.02,2989662.97,331869.95,852585.92,6.6,73,2089,271,Mary Mitchell,Ronald Thompson DDS
1153,Those their,Drama,1972,16-09-1972,USA,669674.55,952227.23,1898626.51,114083.19,551930.56,6.8,78,3545,2269,Michael Chung,Stephanie Stokes
1154,Turn manager well,Action,1990,19-05-1990,Canada,144338.43,312792.98,523843.82,66183.93,155148.96,5.3,59,18330,58,Robert Webster,Carla Dougherty
1155,Space position imagine,Horror,2003,26-04-2003,Japan,497289.92,959605.95,2120940.45,260753.07,572739.22,8.7,95,1545,134,Michael Richards,Ronald Thompson DDS
1156,Although most,Horror,2006,02-11-2006,Australia,3750373.44,6369299.93,10928339.53,1522639.59,3050967.46,7.1,72,781,1142,Anthony Rowland,Lisa Castro
1157,Half mouth learn,Drama,1995,12-01-1995,USA,1959154.05,1307733.76,2623286.02,245984.67,783504.78,5.5,57,740,6754,Colleen Willis,Ashley Gilmore
1158,Mrs reality,Drama,1979,06-02-1979,India,28025959.27,35089109.18,86830125.56,9155238.89,20484388.23,10.0,100,6475,50,Seth Whitehead,Lisa Castro
1159,Tend sort,Sci-Fi,1999,11-04-1999,USA,656966.84,750239.12,1610492.68,81778.0,338457.94,5.8,65,7195,1951,Susan Farley,Joseph Contreras
1160,Matter home nearly,Drama,1987,12-04-1987,USA,2561192.57,1709632.23,2561192.57,319427.72,846194.77,6.0,71,1305,3176,Jessica Gonzalez,William Washington
1161,Focus mention huge,Drama,1992,18-09-1992,USA,243409255.9,544846874.0,808268731.2,88377486.26,219513164.4,4.8,42,1730,15866,Donna Wagner,Lorraine White DDS
1162,Country usually,Drama,1983,12-06-1983,USA,53242232.07,46328097.93,70194518.49,11485899.75,24669714.46,6.6,72,3460,2179,Joseph Willis,Sandra Farmer
1163,Physical themselves money,Romance,2011,17-05-2011,USA,4360610.82,3587340.31,6280880.03,428477.67,1970582.28,4.9,41,37426,2362,Shannon Ross,Alison Clark
1164,Able raise,Action,1996,03-03-1996,USA,2533720.79,2906146.2,5348548.91,694461.75,1196916.64,7.9,68,16017,584,Jerry Owens,Benjamin Mitchell
1165,Yourself wrong appear,Drama,1963,01-08-1963,USA,5153211.79,4713688.16,10359789.05,603919.55,2690788.66,8.3,83,1269,231,Suzanne Gonzalez,Dustin Jackson
1166,Though capital expect,Romance,2008,08-10-2008,USA,605766.83,1105323.18,2152348.59,245731.1,564181.56,5.1,51,5739,220,Philip Simmons,Pamela Lopez
1167,Face woman bring,Comedy,2019,06-02-2019,France,5131353.93,13339041.94,24009398.36,3871081.24,6541827.38,6.7,57,6521,50,Chad Koch,Amanda Jenkins
1168,Save recent,Horror,1996,05-05-1996,USA,121726.24,237350.94,568651.49,60779.06,95979.97,7.1,47,164,2120,Susan Farley,Mark Smith
1169,Performance raise he skin,Horror,1978,25-02-1978,USA,1025545.99,535849.47,1045820.74,58475.55,306845.62,6.8,76,11002,545,Brooke Morales,Ashley French
1170,Even class table,Comedy,1986,18-04-1986,China,15271272.48,20006333.63,29122499.94,3015250.65,11353979.4,4.9,36,34518,387,Brandon Fuller,Amanda Jenkins
1171,Argue operation,Romance,2019,29-05-2019,USA,52247346.47,78887184.63,171419716.5,10402072.09,32778901.33,4.3,55,376,540,Mary Mitchell,Casey Collins
1172,Market miss wrong,Comedy,2023,22-12-2023,USA,53390250.59,56917616.1,83161309.59,7997662.74,23318498.58,4.5,42,2672,73,Joshua Baker,Monique Harris
1173,Difference sport face,Romance,2003,17-12-2003,USA,6372876.53,12839539.58,20662581.68,1911424.68,5333190.1,7.6,76,476,1215,Jerry Owens,Richard Miller
1174,Care similar think action,Sci-Fi,2021,14-07-2021,USA,194531542.8,570956412.8,937562376.0,128035646.1,251073427.1,6.9,61,5834,2460,Bethany Rodriguez,Trevor Lee
1175,Citizen movie year,Drama,2013,02-10-2013,USA,28852948.81,70910966.35,139080194.1,14072877.44,41311639.21,7.3,60,146,278,Maria Lane,Jason Mercer
1176,None soon structure,Thriller,1977,28-12-1977,USA,17015787.33,20031605.77,45551700.48,5988407.02,9827215.74,6.8,56,1605,133,Ryan Tate,Olivia Ortiz
1177,Exist president manager,Drama,2017,12-03-2017,USA,1635924.79,2057654.45,3417794.66,408533.83,836684.49,5.2,61,3280,101,James Cross,Sierra Brooks
1178,Show top decide,Comedy,2020,08-08-2020,USA,1889009.42,4570770.74,7797252.07,629559.38,1945668.88,7.3,58,8563,1868,Nathan Bolton,Kevin Fernandez
1179,Attention for,Thriller,2020,15-01-2020,USA,6073004.04,10374241.04,16629640.92,2417496.88,5293004.87,8.3,92,3588,72,Donna Wagner,Kathryn Stevenson
1180,Training director suggest,Comedy,1981,04-08-1981,China,969226.45,756102.04,1354033.33,117940.93,411454.13,4.2,66,2705,536,Jeremy Ray,David Martin
1181,A from,Comedy,1984,22-01-1984,USA,19775873.9,58034856.83,95811023.5,13589719.12,25368769.99,9.1,82,847,115,Brenda Smith,Eric Obrien
1182,Impact use,Comedy,1996,23-06-1996,USA,510034.26,646913.07,1122419.18,73748.64,286610.08,8.3,78,10318,50,Michelle Collins,Mark Morris
1183,Around,Comedy,1999,29-06-1999,USA,4925421.63,6152896.78,13363390.41,1086422.09,2742521.43,7.1,67,3910,1626,Robin Hooper,Johnathan Chen
1184,Both hard,Drama,2018,21-01-2018,USA,13492249.77,18690291.73,43096566.24,4155693.22,9854195.92,4.6,47,2390,759,Robert Webster,James Nichols
1185,Push analysis financial wonder,Drama,1983,18-07-1983,India,10041920.73,5275349.56,10041920.73,527764.63,2138214.27,5.0,50,38316,969,Adriana Campbell,Sarah Ross
1186,Note argue,Thriller,1983,02-01-1983,USA,6775482.94,6216725.3,11605188.94,1296948.86,3583197.08,3.9,41,3453,745,Jordan Orozco,Samantha Sanders
1187,Argue high hundred,Action,2019,31-03-2019,USA,37046727.82,41365794.19,79354927.12,10091802.79,21790819.98,5.7,53,1163,110,Tyler Sanchez,Becky Dean
1188,Actually crime,Drama,2012,06-08-2012,India,6392978.45,16265597.03,31426164.38,3929960.17,6589454.2,8.2,77,12675,12832,Michael Chung,Ashley Gilmore
1189,Our leave five,Comedy,1991,03-08-1991,UK,835767.96,1430408.42,2109911.96,176011.84,696682.85,4.9,45,1151,666,Jason Jones,Chad Santiago
1190,Top after,Drama,2021,19-10-2021,China,20835837.83,8820863.32,20835837.83,2163095.63,4523503.86,9.6,93,4326,281,Michael Ross,Brandon Mcguire
1191,Study across let state,Comedy,1973,07-06-1973,USA,4701937.19,12731452.98,20560211.34,2032591.41,7154195.8,4.1,48,3869,50,Kimberly Barker,Mrs. Margaret Smith
1192,Old believe,Thriller,2022,09-04-2022,USA,1611481.34,1081457.4,1611481.34,121565.76,515946.4,7.1,92,7864,786,Bryan Murray,David Castillo
1193,Weight daughter cut,Thriller,1992,15-02-1992,Canada,8753696.64,19123269.0,29590487.82,3739979.59,10349342.67,7.8,97,745,118,Darlene Murphy,Jennifer Hendricks
1194,Air member,Drama,1970,03-05-1970,USA,3188983.47,3746908.41,7369078.32,849409.5,2007536.8,5.3,44,2086,50,Troy Cochran,Robert Walker
1195,Door design appear,Comedy,2017,12-04-2017,China,2306023.95,5323262.24,8450611.54,1389173.3,3151038.99,8.5,100,2297,147,Renee Campbell,Julie Hoffman
1196,Trade boy impact,Romance,2014,02-11-2014,USA,1605861.63,1800233.58,4496123.22,384738.3,973763.26,5.7,52,21943,356,Shannon Ross,Brandon Green
1197,Option series,Action,2007,24-05-2007,France,4751500.89,12315371.34,20278316.69,1763726.66,4942044.72,4.1,41,1812,772,Nicholas Murphy,Laura Wilson
1198,Likely above alone,Drama,2011,26-06-2011,USA,2523896.35,1092957.17,2598111.38,227091.62,579252.87,7.0,61,17052,472,Jessica Gonzalez,Julie Hoffman
1199,Deep reach,Drama,2025,16-05-2025,USA,11698026.22,29899700.82,54506603.43,7730731.01,15722727.24,5.6,49,209,561,Darlene Murphy,Jimmy Smith
1200,Voice man,Thriller,1968,12-03-1968,USA,10460995.68,6406554.83,10460995.68,981009.35,3649987.72,7.6,59,1800,177,Jacqueline Briggs,Carla Dougherty
1201,Network,Drama,2002,14-02-2002,USA,4538374.62,5900668.57,13296839.12,1590041.74,3061846.46,5.0,53,26345,3200,Paul Weiss,Patricia Ramirez
1202,Exactly maybe letter,Drama,1958,24-11-1958,UK,47803248.22,44469788.22,72589660.12,6097279.63,22874265.33,10.0,100,100,491,Robin Hooper,Robert Garcia
1203,Billion move,Romance,1982,18-11-1982,USA,3731791.0,7279344.27,15869476.8,1966155.63,3483799.93,7.1,78,59092,432,Jonathan Evans,Gabriel Mathis
1204,Stop prevent hospital,Action,1986,16-05-1986,UK,225900.52,162080.45,244918.93,18716.0,79175.87,4.7,43,2564,1424,Jeffrey Neal,David Castillo
1205,Late number character,Drama,1998,21-11-1998,USA,2251176.11,3328710.14,5395734.23,875742.09,1534628.25,5.8,55,221,113,Janice Taylor,Elizabeth Holmes
1206,Tough debate,Action,1996,09-07-1996,USA,3226865.08,2025676.45,3636326.72,259677.83,1158632.32,7.6,71,2421,228,Samantha Campbell,Lisa Castro
1207,Not himself rule,Sci-Fi,2018,09-07-2018,USA,4138070.5,2922976.25,5772506.59,701843.47,1719736.63,5.2,58,4504,6669,Jeffrey Myers MD,Kimberly Johnson
1208,Key,Thriller,1983,05-01-1983,USA,3642271.19,3207759.17,6061784.92,497390.85,1835237.55,7.8,70,966,387,Courtney Reynolds,Gina Fernandez
1209,Others buy,Romance,1997,26-07-1997,USA,41959271.78,44358845.79,65019249.23,5986379.33,20719268.1,7.7,78,2856,3282,Anthony Rowland,Jimmy Smith
1210,Turn actually,Comedy,1983,01-11-1983,USA,3198780.09,5790526.2,13831603.47,956669.97,3175941.09,6.4,59,679,274,Terry Lawrence,Thomas Hill
1211,Chair seat away ago,Comedy,2011,11-07-2011,USA,3495329.79,7638714.83,11057763.72,2127797.37,3393430.38,3.6,32,3187,132,Lisa Atkins,Benjamin Walters
1212,Among development force,Sci-Fi,2024,06-09-2024,USA,16619846.22,29064122.94,48094574.58,4171918.76,15886547.97,6.0,63,4492,470,Jerry Owens,Robert Walker
1213,Pretty so listen,Romance,1968,20-01-1968,USA,7615755.92,18542057.2,26520959.73,4061081.4,9391902.14,8.5,82,4803,50,Bethany Rodriguez,Christopher Benson
1214,Game personal,Romance,1989,26-09-1989,Australia,3865963.14,3023656.78,7253444.65,786651.61,1737566.89,4.8,50,421,169,Crystal Harris,Nicholas Williamson
1215,Use economy history,Drama,1989,15-12-1989,USA,3817410.73,3949065.1,6046556.87,1137877.03,1663126.4,8.8,100,100,50,Anthony Rowland,Isaiah French
1216,Everyone approach,Thriller,1970,24-02-1970,USA,193989418.5,117056696.2,203245244.8,13107833.0,55549114.34,6.5,58,4336,669,Elizabeth Lane,Mrs. Stephanie Palmer
1217,Next media marriage,Comedy,2016,21-08-2016,USA,5554324.46,7227190.89,15817411.57,950523.33,4295970.34,7.3,71,1508,479,Carolyn Schwartz,Stephanie Ferrell
1218,Try true,Thriller,1997,26-06-1997,USA,192409.19,99458.69,192409.19,26356.05,54945.97,6.5,47,4682,50,Amanda Cantrell,Nicole Turner
1219,Long amount,Romance,1998,11-06-1998,USA,997739.02,1582919.11,2327401.24,390708.52,918491.39,8.0,75,2514,76,Shannon Ross,Joseph Gonzalez
1220,Stuff way small,Romance,2010,14-05-2010,USA,597262.72,387065.4,612874.27,49104.84,170892.94,7.2,70,9382,8073,Mark Brooks,Anna Vasquez
1221,Make health worry maintain,Romance,2007,18-12-2007,USA,1674512.55,3292168.49,6275097.47,746100.58,1716033.88,1.9,28,7918,50,Mark Brooks,Amanda Jenkins
1222,Art paper position,Drama,2001,04-09-2001,USA,26772789.03,52838757.2,107830919.9,11517810.3,23983429.84,6.8,64,42622,470,Jeremy Ray,Jennifer Richards
1223,Senior could hold,Drama,1995,04-08-1995,USA,12843739.62,14561468.17,20962840.24,3993610.43,8491650.8,5.3,54,814,59,Claudia Smith,Kimberly Ramirez
1224,Lot natural,Sci-Fi,2010,13-05-2010,USA,1757849.88,1224307.07,2445055.42,261372.43,629131.16,6.8,73,647,6811,Emily Miller,Adam Montes
1225,Others policy many,Comedy,2013,02-03-2013,USA,1555177.48,4011054.75,6785108.03,1161040.53,1821964.97,5.4,53,18681,7321,Kimberly Barker,Robert Reynolds
1226,American,Drama,1993,21-02-1993,USA,2286032.55,1673090.07,3088188.75,287759.97,914127.3,6.1,57,1289,209,Elizabeth Lane,Miranda Armstrong
1227,Technology cup sport,Horror,1995,04-05-1995,USA,1532649.76,1736412.66,3608768.67,479146.14,1003186.79,7.0,44,1831,734,Jonathan Evans,John Jones
1228,Leg network,Comedy,2012,16-11-2012,USA,2105802.46,4909680.24,8964105.89,1401238.4,1983053.19,4.5,44,1017,50,Charles Lopez,Brian Rodriguez
1229,Left set reduce,Drama,2012,16-01-2012,USA,10598085.76,22905104.25,46951316.59,4063293.61,11454891.17,7.3,75,25149,955,Alyssa Adams,Brian Mccormick
1230,Rest large available,Action,1961,17-07-1961,UK,1255740.23,1494932.69,3498786.48,360256.97,823460.81,6.2,57,6957,5780,Oscar Santos,Timothy James
1231,Near manager,Thriller,2022,26-09-2022,Canada,596576.63,1212700.39,2014329.71,325496.28,573761.6,8.1,78,1858,193,Diana Davis,Paige Gonzalez
1232,Throw culture treat,Comedy,2001,05-03-2001,USA,618488.51,1411003.25,2794188.8,345328.06,723047.29,4.4,39,2107,50,Heidi Cisneros,John Strickland
1233,Try able carry,Drama,1995,27-10-1995,USA,1683494.92,1793882.38,3356948.05,372578.94,1037889.87,7.6,89,801,71,Karen Robinson,Jimmy Smith
1234,Dog,Action,1980,17-06-1980,USA,2458091.9,1924063.16,3638935.63,287066.46,800058.44,9.0,76,15733,690,Jeffrey Neal,Meredith Williams
1235,Shake former,Horror,1997,04-02-1997,USA,2367171.24,1137045.29,2367171.24,245729.94,654233.03,5.4,48,8174,194,Jerry Owens,Miranda Armstrong
1236,Source risk a,Action,2021,17-12-2021,USA,2727090.23,5370044.74,13092381.9,1009524.26,3188712.76,6.2,72,10835,6662,Mary Mitchell,Tricia Thomas
1237,Clearly especially require,Drama,2005,24-06-2005,UK,14812457.18,6385077.76,14812457.18,1174743.7,3790826.83,8.7,90,3169,96,Caitlin Brewer,Tonya Campbell
1238,Maintain record,Drama,1993,17-09-1993,USA,1591710.29,4316950.14,6852382.24,1201785.19,2078901.75,7.0,44,4644,332,Karen Robinson,William Brooks
1239,Size policy table,Sci-Fi,2023,29-08-2023,France,21477037.05,20182855.26,42371186.55,5347578.72,8246804.62,7.6,79,675,965,Tyler Sanchez,Heather Williams
1240,Break choice pressure,Romance,1958,05-07-1958,USA,257208.62,208973.9,333630.37,57868.11,111150.76,6.1,68,13483,168,Dr. Michael Monroe,Lauren Richards
1241,Director source under,Horror,1958,19-01-1958,USA,33251656.16,63143351.78,131669425.7,14951794.16,34213982.33,6.7,62,5466,2183,Jordan Orozco,Ashley Gilmore
1242,Pm wind,Drama,1983,17-04-1983,USA,2678010.05,2250754.14,5139667.03,661608.64,922464.57,6.1,60,1348,95,Christian Hernandez,Kevin Fernandez
1243,Employee mean southern hard,Horror,2021,16-03-2021,USA,1764730.08,1188668.14,1764730.08,290544.68,679141.16,4.2,48,42317,606,Benjamin Ray,Kathryn Stevenson
1244,Summer get,Drama,2016,08-12-2016,USA,6032479.79,7347230.94,17209384.58,1151143.97,3652174.5,3.4,22,39303,241,Michael Manning,Jeffrey Jenkins
1245,Sense suggest,Horror,1997,24-07-1997,Canada,2625552.32,4952652.05,11649567.14,726146.12,2826004.79,6.4,68,10154,1055,Judy Walker,Jennifer Hendricks
1246,Once lot today up,Comedy,1993,20-02-1993,USA,6882761.6,11635951.84,18855639.93,1816214.44,5718881.59,6.3,66,3584,13123,Diana Davis,Casey Collins
1247,Little under,Romance,2010,16-07-2010,USA,6369833.12,11864179.4,19803101.07,2872344.68,7071699.21,3.5,26,5372,50,Thomas Peterson,Ariel Mills
1248,Plant cultural media,Horror,2019,07-11-2019,UK,558228.79,365457.59,558228.79,52863.02,172153.52,9.2,82,6816,110,Michael Chung,Brandon Davidson
1249,Important head Congress,Action,2004,09-05-2004,USA,5598832.49,10221215.46,17001373.27,2654908.5,6003178.43,6.2,78,2457,694,Patricia Munoz,Eric Obrien
1250,Near pay,Action,2012,17-01-2012,USA,665861.42,882559.12,1262447.23,185084.41,485836.43,6.3,59,7337,7196,Melanie Olson,Jeanette Archer
1251,Who girl brother,Drama,2006,08-02-2006,UK,14244674.36,35857684.53,53961737.2,9431004.7,16653864.85,5.9,52,4459,209,Dr. Jonathan Long,Douglas Bullock
1252,Argue,Drama,1964,08-10-1964,USA,3176518.04,3388667.0,6805295.12,767156.95,1857076.07,4.3,24,2602,184,Vanessa Fox,Corey Johnson
1253,He above stage,Drama,2007,30-09-2007,USA,1419945.5,2667229.07,5126981.47,288988.39,1355276.84,4.6,50,1107,248,Karen Barrett,James Erickson
1254,Republican doctor could,Drama,1958,12-05-1958,Canada,2578719.77,5010692.18,11204713.24,1106418.04,2127283.64,4.9,58,2910,50,Melissa Hernandez,Cindy Barnes
1255,Dog,Sci-Fi,1973,01-01-1973,USA,1845417.52,1458639.38,2455467.58,291669.3,748397.16,8.7,96,1115,3042,Mary Mitchell,Jorge Thompson
1256,Couple opportunity around computer,Comedy,1991,15-04-1991,USA,1379669.24,2064260.47,3096727.46,426547.87,1035211.82,5.8,60,10210,1160,David Lee,Heather Allison
1257,Research game I,Comedy,2023,02-09-2023,USA,8155324.35,12922679.38,22593619.67,2587970.96,6997163.92,3.5,44,2053,2449,Brandon Fuller,Tyler Cooper
1258,Event usually,Comedy,2016,14-09-2016,USA,2524782.74,4394225.64,9824557.99,1262645.93,1789698.55,5.5,59,13428,52,Joseph Willis,Alexandra Benitez
1259,Truth increase lead,Action,2003,28-01-2003,USA,16860164.19,11454883.86,16860164.19,2728550.7,6521583.67,6.8,62,1498,50,David Morris,Dustin Jackson
1260,Media staff executive purpose,Thriller,2005,22-01-2005,USA,904967.86,1312754.81,2412109.69,264223.52,685383.78,5.8,38,15325,98,Jonathan Evans,James Nichols
1261,Take science admit subject,Drama,1999,26-12-1999,UK,9265583.95,16865744.08,33442622.77,3468542.47,7494712.17,6.9,67,2161,3110,Sonya Clark,Melissa Melendez
1262,Add likely,Comedy,2000,06-08-2000,USA,1845825.85,3441158.98,5244681.91,967860.42,1776915.33,5.7,67,3259,949,Caitlin Brewer,Ryan Hood
1263,Resource laugh,Action,1967,04-08-1967,USA,7716386.87,10021128.31,19557936.05,1917245.15,5748840.08,7.7,83,15824,663,Caitlin Brewer,Stephen Clark
1264,Bring,Thriller,2000,13-11-2000,USA,11277881.43,21685263.01,50575225.97,6237506.25,9582158.01,9.0,96,5218,1715,Christian Hernandez,Robert Walker
1265,Sometimes doctor increase,Drama,2006,09-06-2006,Australia,1074134.13,2073523.82,3821836.28,532166.33,962323.28,7.8,80,23264,50,Kelsey Ellis,Jorge Kennedy
1266,Small either,Comedy,1985,21-05-1985,USA,14046758.32,31045004.74,50690533.67,4098883.13,12974556.94,6.6,68,5381,3805,Mr. Jorge Anderson,Joy Huber
1267,Public position student,Comedy,1984,30-06-1984,Australia,34806867.56,63032272.59,102916008.3,18905699.17,28041495.21,5.7,57,687,1523,Mrs. Hannah Campbell DDS,Eric Perry
1268,Last head everybody strategy,Action,2008,23-04-2008,USA,3346239.81,1690949.12,3346239.81,330205.17,1003214.69,4.8,38,3941,379,Amber Anderson,Samantha Sanders
1269,Despite relationship,Thriller,2020,04-03-2020,Canada,320060.59,1068922.78,1562259.75,216650.73,552120.91,6.1,65,3484,4971,Manuel Benton,Chad Santiago
1270,Wall similar,Comedy,2002,30-10-2002,USA,6357183.33,4279278.9,7173583.97,597430.0,2337337.06,6.7,69,16813,363,Michelle Collins,Brenda Gomez
1271,Base through especially,Thriller,1988,09-08-1988,USA,428314.55,329586.26,649158.6,81263.48,175374.97,6.1,71,2387,50,Elizabeth Lane,Sharon Riley
1272,Run him never,Documentary,1964,18-09-1964,USA,5781663.86,12518630.04,22276861.66,1664105.95,5466139.55,4.5,43,4021,71,Brian Robinson,Mrs. Stephanie Palmer
1273,Modern this field,Comedy,1971,07-02-1971,USA,6134056.23,5490230.15,8192032.9,1147588.18,3189272.95,9.1,82,59325,1731,Diane Skinner,Christopher Benson
1274,Three find,Drama,1973,10-05-1973,USA,2437104.32,6531762.71,9402126.67,1061358.6,3487062.04,7.1,80,17626,50,Nathan Bolton,Nicholas Williamson
1275,Front view,Thriller,2025,30-07-2025,India,3224338.84,6555779.33,10347437.48,1830290.26,2763537.76,6.7,65,6768,3306,Melissa Hernandez,Eric Perry
1276,Paper stand use author,Thriller,2013,25-05-2013,USA,3188015.42,2063913.73,3693872.45,347605.74,892717.15,8.6,87,2384,8458,Claudia Smith,James Erickson
1277,Education travel democratic choose,Comedy,1989,07-05-1989,USA,9093206.82,5800010.61,10080503.6,1468252.8,2954981.72,3.7,19,15513,1658,Jeremy Ray,Jessica Scott
1278,Wish,Action,2007,07-01-2007,USA,3518881.09,3437256.82,5694474.89,937884.28,1722826.57,9.9,71,836,126,Colleen Willis,Mathew Castillo
1279,Type,Romance,1989,17-08-1989,USA,884991.1,598972.83,1077697.22,61180.74,344625.65,9.3,100,168,106,Francisco Ford,Patricia Keller
1280,I those,Drama,2001,31-12-2001,USA,11123845.89,30165202.28,45537638.12,3116096.27,13604250.81,7.1,60,4748,50,Rachel Kirby,Kristina Krause
1281,Back month,Comedy,1982,04-03-1982,USA,60922631.93,152279404.9,226587963.4,17342026.7,86253674.14,4.8,57,2020,50,Shannon Ross,Ashley Reeves
1282,Than appear middle,Comedy,1956,04-07-1956,USA,135366.28,281941.06,587315.32,68804.59,129222.56,4.9,46,539,1341,Brian Robinson,Richard Mata
1283,Hit item,Horror,1994,29-11-1994,USA,8474288.6,10787816.92,18160361.97,3031451.27,5589939.02,5.2,47,883,8746,Lori Callahan,Mark Crosby
1284,Star dog design,Drama,2015,22-05-2015,USA,4238588.53,9706640.54,14593572.7,1148669.2,4818425.04,6.8,59,6570,111,Ashley Medina,Jeffrey Haley
1285,Carry bag increase piece,Documentary,1995,15-04-1995,France,796108.44,1348474.24,2270840.19,323199.14,718413.58,6.3,53,6479,155,Courtney Reynolds,Timothy George
1286,Cost box likely,Horror,1988,16-05-1988,USA,1877791.97,5423750.0,7846091.39,658234.36,2797408.8,8.3,82,8360,485,Heidi Cisneros,Brian Rodriguez
1287,Democrat while,Action,2023,01-11-2023,USA,14405048.69,28136321.92,61800046.65,6902518.65,15071262.66,6.7,67,2822,490,Shannon Ross,John James
1288,War address tough,Drama,2024,08-06-2024,USA,17916880.61,8387315.47,19679186.68,1040810.01,3493613.46,6.0,72,21085,50,Lisa Atkins,Jacqueline Cooper
1289,Back apply,Thriller,2018,08-04-2018,UK,919127.8,1492076.11,2316934.8,154204.63,834099.52,6.9,68,17132,871,Charles Lopez,Joel Hunt
1290,School need receive me,Horror,2001,30-04-2001,USA,4849583.4,12312030.67,18021001.79,2129399.68,5878194.83,4.3,28,278,58,Rachel Kirby,Jennifer Hall
1291,Thus by fire,Comedy,2019,19-08-2019,USA,4753380.36,7146158.3,11341142.61,1582317.04,3925525.46,6.5,76,5507,50,Robert Webster,Jamie Cunningham
1292,Future task,Drama,2005,06-07-2005,USA,817373.35,1409923.91,3059881.73,213807.03,592325.57,4.9,60,864,347,Renee Campbell,Christopher Hurst
1293,Provide,Comedy,2020,10-10-2020,USA,903005.71,442160.5,962747.9,71133.74,179273.71,7.4,59,629,288,John Jones,Ashley Reeves
1294,You finish,Drama,1991,06-04-1991,USA,1688062.8,4019673.26,7221485.33,1109479.52,2127036.76,6.8,76,279,75,Janice Taylor,Rodney Smith
1295,Seek you group,Comedy,1992,07-08-1992,Japan,19044315.2,41184489.46,86950774.09,8447701.55,20665922.49,7.9,52,2060,50,Seth Whitehead,Pamela Frey
1296,Attack total other,Horror,2019,02-05-2019,USA,6909891.43,9836637.85,17435399.23,1647378.3,5316429.35,3.1,37,1114,93,Michael Ross,Adam Montes
1297,Ability fight,Comedy,1973,31-03-1973,Australia,357362.85,505433.79,921393.76,97270.22,205420.68,7.9,81,3898,5698,Maria Lane,Michael Hughes
1298,Radio during,Comedy,2001,26-05-2001,USA,2331994.04,4009647.11,7339952.97,590024.46,1777688.67,8.7,99,14932,50,Shannon Ross,Teresa Davis
1299,Skin huge,Comedy,1976,02-04-1976,USA,2897114.67,7373072.29,11822934.06,949744.25,2953931.81,5.2,48,261,50,Lori Callahan,Joel Hunt
1300,However listen each,Sci-Fi,1994,14-06-1994,UK,189340543.0,400524006.1,667678907.0,86224235.37,169862094.7,6.9,63,3070,50,Brian Robinson,Tami Miranda
1301,Card ok,Comedy,2000,22-06-2000,Japan,5978521.05,7315101.43,17026259.85,1631971.0,4334609.77,6.4,50,8994,1374,Sean Howard,Becky Kerr
1302,Music apply,Drama,2001,01-12-2001,USA,331582.36,452571.34,1053914.8,127158.94,203555.36,7.9,100,5152,50,Caitlin Brewer,Morgan King
1303,Boy million,Romance,1997,22-09-1997,USA,3062080.51,2221993.81,4897779.57,445088.22,1026867.02,7.1,56,4674,50,Rachel Hayes,Ashley Pena
1304,However marriage,Romance,2023,25-08-2023,USA,10853626.92,11788580.19,21034497.67,2116239.49,5053069.3,6.3,55,100,235,Melanie Olson,Teresa Davis
1305,Art message despite,Drama,1981,12-02-1981,Australia,7328027.37,6720745.91,12940661.5,695590.79,3739578.99,8.8,100,4718,50,Dr. Michael Monroe,Ian Williams
1306,Green blue enough,Sci-Fi,2023,24-07-2023,USA,8711285.77,6076583.54,8711285.77,795849.42,3186876.29,7.4,72,43815,663,Manuel Benton,Teresa Santos PhD
1307,Challenge another structure,Drama,2016,19-11-2016,USA,1944961.9,2873500.72,4544457.02,381429.68,1412845.92,6.5,67,3077,860,Tracy Tucker,Larry Bishop
1308,My itself and leave,Drama,1954,01-07-1954,USA,16591980.3,51010710.05,77543312.16,5806203.71,28614879.37,6.1,62,1820,745,Donna Wagner,Eric Nelson
1309,Congress follow everybody,Comedy,2020,05-12-2020,USA,2420440.06,1150161.81,2727839.76,328701.33,592670.29,5.7,57,7247,487,Julie Maxwell,Shannon Hunt
1310,Difference build,Sci-Fi,2018,07-01-2018,USA,3486950.68,3020223.59,5663612.48,365474.37,1589401.86,3.8,50,2944,204,Kimberly Barker,Sarah Ross
1311,Today check focus medical,Horror,1951,05-11-1951,India,2311208.02,1085257.35,2549757.84,149804.02,500554.38,5.1,46,5150,144,Michelle Collins,Derrick Smith
1312,Campaign take small,Drama,1986,04-09-1986,USA,20077134.13,12444335.52,20077134.13,2736964.52,6624888.93,5.9,67,2189,104,Kim Watkins,James Nichols
1313,Become official whom,Drama,1988,19-10-1988,USA,51352143.87,103116201.9,246516187.4,15656631.59,44979608.71,5.9,56,379,50,Heidi Cisneros,Christopher Green
1314,Drop approach,Thriller,1954,04-08-1954,Canada,10092106.65,16149758.02,28512277.72,3074381.62,7864052.98,6.0,49,296,7937,William Walker,Anthony Cross
1315,Adult,Sci-Fi,1986,20-10-1986,Canada,484135.01,663737.64,962705.59,183982.59,281698.66,4.6,43,2949,3159,Michelle Collins,Ryan Hood
1316,Hope experience,Documentary,2014,27-09-2014,USA,695437.62,1918051.08,2761327.55,404302.82,901502.71,8.9,94,141911,92,Christopher Roach,Holly Jones
1317,Imagine top,Comedy,1991,18-10-1991,USA,62225280.2,39058894.49,93750320.29,8305693.23,20453603.57,7.8,66,1061,445,Kim Watkins,Paige Gonzalez
1318,Fight part despite,Action,2019,21-04-2019,UK,8199758.14,22428207.1,40589162.79,4757054.16,11153139.98,8.1,62,115,3281,Jessica Rodriguez,John Perry
1319,Fall structure,Horror,1990,31-07-1990,South Korea,1016021.88,1003471.08,2434882.53,290129.92,526909.86,5.4,53,308,674,Joshua Morales,Monica Nelson MD
1320,Music,Thriller,1981,11-04-1981,Canada,227710.36,286596.3,624051.1,79174.13,142510.61,6.4,65,183,4291,Alyssa Adams,Teresa Davis
1321,Chair check,Action,1964,22-07-1964,USA,228292.8,126465.41,228292.8,32608.12,72213.47,6.8,72,2283,187,Jerry Owens,Cody Peters
1322,Member seem,Romance,2021,26-07-2021,UK,33362641.24,40967910.92,77113610.26,10668621.44,23185190.64,7.4,75,758,383,Mr. Drew Clark Jr.,Richard Miller
1323,Care find note,Horror,1962,20-09-1962,USA,3737222.44,5464210.33,13258262.08,1262436.71,2471822.86,10.0,96,459,171,Daniel Brown,Kimberly Ramirez
1324,Be bag,Sci-Fi,2012,25-06-2012,USA,19773384.23,30063166.28,74209469.33,7148204.82,16558246.92,5.0,27,429,50,Charlotte Williams,Morgan King
1325,Generation break,Sci-Fi,2014,12-08-2014,USA,6423282.91,18748021.22,29030082.77,5192070.43,10782999.69,6.4,53,8093,65,Charles Lopez,Melissa Cunningham
1326,Lead over,Comedy,2008,25-05-2008,USA,3037973.05,2734536.25,6049201.62,351444.64,1488950.78,7.6,83,3965,183,Robert Webster,Thomas Hill
1327,Light get forward,Comedy,2015,27-07-2015,Canada,1785847.1,5984357.99,8711656.23,891584.27,3537828.37,6.5,61,2847,1704,Sonya Clark,William Prince
1328,Seek live nature,Horror,2024,18-02-2024,USA,10535891.12,4759858.74,10535891.12,759751.3,2453293.65,6.1,38,9906,5452,Renee Campbell,Melissa Cain
1329,Case good month,Comedy,1972,07-02-1972,USA,254630812.1,615969595.9,959628607.6,64063714.63,333684090.2,7.7,75,3419,50,Donna Wagner,Eric Cooper
1330,Effort thought onto,Drama,2019,19-05-2019,USA,1550988.98,1485413.12,3547077.76,389492.62,679840.39,5.4,54,2520,187,Samantha Campbell,Chad Santiago
1331,Wide enough,Thriller,1992,12-04-1992,UK,3841624.67,4032475.8,6036172.65,724866.13,2117363.91,6.3,51,777,153,Jeremy Ray,Heather Williams
1332,Act a base role,Horror,1983,11-11-1983,USA,3140420.34,5598376.36,9976327.4,877323.46,3104776.56,9.0,90,12364,388,Amber Anderson,Amanda Lawson
1333,Give economy,Comedy,2024,14-09-2024,South Korea,5175173.11,12033782.86,20820536.01,2589714.27,6534870.95,7.6,60,2538,227,Charlotte Williams,Mrs. Margaret Smith
1334,Beautiful wide front,Sci-Fi,2006,07-08-2006,India,1105641.56,2027913.34,4067618.96,473653.52,1058153.45,7.1,71,8889,887,Jonathan Evans,Michael Hughes
1335,Ahead doctor Republican,Drama,1962,02-04-1962,India,3975117.38,7832685.22,11369258.91,912785.17,4564791.81,5.6,55,3259,73,Brenda Smith,Michael Torres
1336,Can attention,Romance,2007,14-04-2007,USA,10248693.31,8217842.3,17846308.73,2388053.01,3386422.43,8.3,63,1090,12412,Alyssa Adams,Mark Crosby
1337,Laugh several,Thriller,2010,31-12-2010,USA,14713315.93,6167375.9,14713315.93,686243.27,2607241.08,6.4,80,3535,996,Sharon Wilson,Miranda Armstrong
1338,Imagine top,Drama,2011,11-01-2011,USA,848874.12,1233325.78,2806912.21,363400.5,495778.64,6.9,68,1241,408,Jeffrey Myers MD,Gabriel Mathis
1339,Else goal,Comedy,2011,09-11-2011,USA,33281439.8,39777696.51,93435194.81,7848107.63,18407129.22,7.4,86,983,626,Chad Koch,Peter Sanders
1340,Spring the fill nation,Drama,1995,29-12-1995,USA,9740749.35,7366379.7,18038682.24,1987974.58,4184670.38,6.5,50,23371,2640,Barbara Torres,Sydney Jordan
1341,Itself about,Horror,2005,07-02-2005,USA,1267282.18,2678976.59,3873472.52,556910.5,1268962.6,5.4,50,65864,3915,Jerry Owens,Dalton Johnson
1342,Research goal,Horror,2013,01-03-2013,USA,4960815.47,10840453.63,21431018.21,1929396.92,6071570.71,5.3,31,2331,171,Amanda Montgomery,Michael Ramirez
1343,Drug many realize,Horror,2020,12-05-2020,USA,7089132.93,5610682.56,13465972.8,1154101.83,2979889.6,7.3,84,602,1025,Ashley Medina,Catherine Willis
1344,If into rich,Comedy,1979,08-06-1979,France,9198005.28,8225959.9,19596765.19,1953722.46,4383287.94,7.3,61,2190,325,Barbara Torres,Joshua Walker
1345,Though firm almost,Comedy,2004,18-01-2004,USA,630419.75,565425.23,911899.9,157335.82,238940.49,4.5,49,9928,298,Jessica Rodriguez,Jessica Scott
1346,Attorney now thought,Horror,1999,10-02-1999,USA,20709391.09,13306689.77,33236850.56,3682229.79,6717134.99,6.6,62,7998,190,Tara Underwood,Adam Bowman
1347,To former big,Drama,2005,28-01-2005,Canada,7178158.7,6947678.09,11890918.31,1039681.16,3860077.7,8.5,79,54679,429,Roberto Underwood,John Sullivan
1348,Paper,Action,2022,25-11-2022,USA,4409572.62,5308387.61,11731115.23,1205011.26,2164348.47,7.1,89,2186,538,Eric Ramirez,Christina Jones
1349,Appear,Drama,1994,10-06-1994,India,29038566.81,69161772.23,125816702.2,9164079.68,40844770.82,6.6,77,4685,578,Donna Wagner,Douglas Davis
1350,Art nothing computer,Documentary,2006,20-03-2006,USA,38511271.11,50522427.46,78743382.04,8424279.96,27645745.64,7.6,80,38501,341,Crystal Harris,Brittany James
1351,Future carry,Thriller,1975,28-07-1975,China,3722268.11,1659648.37,3722268.11,322149.53,705407.94,6.6,84,2148,1611,James Cross,Andrea Bowers
1352,Artist grow,Comedy,2007,11-05-2007,Australia,5798412.25,11497319.57,21016255.94,2622095.58,4659575.97,6.7,86,1532,1075,Bethany Rodriguez,Eric Cooper
1353,Although most,Drama,1994,16-04-1994,USA,48393520.99,57507136.16,90604413.07,10775926.25,34043325.97,8.3,88,265,4098,Judy Walker,Jonathan Lee
1354,Others off,Drama,2017,19-12-2017,USA,10986761.55,23866526.52,39271007.92,4372762.59,9871111.77,6.0,52,28668,69,Kristina Moore,Dennis Perry
1355,Begin cultural company,Comedy,1995,14-06-1995,USA,502249.19,446850.6,1073813.42,70354.94,256939.54,7.5,69,536,120,Oscar Santos,Joel Hunt
1356,Smile issue,Sci-Fi,2016,09-01-2016,USA,2330507.72,959455.57,2330507.72,280458.14,487455.88,8.1,86,1672,321,Amanda Montgomery,Jennifer Hendricks
1357,Enjoy least social,Comedy,1986,25-05-1986,USA,1317139.41,1657788.24,4116976.32,335937.0,709698.68,7.6,79,9775,120,Karen Barrett,Sarah Nelson
1358,Player design,Action,1964,19-02-1964,USA,2129166.11,1509686.08,2940561.75,203226.13,648819.98,5.3,57,1307,88,Mr. Drew Clark Jr.,Adam Montes
1359,Throw,Action,2018,07-09-2018,UK,851345.96,703461.13,1711767.06,96194.52,337542.74,6.6,52,2219,1784,David Hall,Daniel Thompson
1360,Maintain record,Horror,1992,25-10-1992,UK,1203401.48,653004.85,1238767.84,115683.77,371378.51,4.9,53,8983,155,Courtney Reynolds,Kimberly Wolf
1361,Worker yeah share red,Comedy,2005,10-07-2005,USA,6103475.43,4685956.47,8260807.23,1010670.19,2808974.33,4.5,29,2062,325,Faith Franklin,Paige Gonzalez
1362,Plant reality but,Drama,2003,18-06-2003,USA,75260607.16,146123370.7,249127934.0,40140215.15,83307735.62,8.4,97,7488,467,Elizabeth Lane,Christopher Green
1363,Him main,Sci-Fi,2002,30-04-2002,USA,3868383.22,9056763.94,15456837.96,1012995.24,4943112.76,5.3,33,3888,153,Michael Richards,Rodney Smith
1364,Clearly small blue,Thriller,2012,14-06-2012,China,1504534.64,2020391.49,3509626.93,341258.65,1125910.29,6.9,54,11363,547,Michael Ross,Tracy Williams
1365,Key number,Romance,1975,04-11-1975,UK,2059774.66,5305312.11,7627730.68,658602.81,2294837.03,7.9,81,1080,196,Kelsey Ellis,Brooke Stanley
1366,Maintain few,Comedy,1981,09-11-1981,USA,337271.22,347963.37,825275.32,43912.28,176795.89,6.7,74,5575,112,Maria Lane,Monica Nelson MD
1367,State article,Romance,1992,11-05-1992,France,29713955.48,60203263.68,119471998.0,11886624.91,27868565.78,5.8,50,7860,249,Sharon Wilson,Sharon Brady
1368,Sing enter,Horror,1996,20-05-1996,USA,1812367.67,2607986.78,5254091.4,747923.68,1050242.06,8.4,89,504,591,David Charles,Jonathan Lee
1369,Hundred site,Comedy,1967,10-11-1967,USA,58933153.64,115068879.1,168717794.8,16557785.75,48781201.7,6.2,67,2985,2526,Rachel Hayes,David Hart
1370,Share anyone pick,Thriller,2012,30-03-2012,USA,3611283.84,8616554.96,14049981.31,1116185.61,4644604.84,6.5,70,1958,4855,Joseph Willis,Brittany James
1371,Future fear,Drama,1981,12-08-1981,USA,7280220.31,14974272.16,29283361.12,1905728.01,7918626.79,8.4,81,10681,193,Kristina Moore,Sharon Rodriguez
1372,Letter customer,Drama,1996,12-09-1996,France,2828938.47,3457238.0,8034224.8,377985.5,1460560.24,9.7,72,134,240,Lori Callahan,Shawna Bryant
1373,Heart political discuss,Thriller,1996,23-04-1996,Canada,2080026.18,2283815.41,5699383.23,368658.72,1200407.01,3.2,47,2136,154,Janice Taylor,Elizabeth Holmes
1374,Like in drug,Drama,2002,28-02-2002,USA,12572200.97,21868353.73,52754569.59,5372316.99,11528400.79,6.0,80,1637,1219,Melissa Hernandez,Gina Fernandez
1375,Off available,Comedy,2013,17-02-2013,India,40717457.26,105674768.2,175402802.8,25591974.45,57614393.45,5.8,60,13073,164,Jordan Orozco,Ashley Gilmore
1376,Action sport analysis leg,Comedy,2021,30-08-2021,USA,141162637.9,107599228.3,206077325.0,20779071.81,46546397.9,6.2,74,1883,145,Sharon Wilson,Kimberly Ramirez
1377,Against season,Thriller,1966,18-12-1966,USA,3117170.01,8749171.48,13554266.31,1632393.56,3600151.45,7.3,80,1756,8874,Thomas Peterson,Theresa Cooley
1378,Official detail close,Documentary,1981,10-11-1981,USA,3313785.0,4608939.37,11047634.56,628279.6,2743545.74,3.9,43,1159,2577,William Banks,Anthony Rhodes
1379,Claim yes dream,Comedy,2008,22-04-2008,USA,385380.79,168033.6,385380.79,19078.21,97668.12,7.4,72,28023,244,Michael Richards,Krystal Cross
1380,Dog ask,Documentary,1989,19-04-1989,USA,1367765.16,2136779.95,4264694.02,561692.87,1195181.53,7.0,57,6500,984,Michael Ross,Tyler Cooper
1381,Apply sport value,Thriller,1997,24-03-1997,USA,44906879.49,90124414.91,160152314.0,26141772.34,44744514.85,7.1,68,4438,1661,Donna Hall,Dalton Johnson
1382,Standard ready another,Comedy,2015,31-12-2015,UK,905772.39,1272467.97,2242602.71,155153.55,727077.23,3.6,7,79404,364,Jacqueline Briggs,Carla Dougherty
1383,Next view authority study,Horror,2009,13-10-2009,USA,2177432.11,1428202.29,3515262.9,324848.51,770692.37,4.3,46,753,1710,Julie Maxwell,Adam Montes
1384,Book,Comedy,2000,24-11-2000,USA,77583677.71,126144546.4,310153528.5,30531008.78,70622810.95,6.0,58,1320,231,Diana Davis,Michael Torres
1385,Out turn couple,Documentary,2006,28-10-2006,Canada,2983462.99,4691839.49,10744107.79,1290190.11,2295322.03,7.5,81,350,406,Matthew Beck,Sandra Farmer
1386,Model professor,Drama,1973,18-01-1973,USA,22306692.62,35929839.85,89329245.09,9860179.13,21306291.45,6.5,72,491,276,Philip Simmons,William Washington
1387,Eat across,Romance,2017,04-09-2017,USA,497445.42,642931.14,1137002.09,164161.49,347836.28,5.9,69,5023,259,Oscar Santos,Rebecca Mejia
1388,Others in policy,Horror,2015,21-09-2015,USA,2265802.21,1573553.86,2265802.21,325148.18,708767.24,4.0,52,3067,336,Denise Horne,Lisa Castro
1389,Appear,Comedy,2024,19-12-2024,USA,245449.22,586245.27,1120310.28,153690.98,305072.67,6.5,76,1783,89,Melissa Hernandez,Andrew Walker PhD
1390,Director final,Thriller,1954,01-10-1954,USA,2050074.36,2998573.05,5283749.74,677990.1,1269913.6,5.1,44,16964,50,Jennifer Willis,Carl Schneider
1391,Subject respond become,Drama,2000,01-02-2000,USA,3338647.07,1626936.11,3338647.07,449699.54,734975.9,3.8,39,11589,363,Benjamin Hudson,Tyler Cooper
1392,Oil ten,Romance,1960,20-06-1960,UK,316714.38,140873.87,324645.79,15044.12,77876.47,5.6,61,1428,846,Robert Webster,James Nichols
1393,South fight,Thriller,1984,23-04-1984,Canada,284061.93,172981.06,284061.93,51675.75,96022.56,5.4,41,7722,2859,Amber Anderson,Sabrina Massey
1394,Group while,Comedy,1998,23-10-1998,USA,352578.95,153959.43,352578.95,21793.2,70410.26,7.9,83,387,425,Matthew Beck,Miss Jennifer Parsons
1395,Well whom role well,Action,2022,15-01-2022,USA,100000.0,210477.5,309391.76,35273.8,108415.27,5.3,43,2620,591,Julie Maxwell,Melissa Melendez
1396,Gun cultural,Documentary,1969,04-09-1969,India,1674528.85,1044765.05,1674528.85,173812.09,484407.32,9.7,76,2583,5269,Michael Chung,Pamela Frey
1397,Some something time,Comedy,2021,17-05-2021,USA,1435438.2,1385895.93,3082689.04,288479.63,759642.02,6.1,48,189189,6041,Claudia Smith,David Hart
1398,Keep crime kind,Drama,1976,14-07-1976,USA,2601513.12,2708684.91,6370474.47,510412.49,1551203.12,5.5,49,172,4807,Sara Higgins,Jason Chavez
1399,Letter tell positive,Comedy,1983,16-04-1983,USA,1146806.76,764893.88,1146806.76,182416.25,375966.03,5.4,63,4572,325,Diana Davis,Valerie Dennis
1400,Material popular own,Horror,2008,19-09-2008,USA,8752323.19,5580554.97,10368594.57,925632.61,3296058.72,5.5,43,1735,6012,Darlene Murphy,Dalton Johnson
1401,Election event,Comedy,2000,25-03-2000,USA,1573041.41,1375773.76,2411318.92,378432.45,722159.38,9.0,88,22005,141,Dr. Michael Monroe,Shannon Hunt
1402,South itself allow,Drama,2017,27-03-2017,USA,1267300.93,3039245.13,5521943.42,341196.42,1301582.87,6.6,45,5690,764,Oscar Santos,Brooke Stanley
1403,Remember instead,Drama,2012,11-11-2012,China,983113.67,472443.12,983113.67,138180.35,277225.87,9.0,82,13651,215,Brenda Smith,Adam Bowman
1404,Near television meeting,Action,2000,11-01-2000,USA,9201195.58,10789799.73,24983088.01,2115623.55,4489347.8,8.5,97,559,4948,Karen Robinson,Jennifer Leach
1405,Event else,Comedy,2010,06-06-2010,USA,877966.55,355457.67,877966.55,71095.93,210828.63,7.3,65,22610,99,Jennifer Willis,Daniel Callahan
1406,Significant enjoy,Drama,2018,20-11-2018,USA,888830.4,533811.86,1103740.04,118812.92,232632.42,6.8,62,1423,82,Abigail Robles,Robert Garcia
1407,My experience plant result,Comedy,2023,07-10-2023,USA,7799355.6,8940284.39,14686602.15,1653737.21,5096792.61,8.2,66,2628,65,Janice Taylor,Kathy Marshall
1408,Event sell hundred,Documentary,1996,14-12-1996,USA,13581588.25,16792231.18,29677090.64,2747102.74,6853143.8,4.8,31,17708,5154,Chad Koch,Laura Wilson
1409,Table analysis,Documentary,2006,23-04-2006,USA,1667379.24,1707423.3,2612848.82,499197.97,694883.65,8.7,100,2901,50,Bethany Rodriguez,Robin Dawson
1410,Author stay industry,Comedy,2022,31-08-2022,USA,14669595.54,32988119.99,56968898.69,9868818.73,14524265.04,6.9,62,5864,1002,Jerry Owens,Jacqueline Cooper
1411,Defense discover,Comedy,2014,28-04-2014,USA,943481.46,1154516.71,2287413.12,145835.06,530635.31,7.3,65,3558,1181,Kimberly Barker,Ashley Reeves
1412,Responsibility push senior,Drama,1998,07-09-1998,Canada,6913947.62,12999964.65,24457732.31,2866253.27,5595396.94,5.4,52,7916,577,Seth Whitehead,Sydney Jordan
1413,Determine,Drama,1998,04-11-1998,UK,43092329.5,62616527.74,154712377.9,13974060.53,31053450.4,3.7,23,12495,81,Michael Manning,Greg Ball
1414,Always enter safe,Documentary,2006,07-09-2006,USA,1141488.65,931201.61,1528105.11,93245.06,506748.06,6.6,56,8738,3200,Paul Rogers,Paul Glover
1415,Machine walk,Romance,1956,13-04-1956,France,1522312.11,5212687.02,7559093.33,822427.64,2780102.67,7.6,45,257,50,Alyssa Adams,Melissa Morales
1416,Sense beyond whatever,Action,2010,17-08-2010,USA,6801107.22,3864191.16,6801107.22,435982.96,2267397.44,6.7,60,1158,3714,Michelle Collins,Timothy James
1417,Should official,Documentary,1987,09-02-1987,USA,4257160.58,4108035.28,8006690.69,619612.44,2044059.91,9.0,93,808,998,Tara Underwood,Johnathan Chen
1418,Week kitchen medical,Documentary,1961,01-07-1961,China,9361593.4,28577601.23,42644874.46,5063216.52,16031714.67,6.8,59,939,492,Courtney Reynolds,Logan Martin
1419,When several spring,Horror,1963,17-04-1963,USA,1114669.32,985374.13,1662849.16,239601.81,519970.66,8.2,89,1514,50,Daniel Rivera,Alan Mullins
1420,Executive here available,Horror,1973,08-08-1973,USA,1392994.8,3455448.74,5269359.57,815016.28,1470297.42,9.8,100,4864,463,Adam Brown,Sherry Turner
1421,Use dog,Thriller,2014,23-07-2014,USA,6812936.28,6615292.98,13747067.08,985444.81,3183878.57,5.1,63,215,100,Jordan Orozco,Michael Gomez
1422,Including,Comedy,1970,19-07-1970,Germany,1108272.77,1570643.9,2990650.49,303713.55,790172.39,4.9,53,537,4574,Jeremy Davis,Meghan Johnson
1423,Event defense,Drama,1956,04-01-1956,USA,6626026.74,5683558.37,8987971.99,1424767.16,2412063.38,7.8,95,1509,760,Eric Ramirez,Michael Ramirez
1424,Child art,Horror,1983,14-03-1983,USA,3332532.5,3399324.12,7819314.16,526359.34,1857739.47,8.1,84,9590,2077,Ryan Tate,Tonya Campbell
1425,Already front,Comedy,1982,19-02-1982,USA,11619865.21,19119868.13,45681940.24,5606516.23,8961245.29,6.7,68,7420,1272,Darlene Murphy,Mrs. Margaret Smith
1426,Less source,Romance,2000,27-11-2000,USA,7337235.33,16160306.42,24481838.69,2817446.06,9281486.22,4.6,35,179988,385,Jonathan Evans,Valerie Dennis
1427,Certainly live large,Thriller,1968,24-06-1968,USA,379762.3,1048677.66,1585104.79,171142.62,463500.2,3.6,41,1632,50,Sharon Wilson,Sharon Brady
1428,Reduce rule,Drama,1988,11-02-1988,USA,12081092.49,22933184.46,55184123.08,5874238.9,13546138.47,6.2,57,5753,1481,Tara Underwood,Karen Shaffer
1429,Cup consider capital,Comedy,1976,16-06-1976,Canada,62788884.6,88842649.63,136795949.2,21812816.38,38066291.51,8.6,90,452,1987,Sophia Gomez,Joshua Willis
1430,Truth alone,Comedy,2017,01-07-2017,USA,5881749.02,13728518.86,24882805.2,3456910.79,6779348.63,4.6,51,1094,212,Brooke Morales,Christina Jones
1431,Doctor statement bag,Thriller,1993,06-02-1993,Germany,990876.13,2769731.42,4333677.94,463308.09,1581420.1,7.9,81,559,55,Karen Barrett,Adam Williams
1432,Indicate teach,Sci-Fi,2019,08-08-2019,Japan,10365584.27,12447338.52,25318534.81,2006409.34,6355959.31,7.2,53,5135,8514,Manuel Benton,Daniel Callahan
1433,Away scientist,Romance,2001,30-01-2001,USA,1329262.07,1977241.23,3967618.23,342233.37,1149560.09,8.7,90,1219,1010,Chad Koch,Brandon Davidson
1434,Food improve,Drama,1979,10-07-1979,India,281921.11,591846.59,1245547.53,102382.72,294675.45,6.2,50,24872,103,Christian Hernandez,Richard Davis
1435,Head,Action,2021,23-09-2021,USA,1417910.2,1404516.11,2162897.39,307664.92,792009.52,7.2,75,2889,5642,Vanessa Fox,Catherine Willis
1436,Possible be,Comedy,2008,11-04-2008,UK,7932699.73,7964997.38,14419467.15,1907545.44,3401586.62,6.7,50,922,807,Amanda Montgomery,Brandi Moon
1437,Military never thousand purpose,Comedy,1973,07-04-1973,USA,7533771.5,10611442.97,20195005.51,1578769.14,6195892.29,6.8,62,2276,916,Joshua Morales,Holly Jones
1438,Forward study,Comedy,1971,04-02-1971,USA,11228511.77,29386662.13,46044206.57,6870585.4,17168252.02,5.8,52,1025,3653,Tracy Tucker,Steven Green
1439,A beat,Thriller,1976,03-11-1976,USA,19064627.4,29668827.25,47248694.65,2995912.98,15512318.12,6.1,56,4487,86,Jessica Rodriguez,Benjamin Mitchell
1440,Beautiful degree,Comedy,2011,20-05-2011,USA,30545957.62,20735965.54,30545957.62,3539456.43,12195467.51,6.1,61,4594,1098,Brooke Morales,Robert Reynolds
1441,Without memory ability,Drama,2016,06-07-2016,USA,3905381.8,7102328.59,14521748.9,2107721.54,3921141.56,7.6,56,2131,76,Julie Maxwell,Catherine Rogers
1442,Economy,Comedy,1968,21-08-1968,USA,2457078.85,5702814.28,8913571.41,1193439.53,3292519.03,10.0,92,913,403,Paul Weiss,James Erickson
1443,Wind low,Documentary,1996,18-06-1996,USA,6110398.78,2503301.65,6110398.78,654819.28,1427148.38,3.7,39,1306,372,Alyssa Adams,Ashley Juarez
1444,Get too future,Action,2011,15-10-2011,USA,6078745.26,5009992.46,11856172.61,730806.95,2269155.34,5.8,58,4295,3780,Patricia Munoz,John Ross
1445,East management,Drama,1989,08-11-1989,USA,1732328.77,2215578.84,4743236.54,380485.81,950634.07,6.7,55,766,264,Kelsey Ellis,Nicole Morales
1446,Live leader condition,Romance,1997,16-07-1997,USA,8516864.21,21490710.59,30717764.73,5448629.34,12821347.79,5.0,61,101269,17751,Brenda Smith,Amanda Jenkins
1447,Matter opportunity those,Thriller,1973,08-07-1973,USA,4181372.89,3329629.72,7381834.07,637857.45,1661962.51,7.9,82,1474,50,Benjamin Hudson,Larry Bishop
1448,Light outside,Horror,2015,10-02-2015,USA,749948.49,1644420.78,3043789.82,183930.65,784289.46,6.4,71,5686,481,Jacqueline Briggs,Donald Franco
1449,Else office,Drama,2002,29-05-2002,USA,1195689.61,2310914.93,5475094.26,511383.83,1337101.01,5.4,69,22554,1048,Charles Lopez,Benjamin Walters
1450,Project,Documentary,1977,02-08-1977,USA,674775.7,970133.12,1499153.73,160466.87,455251.24,6.5,84,4751,7131,Julie Maxwell,William Crawford
1451,Social final here,Documentary,2021,28-04-2021,USA,4699446.42,5680982.97,13077862.27,1562925.36,3239877.51,6.2,65,5552,4958,David Rosales,Tyler Cooper
1452,Again position idea leg,Romance,2004,30-05-2004,USA,326475.03,228601.87,386406.88,36461.89,112956.57,9.3,92,18842,496,Sharon Wilson,Heather Allison
1453,Book own,Thriller,2023,13-08-2023,USA,8221290.37,5584000.69,11104975.1,1234126.81,2976340.52,8.1,76,1026,302,Joseph Willis,Eric Cooper
1454,Plant discuss theory believe,Drama,1973,20-06-1973,UK,866270.79,855628.15,1892211.36,122924.1,420621.49,6.5,68,15415,4887,Brandon Fuller,Sarah Nelson
1455,Employee purpose exist,Drama,1984,05-01-1984,USA,5163755.84,8574229.92,13062062.99,1779810.97,4292280.16,4.4,41,691,2263,Sean Howard,Alan Mullins
1456,Community imagine,Comedy,1971,21-05-1971,USA,1237033.12,860024.19,1629362.4,113361.73,359539.55,10.0,100,4452,5346,Jerry Owens,Brandon Davidson
1457,Success cover process,Action,2012,25-02-2012,USA,7735887.12,5323777.3,9495714.28,906898.31,2178488.61,5.5,62,3802,309,Christian Hernandez,Jamie Cunningham
1458,Tax former,Drama,1956,06-11-1956,Japan,4935483.4,8385831.57,11999138.69,952980.91,4305250.35,6.7,66,1230,461,Brenda Smith,Jennifer Richards
1459,Ability professional upon level,Sci-Fi,2015,09-04-2015,USA,3542269.0,2970744.94,6401016.49,556047.93,1513232.44,7.0,78,205,108,Jennifer Willis,Brian Mccormick
1460,Director in,Drama,1998,28-05-1998,India,56156065.48,59243182.83,109755241.9,11535772.9,29419258.28,4.5,39,1349,1828,Joseph Willis,Peter Sanders
1461,Enjoy case create,Documentary,2013,10-07-2013,France,5825876.74,6674106.44,11077581.27,797620.35,3835142.07,2.2,47,2732,60,Joseph Willis,Kathryn Hunt
1462,Record attorney today,Comedy,1985,16-03-1985,USA,59670422.6,103964143.1,158521302.4,23579524.95,52228926.83,4.8,59,962,265,Terry Lawrence,William Prince
1463,Democrat market several,Drama,2006,01-04-2006,USA,2271893.2,998855.66,2271893.2,161368.97,500413.03,5.9,46,1321,50,Terry Lawrence,Thomas Sims
1464,Close believe walk,Thriller,1978,24-11-1978,USA,16366958.27,29296431.65,42856253.01,7290181.05,16851015.46,8.6,100,28411,85,Dr. Jonathan Long,Chelsea Armstrong
1465,Chance station play,Comedy,2012,17-08-2012,China,33122795.1,13417225.16,33122795.1,3104357.19,6133358.8,3.9,39,431,238,Nicholas Murphy,Carla Dougherty
1466,Benefit democratic issue,Romance,1964,24-05-1964,USA,41685857.21,48307499.49,92930053.76,7728707.61,21693129.05,7.2,59,27078,243,Kelsey Ellis,Nicole Dawson
1467,Truth,Drama,1968,03-06-1968,USA,741869.43,1890075.07,3544737.06,370683.83,1117598.31,8.8,100,12662,928,Donna Wagner,Anna Vasquez
1468,Plant cultural media,Comedy,2008,29-07-2008,USA,1541579.98,980546.71,1541579.98,125565.73,451830.73,7.7,82,100,268,Jessica Singh,Alyssa Wolfe
1469,Animal condition song,Action,2019,29-03-2019,USA,6956858.25,20111467.52,31407367.12,5984700.07,8696276.2,6.2,57,5881,50,Jonathan Evans,David Castillo
1470,Leave performance store,Action,2012,10-01-2012,USA,463132.31,1140046.0,1848420.74,335192.96,637706.6,7.1,79,3596,75,Jerry Owens,Richard Mata
1471,Past,Documentary,1967,27-09-1967,France,5732459.79,2841992.83,6061589.06,589008.8,1670352.27,7.1,69,5156,758,Maria Lane,Russell Martin
1472,Or some,Thriller,2020,30-04-2020,USA,14248024.92,15472108.0,25622960.2,2791270.19,6518383.38,8.0,90,49757,94,Judy Walker,Sheila Dunn
1473,Important media suddenly,Comedy,2010,12-04-2010,USA,7797518.3,14574225.4,33575094.99,3842269.4,8091025.88,5.2,53,3065,1981,Abigail Robles,Karen Shaffer
1474,Voice camera ability,Horror,1977,17-05-1977,USA,33141872.16,54732488.46,91926602.93,13538031.08,25241717.85,4.6,55,2265,675,Jeremy Ray,Jacqueline Cooper
1475,Whose reduce,Romance,1993,24-11-1993,USA,11976849.91,6763342.24,13586992.75,1238101.21,3462764.71,7.0,73,595,108,Adriana Campbell,Tyler Cooper
1476,Mrs certainly,Romance,2009,13-08-2009,Canada,7125181.32,12610956.22,26109676.35,1581111.35,6505599.31,7.0,68,4514,6053,Jennifer Miller,Michael Martinez
1477,Family bring,Documentary,1995,10-01-1995,USA,1477294.95,2555764.41,4245754.79,493440.62,1171079.45,6.8,59,18156,679,Paul Rogers,Morgan King
1478,Method,Sci-Fi,2010,16-01-2010,Australia,1993610.81,3083523.72,4755274.76,683250.08,1680129.48,7.4,63,8865,55,Lori Callahan,Nicholas Williamson
1479,Learn price citizen,Comedy,1994,25-09-1994,USA,1978709.83,2112932.39,3454641.02,319341.63,1247627.1,6.0,66,2617,517,Judy Walker,Dominique Aguirre
1480,Base,Drama,2025,29-11-2025,USA,1075744.74,1486129.04,2224522.6,182328.48,861802.77,6.7,68,11946,50,Michael Richards,Eric Nelson
1481,Compare edge,Drama,2014,08-12-2014,India,3680580.25,5967273.29,9338408.01,1199785.82,3240030.92,6.1,63,13867,341,Raymond Morris,Becky Kerr
1482,Me plant star effort,Comedy,1981,27-10-1981,USA,2836060.31,1757745.79,3440287.13,505102.58,829771.73,5.9,64,1882,2097,Caitlin Brewer,Jeffrey Haley
1483,Believe help through,Comedy,1988,25-01-1988,USA,100000.0,114688.18,263620.96,17330.88,60133.93,4.8,52,3240,232,Mary Mitchell,Brenda Gomez
1484,Create decision series,Drama,1986,08-09-1986,South Korea,5099620.77,5014834.49,7285237.74,1457671.74,2393230.18,4.6,36,14484,1165,Anthony Rowland,Jessica Scott
1485,Citizen onto,Drama,2019,28-10-2019,USA,415116.19,445934.9,679730.09,119887.85,179345.58,6.9,63,530,526,Brian Robinson,Jorge Thompson
1486,Recent expert,Action,2019,08-01-2019,USA,463787.38,334413.26,704605.03,44274.53,175217.01,4.1,42,5560,5419,Michael Manning,Mark Morris
1487,May radio citizen,Action,1980,23-11-1980,USA,1353286.17,918612.33,1353286.17,130250.43,517304.76,7.4,65,3394,894,Michael Richards,Samuel Wyatt
1488,Upon great look,Horror,2023,27-06-2023,USA,2632726.89,4914955.6,7698975.25,507671.27,2338816.59,5.0,46,21994,1438,Judy Walker,Lauren Horton
1489,Read find,Drama,1988,12-12-1988,USA,4283800.65,2796328.36,6918454.59,494079.93,1153627.29,7.5,76,3074,3628,Amanda Montgomery,Michelle Anderson
1490,Decision,Drama,2009,02-05-2009,USA,161511.28,66872.4,161511.28,12208.74,31543.42,5.2,51,6921,628,Vanessa Fox,Sharon Riley
1491,Return clear country,Drama,1984,20-10-1984,USA,1584142.65,3600913.78,6160311.56,738963.36,1859652.73,7.4,52,820,312,Roberto Underwood,Eric Obrien
1492,Year,Romance,2023,10-09-2023,India,96053359.02,89918146.75,212509968.4,17740391.38,53078261.51,5.2,47,2615,50,Sophia Gomez,Nicole Dawson
1493,Avoid view,Drama,2002,13-10-2002,USA,8124242.65,7292903.97,12446541.76,1782245.2,4025152.55,5.8,49,6825,368,Matthew Beck,Brittany James
1494,Body campaign,Romance,2016,03-06-2016,USA,3574677.1,12102601.56,17531610.61,2530303.3,4958325.81,7.3,90,812,1177,Judy Walker,Seth Smith
1495,Reveal,Thriller,1994,30-09-1994,USA,898913.06,1627794.11,3970981.13,328082.32,794753.92,9.9,100,370,50,Patricia Munoz,Christopher Patterson
1496,Central business buy,Comedy,2013,13-07-2013,USA,38784354.32,37759885.52,88445831.47,7494327.81,15532519.87,6.0,77,833,74,Raymond Morris,Peter Sanders
1497,Information discover can,Drama,2021,31-10-2021,India,12201927.6,37419699.46,55174402.79,10266635.56,15616410.5,7.8,72,507,224,Mr. Drew Clark Jr.,Victoria Phillips
1498,Kitchen fine herself difference,Drama,2003,19-02-2003,Japan,5977294.39,10427686.67,22192680.92,1414787.25,5430707.16,6.7,69,11341,310,Jonathan Evans,Rebecca Mejia
1499,Form about,Drama,2023,25-07-2023,USA,52991197.8,44457621.37,68702804.69,10394189.17,24440215.11,5.7,61,757,1735,Ryan Tate,Catherine Rogers
1500,Network full,Thriller,2022,07-11-2022,Australia,20460907.29,11046162.18,20460907.29,2918928.99,6252230.94,8.6,90,410,191,Tyler Sanchez,Michelle Anderson
1501,Region cell,Thriller,1987,14-11-1987,USA,3181908.58,6554027.24,11437940.66,1853810.08,3823229.58,5.3,45,16790,113,Kimberly Barker,Douglas Bullock
1502,Then tough,Romance,1999,27-12-1999,USA,123440.74,165965.84,285458.41,36064.66,76740.3,5.1,37,891,115,Suzanne Gonzalez,Sandra Farmer
1503,Anything wife street,Drama,2024,29-01-2024,USA,4713788.17,4228181.83,7633598.91,864349.14,1979330.33,6.4,61,14282,115,Rachel Kirby,Samuel Wyatt
1504,Cause fine,Drama,1996,06-06-1996,USA,4801353.59,4813801.53,10182060.49,730561.9,1999808.09,6.5,65,3867,88,Anthony Henry,Brenda Gomez
1505,Pm issue instead everything,Comedy,1967,13-12-1967,USA,355747.3,315542.04,621771.37,81962.86,138962.26,9.1,91,4078,292,Joshua Morales,Michael Torres
1506,At hear big,Action,2002,06-09-2002,USA,12826840.13,34246563.22,55842789.85,4337380.48,19620673.29,7.2,79,5441,102,David Charles,Carla Dougherty
1507,Federal way sell,Drama,1961,02-03-1961,USA,55402545.56,105501604.2,153549472.2,28730918.4,57539613.76,6.5,74,13515,438,Maria Lane,Olivia Allen
1508,Now on,Comedy,1982,11-10-1982,USA,6845826.07,4334687.25,6845826.07,844229.43,1862735.69,5.4,48,21522,443,Sophia Gomez,Brian Mccormick
1509,More forward under,Horror,1990,02-08-1990,USA,1184908.24,774789.86,1214793.26,120202.78,332639.09,8.3,75,6889,51,Abigail Robles,Kristin Cook
1510,Final court,Horror,2008,05-02-2008,USA,1049574.4,777769.42,1686636.88,97004.85,449458.09,4.9,50,9550,50,Amanda Montgomery,Mark Crosby
1511,Consumer production life dinner,Drama,1981,20-05-1981,USA,468670.66,302083.37,512268.46,63415.73,171065.43,5.9,48,80825,715,Robert Hendricks,Carolyn Calhoun
1512,All official would,Romance,2008,12-12-2008,USA,1696682.24,4526918.7,6751553.51,706195.79,2471652.53,6.9,66,3348,1736,Brenda Smith,Patricia Keller
1513,Security voice herself,Action,2005,26-06-2005,USA,1995892.87,4428795.02,6674107.35,825310.18,2262405.26,5.9,55,16277,313,Tracy Tucker,Joy Huber
1514,Wife like,Drama,2024,24-11-2024,USA,29247945.78,18455957.98,32565692.56,3224358.46,8224826.65,6.8,72,93972,974,Mark Brooks,Monique Harris
1515,State paper decide,Horror,2002,11-07-2002,USA,617621.41,635011.82,991225.4,181119.47,281589.31,6.2,62,17041,3888,Daniel Brown,Jennifer Cook
1516,My look,Documentary,1970,06-06-1970,UK,2742591.11,2493428.87,3634565.38,483353.66,1335287.02,6.5,64,359,1072,Terry Lawrence,Miss Jennifer Parsons
1517,Exist include which,Comedy,1991,24-08-1991,USA,3248512.73,7041457.26,12607648.44,1840057.48,2943962.44,7.3,74,1035,92,Patricia Munoz,William Washington
1518,Letter interesting,Thriller,1992,24-03-1992,USA,512157.47,1203788.35,1858275.77,336706.96,523069.39,7.9,77,344,163,Daniel Brown,John Strickland
1519,Produce serve,Thriller,2011,28-11-2011,USA,353416.74,274453.28,479476.53,75575.33,151391.52,6.6,71,5587,53,Mrs. Hannah Campbell DDS,Ian Williams
1520,Scene call,Comedy,1956,18-08-1956,USA,3827524.25,3458395.68,5323516.56,800634.37,1690155.95,6.9,69,4034,981,David Morris,Christopher Patterson
1521,Can and,Action,1993,22-11-1993,USA,8076957.44,14323937.23,29997004.95,2321577.75,6263124.5,5.9,64,1082,106,Barbara Torres,Michael Torres
1522,Contain suffer,Action,1996,27-04-1996,USA,8469566.23,5340004.11,8469566.23,1567913.63,3051235.26,5.6,58,644,1069,Melanie Olson,Peter Sanders
1523,Respond continue quality arrive,Drama,1985,12-11-1985,USA,2173231.19,6331582.09,9167679.02,1723350.46,3041006.59,7.2,79,3521,1229,Bethany Rodriguez,Jacqueline Cooper
1524,Radio over,Drama,2016,01-11-2016,USA,15204582.07,27339228.63,67224051.51,3191744.61,11388892.19,8.2,99,8653,247,Michelle Collins,Logan Martin
1525,Candidate despite,Drama,1977,13-02-1977,Canada,8653943.75,18393103.49,36734996.85,3594984.24,10438142.79,7.8,52,10418,50,Janice Taylor,Cassandra Dennis
1526,Research day commercial,Drama,2016,03-06-2016,USA,2026330.52,1715356.59,2623356.88,421405.4,741844.47,4.6,46,29241,1610,Janice Taylor,Samuel Wyatt
1527,Since stop,Action,2022,11-11-2022,USA,1506007.75,4100400.83,6132012.76,434996.74,1829085.87,5.3,68,191118,259,Kimberly Barker,Jennifer Leach
1528,None voice game some,Drama,2019,16-05-2019,USA,2920395.91,5335735.26,10528098.33,842096.58,3062822.85,8.1,84,8487,550,Jonathan Evans,Jennifer Cook
1529,Personal citizen allow,Comedy,2003,28-09-2003,USA,1075451.47,2226523.91,4292878.42,546084.87,1236867.94,5.1,67,1568,5632,Raymond Morris,Jimmy Smith
1530,White practice,Action,1971,12-01-1971,Canada,2602147.66,8298543.21,12347506.57,2443111.13,3869161.39,6.8,72,355,1592,Diana Davis,Daniel Callahan
1531,Wind relationship answer,Sci-Fi,2002,09-10-2002,USA,9387058.08,8400652.96,17780710.25,1508258.9,3924282.75,2.9,33,8341,107,Jennifer Miller,Isaiah French
1532,Available teacher we minute,Comedy,1999,04-04-1999,USA,245632.03,664775.28,1126203.63,112529.48,385403.87,6.3,65,1636,174,Megan Sharp,John Jones
1533,Impact thus,Sci-Fi,2002,25-01-2002,USA,1915321.67,5098674.6,8893617.31,886469.24,2443789.89,5.8,71,580,189,Christopher Roach,Christina Buchanan
1534,Southern mean final,Horror,2019,11-06-2019,USA,1353861.19,555455.72,1353861.19,149306.56,253210.59,6.7,57,10501,700,Tara Underwood,Rebecca Mejia
1535,Fine age score,Drama,1965,14-06-1965,Canada,322826.8,522785.22,1013215.8,105636.12,217211.15,7.9,87,78749,535,Rachel Hayes,Christopher Benson
1536,Star responsibility politics,Comedy,1969,16-10-1969,USA,2910819.72,5803521.12,9744501.19,1517671.82,3273399.39,7.1,75,1361,112,Brandon Fuller,Jorge Kennedy
1537,Baby me be,Thriller,2012,27-09-2012,USA,1334986.82,747066.92,1550225.41,116627.56,320059.67,6.4,76,4056,228,Daniel Brown,Paul Glover
1538,Section right,Documentary,1994,06-12-1994,China,6050335.9,12258158.59,27702426.96,1584529.96,7151570.27,7.1,64,37795,249,Samantha Campbell,Monica Nelson MD
1539,Plant young station,Romance,1953,20-03-1953,China,222816205.1,275914924.6,643189299.7,60030528.39,149580901.3,9.3,89,2319,215,Alyssa Adams,Michael Gomez
1540,Building significant,Drama,2023,29-06-2023,USA,14925995.57,29087866.39,58354210.01,3836138.23,11971410.97,4.2,24,7051,267,William Walker,Kristin Cook
1541,Modern,Sci-Fi,2008,13-10-2008,India,1367358.83,3320903.1,6047956.52,604335.41,1391349.37,8.1,73,129,477,Mr. Drew Clark Jr.,Dennis Rogers
1542,Subject who,Horror,2023,03-11-2023,China,1871135.91,2463266.63,3664410.03,454205.77,1177644.59,6.3,73,1095,401,Kim Watkins,Tricia Thomas
1543,Collection deal,Romance,2018,22-02-2018,USA,5689511.51,10591393.61,26034386.01,2048702.12,5566953.26,6.6,69,2424,108,Jordan Orozco,Danny Kline
1544,Great provide bill,Comedy,2008,26-08-2008,USA,13571851.66,22836404.41,44452956.76,5096064.02,13069553.65,10.0,95,2185,62,Samantha Campbell,Joseph Gonzalez
1545,State end hard,Thriller,1997,21-02-1997,China,1494533.67,3266431.56,4722089.8,610225.29,1362000.02,6.2,64,398,250,Charlotte Williams,William Crawford
1546,Physical coach must,Thriller,1982,14-01-1982,USA,2455611.87,1510236.17,2904018.89,402784.11,850309.62,5.3,47,4456,62,Stephanie Hayes,Jennifer Leach
1547,Night,Drama,1986,06-10-1986,USA,1927748.92,2944473.64,6432569.89,639768.17,1259185.59,8.2,75,1653,2601,Jordan Orozco,Brooke Stanley
1548,Nor crime,Comedy,2004,12-05-2004,USA,68821112.91,41418468.73,68821112.91,5905297.41,17825976.11,5.0,54,33956,144,Jessica Gonzalez,Michael Hughes
1549,Price doctor as,Drama,1981,23-10-1981,USA,20074250.66,36263302.95,83282638.18,3729167.27,19168539.89,5.7,50,23532,157,Francisco Ford,Jennifer Hall
1550,Record approach ask,Horror,1978,11-11-1978,USA,4567657.92,3001423.23,4567657.92,723530.33,1687881.48,4.2,51,490,50,Brandon Fuller,Ariel Mills
1551,My control make,Thriller,1990,25-09-1990,USA,5823119.39,13823040.27,23856876.04,2785194.38,6991241.54,8.8,97,448,9094,Robert Webster,Adam Williams
1552,Partner,Documentary,1988,29-03-1988,USA,6867598.44,11707668.93,26931365.36,3126520.14,5238402.43,5.4,48,5857,1624,Mark Brooks,Stephanie Cervantes
1553,Rich human audience,Drama,1967,14-06-1967,USA,437856.54,579834.37,1445066.76,93467.51,331096.15,6.8,64,9531,62,Robert Webster,Lucas Collins
1554,Article course product,Comedy,1986,31-12-1986,USA,1079048.82,2330821.67,3795915.39,452875.03,955531.48,10.0,85,295,50,Jeffrey Myers MD,Jimmy Smith
1555,Pay provide,Horror,2000,05-12-2000,USA,12020693.95,22124243.33,39026136.83,2789043.81,10095334.06,4.4,39,5112,98,Stephanie Hayes,Karen Shaffer
1556,Nice ten general,Drama,1979,27-03-1979,Canada,6784100.06,21343734.46,31214570.47,2154423.98,12287980.78,6.4,72,1293,50,Matthew Beck,Kevin Fernandez
1557,Respond art specific,Comedy,2021,17-08-2021,China,3573765.31,5604685.72,8164444.61,1449004.67,2921383.04,9.0,90,100,869,James Miller,Shawna Bryant
1558,Great hot sing,Drama,2010,24-11-2010,China,4522134.04,8265596.93,15403860.2,2226400.56,4032501.0,7.6,87,594,214,Daniel Brown,Robert Walker
1559,Thus free where,Horror,1983,11-10-1983,USA,430990.67,374025.27,695593.72,78303.57,176190.03,8.4,74,522,498,Patricia Munoz,Michael Ramirez
1560,Left pull where,Thriller,1990,26-03-1990,USA,8503001.65,22391113.93,41363953.14,6079174.39,12165556.84,8.1,80,8217,50,Donna Wagner,Christopher Hanson
1561,Next develop,Romance,1993,24-07-1993,USA,844746.62,1076649.01,1956868.66,254802.66,488327.33,5.0,40,4476,315,Maria Lane,Alyssa Wolfe
1562,Try week,Drama,2019,23-11-2019,India,8571700.23,24647581.81,38373256.38,5374090.35,10834933.81,6.4,83,10035,50,Francisco Ford,Mrs. Margaret Smith
1563,Senior indicate example,Romance,1997,02-02-1997,USA,652334.31,1395082.58,2547998.74,336060.59,668128.99,8.3,75,3234,170,Francisco Ford,Jorge Kennedy
1564,Grow remain,Drama,1997,03-02-1997,China,73475829.33,121794369.0,215764871.0,22489246.88,64982931.77,7.4,86,302,582,Julie Maxwell,Daniel Callahan
1565,Others line four,Action,2000,30-03-2000,USA,172178.1,300924.3,484130.74,51065.0,142834.69,7.1,82,2444,100,Lisa Atkins,Sarah Ross
1566,Right,Documentary,1971,09-07-1971,India,29571836.68,27707978.48,60821295.93,7243680.47,11629066.55,6.8,60,792,14191,Joshua Morales,Lorraine White DDS
1567,Figure listen,Drama,1982,18-08-1982,USA,4250839.66,3718121.08,8218055.08,943575.82,2068245.14,6.0,82,2002,1000,Melissa Cohen,Sandra Farmer
1568,Father,Romance,1986,10-07-1986,USA,12040074.4,21689367.93,32559838.0,4921795.44,11721778.26,8.4,71,5034,2689,Julie Maxwell,Jeffrey Smith
1569,Late,Comedy,1994,23-03-1994,USA,14277597.95,12650102.87,25512721.89,3020683.77,6666881.73,7.4,67,9980,1781,Mrs. Hannah Campbell DDS,Eric Obrien
1570,Among money,Drama,1984,10-11-1984,USA,7939397.96,3541014.0,7939397.96,739163.73,1745561.19,6.1,43,2555,542,Kayla Young,Eric Cooper
1571,Speech about someone,Documentary,1983,12-03-1983,USA,1220361.03,1836532.89,3891806.27,273541.41,1060930.82,8.4,74,16068,771,Caitlin Brewer,Julie Hoffman
1572,Senior general mention,Romance,1954,02-11-1954,USA,23766628.9,11821117.68,23766628.9,1917492.97,5918676.28,8.8,93,1019,6615,Mr. Drew Clark Jr.,Melissa Cain
1573,Decade total,Comedy,2018,27-05-2018,USA,14407754.12,36862171.62,64964608.8,8546565.85,20893364.93,4.0,41,22268,1200,Paul Weiss,Trevor Lee
1574,Note expect happen,Drama,1968,03-05-1968,Japan,21672098.69,9764403.35,21672098.69,1107417.09,5812082.21,8.7,66,2902,50,William Walker,Richard Miller
1575,Maintain offer,Drama,1961,18-06-1961,USA,7728341.79,8640437.28,14772366.85,2065861.58,3822609.58,7.2,71,25517,50,Suzanne Gonzalez,David Hart
1576,Million together,Sci-Fi,1990,15-12-1990,USA,1163395.36,2803364.69,4763544.89,551816.54,1674233.79,7.0,78,6089,30189,Darlene Murphy,Ariel Mills
1577,Heart political discuss,Comedy,1958,25-09-1958,USA,1963189.71,2637174.63,5221968.82,641211.73,1308890.16,6.6,68,618,50,Tyler Sanchez,Stephanie Ferrell
1578,Most off,Comedy,1997,29-01-1997,UK,3364843.94,7517515.34,15786535.32,1665267.97,4056932.65,5.4,64,1988,55,Eric Ramirez,Sharon Rodriguez
1579,Popular about,Comedy,2011,10-03-2011,USA,8790730.2,4001332.69,8790730.2,667462.57,2172535.68,8.0,80,1077,2111,Samantha Campbell,Patrick Barnett
1580,Town data degree,Comedy,2016,09-11-2016,USA,2293465.08,4532625.21,9469074.63,1087038.47,2045330.69,7.5,75,4667,564,Rachel Kirby,Diane Jacobs
1581,Town budget,Thriller,1998,24-03-1998,Canada,229276.82,427782.04,776602.71,96535.15,200921.93,6.3,65,3524,202,Troy Cochran,Melissa Morales
1582,State several,Horror,1994,07-08-1994,USA,8242752.87,14399020.18,28566266.78,4017440.49,7943401.09,9.3,100,100,155,Brenda Smith,Ryan Hood
1583,Site election late,Action,2006,05-05-2006,USA,3003588.6,5619646.87,9987291.89,960502.19,3228438.17,8.0,77,42924,458,Carolyn Schwartz,Lawrence Thomas
1584,Little under,Drama,2012,10-08-2012,USA,1973903.67,1951209.39,3359466.94,541794.88,877084.87,4.8,53,8469,316,Karen Robinson,Brandon Mcguire
1585,Source environment simple,Romance,1973,24-10-1973,USA,326992.57,430006.02,756632.16,51476.86,187137.28,7.8,94,1348,3133,Jeremy Ray,William Washington
1586,This edge south see,Action,1989,29-05-1989,USA,5104754.43,6758804.92,13599422.33,1057567.9,2988358.58,6.5,70,2647,477,Gary Simmons,Kimberly Ramirez
1587,Appear occur,Comedy,1977,26-12-1977,USA,7560872.67,13237930.61,30123168.88,3528461.37,6610974.33,8.9,100,1904,69,Heidi Cisneros,Lisa Castro
1588,Recent politics nation,Comedy,2020,15-07-2020,USA,1953779.05,1070091.84,2069649.02,140341.73,586121.3,3.7,41,497,3829,Adriana Campbell,Valerie Dennis
1589,Difficult stop,Comedy,2025,15-02-2025,USA,4153065.46,1984441.91,4153065.46,441646.35,1090795.62,5.7,67,2776,69,Paul Weiss,Brian Mccormick
1590,Need morning suddenly effort,Drama,2023,05-05-2023,USA,1870223.49,2722548.89,4252174.86,690583.63,1143213.17,9.3,98,4271,471,Robin Hooper,Christina Buchanan
1591,His six,Drama,1972,20-10-1972,USA,16058763.48,34093433.17,60658047.65,8353001.94,14069390.76,6.1,58,524,172,Courtney Reynolds,Samantha Vargas
1592,Yes control,Drama,1960,13-02-1960,France,46067172.47,111709340.5,169333931.6,29563879.58,61381958.63,3.9,29,22455,366,Jeremy Davis,Jennifer Cook
1593,Mean rate,Comedy,1980,30-09-1980,USA,885363.42,1395054.37,3241699.71,346280.68,679407.13,6.5,61,978,50,James Wright,Melissa Cain
1594,Economic know,Drama,2014,06-03-2014,UK,8319816.44,18970138.08,31196504.11,2380803.09,8898959.97,6.9,64,1540,539,Kayla Young,Patricia Ramirez
1595,City outside,Romance,1999,27-06-1999,USA,2129951.17,5082930.34,8549593.54,1376182.67,2702454.31,7.0,78,6784,50,Michael Chung,Michael Martinez
1596,Force hundred today,Drama,1984,27-10-1984,USA,3338043.84,5151131.88,8269286.41,1077280.32,3046660.19,7.0,74,1850,84,Jennifer Henry,Ronald Thompson DDS
1597,Rise apply,Thriller,1982,07-01-1982,Germany,3288822.5,4883344.64,12091542.16,961044.71,2655724.42,6.0,66,8459,1555,Jennifer Atkinson,Karen Shaffer
1598,Brother dog,Documentary,1975,07-07-1975,USA,2113454.54,3705502.05,9111035.78,547949.05,1675751.78,7.6,82,55469,525,James Wright,Eric Obrien
1599,Traditional bag,Romance,2002,06-04-2002,USA,329037.56,266044.28,452009.05,67566.21,123066.72,5.5,40,37939,61,Amanda Montgomery,Ariel Mills
1600,Simple film,Action,1996,26-06-1996,South Korea,30204493.23,57668112.43,119437230.1,12766654.97,33794950.81,5.2,52,8091,297,Abigail Robles,Brandi Moon
1601,Represent officer environment,Sci-Fi,2024,18-06-2024,USA,2167917.53,2073464.22,5158551.85,493277.85,929146.83,6.0,40,1674,286,David Lee,David Hart
1602,Occur body high,Thriller,1970,15-07-1970,Canada,9239051.34,9236902.32,18642353.71,2306313.96,5367519.77,5.5,63,2122,1279,Sean Howard,William Washington
1603,Daughter part rich,Comedy,1983,09-01-1983,Australia,3249990.53,3034855.98,7217409.2,825751.46,1494523.71,7.5,63,5588,256,Caitlin Brewer,Laura Wilson
1604,Policy five,Drama,2013,21-06-2013,USA,1818785.24,894790.22,2022149.61,131145.31,390327.95,5.9,74,5263,230,James Cross,Michael Gomez
1605,Tree receive,Romance,2004,12-05-2004,USA,4454539.32,4886419.31,10646770.42,1068598.5,2320571.08,4.7,40,11600,50,Janice Taylor,Shannon Hunt
1606,Choice relationship address,Horror,1992,15-05-1992,USA,812208.22,2241957.45,3899904.43,306108.86,1081560.14,3.7,44,2809,2231,Jessica Rodriguez,Christina Buchanan
1607,Serve current determine,Thriller,2025,27-06-2025,USA,30492979.91,62983862.72,119394497.8,9100305.33,32955543.54,8.5,73,8173,1223,Dr. Michael Monroe,Stephen Clark
1608,Stay his clear,Horror,2025,16-04-2025,USA,100000.0,225516.04,489336.98,44264.85,133809.87,7.4,78,1468,160,Mrs. Hannah Campbell DDS,Daryl Douglas
1609,Head very live,Action,2017,12-06-2017,USA,8798509.9,17051946.41,31304907.23,3802681.8,10219194.8,5.4,43,12925,356,Robin Hooper,David Castillo
1610,Manager present most,Drama,1972,12-12-1972,USA,5769477.32,8753161.11,17863056.69,965709.74,3599714.94,8.3,70,13708,200,Paul Weiss,Andrew Walker PhD
1611,Security voice herself,Romance,2010,14-08-2010,South Korea,453555.39,502858.07,794344.29,106848.14,275838.45,7.2,70,14162,190,James Wright,Alyssa Wolfe
1612,Sea drop,Thriller,2019,27-11-2019,USA,525047.29,1427816.65,2217535.63,196954.19,741510.3,5.6,62,2854,168,Brian Robinson,Jason Mercer
1613,Positive,Comedy,2016,06-06-2016,USA,18952862.38,41391461.68,76015790.97,6351434.96,21926033.19,4.6,22,44531,50,Jessica Gonzalez,David Perez
1614,Far investment risk,Comedy,1954,30-10-1954,USA,5573558.18,3973856.7,8817634.67,1188396.9,2175747.67,7.5,64,426,160,David Perez,Veronica Mills
1615,Alone dark,Thriller,2019,09-08-2019,China,4459641.4,9575419.94,16141978.67,2129457.74,5007131.02,6.4,76,2542,554,Karen Smith,Sandra Farmer
1616,Hope,Comedy,1996,02-11-1996,USA,4305990.06,8995331.08,12948868.88,1120289.33,3845100.54,5.3,40,29729,1830,Melanie Olson,Becky Dean
1617,Our crime someone,Sci-Fi,2001,06-06-2001,USA,3796858.92,4585642.5,10120579.21,972571.96,2520155.48,8.1,70,4539,1918,Joshua Baker,William Ramirez
1618,Car receive,Action,1979,01-05-1979,USA,2766598.1,6049864.22,11774698.61,1501484.43,3156392.85,6.6,61,7271,5616,David Perez,Eric Cooper
1619,Throughout item,Drama,2014,05-08-2014,USA,42027866.58,27948807.14,42027866.58,3076977.48,14594126.1,7.2,64,312,156,Donna Hall,April Murphy
1620,Politics,Action,2016,28-06-2016,USA,2104229.47,2618266.17,4893742.3,602412.93,1198049.46,4.4,48,11302,154,Jeremy Davis,Gabriel Mathis
1621,Truth read,Romance,2017,30-06-2017,Canada,579388.97,629621.43,1134005.75,117545.17,297671.67,6.2,66,4203,106,Anthony Rowland,Jennifer Hall
1622,Job group part,Drama,2008,06-05-2008,USA,658236.09,1511974.59,2245730.88,334253.87,841603.33,6.7,80,11722,231,Benjamin Hudson,Jeffrey Jenkins
1623,Movement student,Horror,2002,13-02-2002,USA,10049004.9,20736710.99,33333657.41,4217290.35,11629813.28,10.0,100,12462,156,Bryan Murray,Veronica Mills
1624,Important offer,Horror,2002,13-05-2002,USA,34430608.88,19236997.43,34430608.88,2603936.6,8483063.7,5.6,67,22078,1944,Adam Brown,Kathryn Hunt
1625,Toward human tough,Drama,1979,16-07-1979,India,492692.44,250572.89,492692.44,36069.15,138043.17,5.5,72,6077,66,Benjamin Hudson,Anthony Cross
1626,Of,Action,1981,22-10-1981,India,5312256.85,9006980.47,17741198.25,2017067.26,4078126.84,8.7,96,2164,281,Amber Anderson,Kristy Faulkner
1627,Media,Romance,2024,23-10-2024,USA,4142581.84,6063860.31,13897096.46,899183.09,2635571.79,5.9,65,2587,66,Mr. Drew Clark Jr.,Corey Johnson
1628,Throw know contain,Comedy,2007,29-03-2007,India,603861.52,955699.44,2374960.51,148944.67,459462.46,6.1,66,369,50,Robert Hendricks,William Ramirez
1629,Discover able,Action,1997,04-06-1997,USA,1914946.44,2640020.63,5671823.91,281415.86,1077756.97,7.8,82,10236,860,Ashley Medina,Mark Crosby
1630,As remember,Horror,2004,24-01-2004,Australia,11015186.23,16871187.18,31790027.76,3616518.8,7711895.89,8.1,84,300,279,Crystal Harris,Michael Ramirez
1631,Court surface,Comedy,2016,13-12-2016,USA,12724882.88,19300698.08,33759995.1,4584013.85,10026837.85,7.7,69,128,140,Brooke Morales,Sandra Spears
1632,Near television chance,Comedy,1994,14-12-1994,USA,2665215.05,3765787.05,5480246.25,720571.53,1728942.99,4.9,48,2266,17103,Jennifer Atkinson,Stephanie Ferrell
1633,Culture theory,Comedy,1950,29-07-1950,France,68296934.62,109798908.1,175802976.4,15852289.56,62801572.82,4.8,47,18438,74,Chad Peters MD,Heather Williams
1634,Player here box,Horror,2019,16-08-2019,USA,164014.42,120966.34,225919.72,29604.37,50620.28,6.6,72,1403,3472,Robin Hooper,Dalton Johnson
1635,After,Thriller,1979,20-09-1979,USA,2020929.31,2195947.21,5179350.98,529484.0,1031065.08,6.7,56,12384,1369,Tracy Tucker,Diane Jacobs
1636,Whatever coach,Action,2003,03-07-2003,USA,1696148.67,2745190.43,5437853.96,366726.7,1540642.9,6.0,58,493,417,Jordan Orozco,Dalton Johnson
1637,Present big,Drama,2019,20-05-2019,USA,5123505.82,13329655.52,20832776.41,1913149.38,6338065.33,7.7,77,507,157,Brooke Morales,Mr. Michael Snyder
1638,Mr few,Drama,2019,17-10-2019,USA,695882.38,1354670.03,2247023.86,322794.49,618757.66,8.6,89,2364,2337,Hannah Camacho,Becky Dean
1639,Civil man food between,Comedy,1982,10-03-1982,China,2805338.85,7903717.67,11619361.15,2175273.81,4727871.24,6.1,68,1685,50,Faith Franklin,Nicholas Williamson
1640,Bad rise mind,Comedy,1996,03-06-1996,USA,15429647.9,31669677.37,49996784.73,5374019.33,18400508.95,8.7,68,2933,1562,Melissa Cohen,Melissa Mcgee
1641,Recent main position,Drama,2019,21-02-2019,India,3067288.16,1628133.32,3067288.16,444888.97,817495.66,5.0,55,1170,151,Brian Robinson,Anthony Rhodes
1642,Certainly opportunity almost,Comedy,1987,24-06-1987,India,863575.56,668569.37,1524676.76,129733.05,378075.94,6.3,64,6233,62,Kayla Young,Cody Peters
1643,Effect board,Documentary,2009,03-04-2009,Canada,609934.65,1265036.16,1999867.52,143916.23,630292.46,7.6,74,2611,396,David Hall,Anthony Cross
1644,Push lot many,Drama,1990,03-04-1990,USA,10286533.22,10879325.28,19422291.43,1883268.58,4362580.13,5.2,42,2681,1106,Sharon Wilson,Alan Mullins
1645,Together edge,Comedy,1980,24-11-1980,USA,2921712.04,6080923.49,10449933.64,1435628.41,2786217.15,8.3,76,2562,83,Philip Simmons,Christopher Benson
1646,Why source,Drama,2019,26-09-2019,USA,7289188.73,8368267.07,13029248.32,939668.82,4247044.58,6.4,50,1957,2554,Tara Underwood,Joshua Willis
1647,Since people stop,Comedy,1990,10-09-1990,USA,537100.14,753210.16,1106361.27,87159.93,349062.97,6.8,82,2141,224,Benjamin Hudson,Stephen Clark
1648,Through interview difference,Drama,2019,25-04-2019,USA,10921759.59,10258348.4,24724021.81,2860365.83,4684357.77,5.3,50,2984,50,Paul Rogers,Holly Jones
1649,Hope guy science,Romance,2001,04-10-2001,India,1215490.31,1928656.87,3490671.67,221169.49,848586.9,8.0,85,6305,1974,Tara Underwood,Christopher Green
1650,Debate require,Drama,2025,26-05-2025,USA,3226737.39,5162906.49,12321993.01,527542.25,2100016.04,6.3,84,2023,244,Sophia Gomez,Lauren Richards
1651,Represent task level,Comedy,1970,19-05-1970,India,10358409.95,16159644.28,31062470.69,4556646.78,9371359.25,5.3,68,9077,155,Jennifer Miller,Jeffrey Smith
1652,Within garden Mrs hear,Drama,1960,14-12-1960,USA,2321489.64,4102384.39,7287292.51,514035.79,2210977.23,6.4,68,3581,50,Darrell Carlson,Eric Obrien
1653,Identify international,Comedy,1987,15-05-1987,USA,7478238.01,12335963.6,25486209.24,1521704.81,5338406.0,5.1,41,9458,442,Mr. Jorge Anderson,Brandon Green
1654,Rather page,Comedy,1999,16-07-1999,India,1564685.94,2496207.61,5424976.1,427961.8,1246979.78,4.8,42,1074,825,Jonathan Evans,Jeffrey Sharp
1655,Production exactly,Drama,1976,19-08-1976,USA,2612300.57,5085570.6,11086237.02,726842.91,2438789.34,4.7,54,722,1497,Jessica Singh,Meghan Mcintosh
1656,Past think capital,Comedy,2023,28-12-2023,USA,2518856.11,6425918.53,10966155.64,903358.97,3466136.16,6.5,65,1613,210,Chad Peters MD,Sierra Brooks
1657,Sing research,Action,1964,02-02-1964,USA,142606789.8,269076052.9,638757308.0,42158410.99,128157246.0,7.1,86,13586,50,Bryan Murray,David Castillo
1658,Whatever part fine,Romance,1981,06-07-1981,India,7180788.6,6525156.13,14742207.98,1215914.63,3099997.75,6.7,52,984,2270,Jessica Rodriguez,Richard Miller
1659,Pretty floor great,Drama,1971,15-01-1971,USA,1543869.87,2020518.69,4002233.02,298664.02,1028608.91,7.8,76,6593,98,Philip Simmons,Christopher Green
1660,Security too hair,Comedy,1988,12-02-1988,USA,838008.05,719815.19,1690066.46,176133.29,373080.09,7.5,68,3733,103,Chad Peters MD,Eric Perry
1661,Identify,Sci-Fi,1990,10-10-1990,France,1108187.12,3000384.4,5351268.21,726932.38,1316851.19,9.3,96,24722,50,Anthony Henry,Miss Jennifer Parsons
1662,Try hope gun,Thriller,2016,31-08-2016,USA,1734677.99,3411579.64,8470177.58,990679.62,1453706.5,8.3,73,12209,52,Darlene Murphy,Kathryn Stevenson
1663,Hold soldier,Comedy,2022,21-05-2022,Germany,221492.28,144755.8,315255.24,29976.81,83433.64,7.2,66,16074,1777,David Hall,Nicholas Richards
1664,Could already,Action,2022,30-06-2022,USA,1238661.19,2329349.54,3401374.31,603535.87,1385316.11,7.8,67,9085,50,Sophia Gomez,Gina Fernandez
1665,Business man,Horror,1992,13-10-1992,USA,2945964.1,1841256.9,2945964.1,540932.74,838895.32,6.9,66,1269,1765,Kristina Moore,Daniel Callahan
1666,Can forget,Drama,1957,23-07-1957,USA,30925060.14,15794249.04,30925060.14,2391708.02,9086067.97,4.4,56,369,50,Megan Sharp,David Hart
1667,Mouth,Comedy,2000,23-03-2000,USA,1401824.69,3065056.97,6588157.43,546440.37,1538101.23,6.2,71,3192,639,Kristina Moore,Benjamin Mitchell
1668,Cost citizen color,Comedy,2017,25-04-2017,USA,2927443.36,3352979.9,7915420.28,377955.55,1830693.89,6.3,67,1334,351,Brooke Morales,Brandi Moon
1669,True live,Action,1994,11-03-1994,USA,781318.64,1190023.86,1793255.97,290600.03,610932.3,6.0,70,1514,12190,Abigail Robles,Ashley Gilmore
1670,Example voice,Thriller,2023,20-07-2023,USA,5380801.39,10741721.61,17142938.09,1635916.19,4829001.97,7.2,73,1532,206,Andrew Chambers,Seth Smith
1671,Letter laugh assume,Action,2021,26-01-2021,Canada,487147.44,436851.41,804942.86,50040.35,247508.17,9.7,100,6116,5359,Joshua Baker,Logan Martin
1672,Develop teach,Romance,1991,15-09-1991,Australia,279306.27,236421.98,468226.28,35386.84,126394.17,6.7,69,2893,1117,Albert Phillips,Jennifer Hendricks
1673,Friend game,Horror,1982,02-09-1982,USA,11338089.49,30767015.4,54649845.85,4427265.75,16305918.06,3.9,36,3058,525,Troy Cochran,Laura Wilson
1674,Exactly son discover,Drama,2011,21-12-2011,USA,201664.72,358012.42,722638.27,43220.93,165552.18,5.1,54,1145,4783,Benjamin Ray,Anthony Rhodes
1675,Work a,Sci-Fi,2017,23-09-2017,USA,414730.54,1125626.15,1851532.04,269728.6,648701.66,7.1,78,824,2190,Seth Whitehead,Derek Jones
1676,Market,Drama,2024,18-02-2024,UK,2761062.37,5244092.74,12437394.68,1054443.14,2291397.41,5.1,41,7307,857,Melissa Hernandez,Lisa Castro
1677,Politics that guy,Comedy,2003,09-04-2003,USA,2156083.05,2404654.32,4119624.89,395116.8,1241273.35,3.9,41,443,127,Kevin Green,Timothy James
1678,Area start,Drama,1964,25-05-1964,USA,1540294.99,1776995.86,4168807.92,186177.24,798341.02,8.8,69,1282,521,Lisa Atkins,Brandon Mcguire
1679,Why my language,Drama,1974,26-11-1974,India,2327065.89,3691015.28,7191885.94,608670.78,2047603.26,8.6,87,4613,785,Michael Chung,Anna Vasquez
1680,Window good season,Sci-Fi,2005,08-09-2005,USA,921860.07,1574952.53,3660863.61,359297.34,751201.47,6.2,78,603,379,Francisco Ford,Jeffrey Smith
1681,World all,Romance,2014,08-09-2014,Canada,422218.55,723164.6,1049284.6,158236.61,337241.56,7.8,75,1485,180,Shannon Ross,Adam Bowman
1682,Outside follow,Comedy,2005,18-09-2005,USA,2490173.39,1429179.3,2490173.39,327580.75,707670.64,4.6,45,5156,280,Rachel Hayes,Amanda Rivas
1683,Teacher care box poor,Drama,1969,24-04-1969,Australia,6823527.19,12863764.71,22935989.25,1820463.46,6752042.89,4.8,55,2156,1325,Faith Franklin,Robert Garcia
1684,Good of bring radio,Comedy,2021,21-12-2021,India,3681707.65,1528872.16,3692740.36,168605.72,885181.37,5.3,42,759,92,Caitlin Brewer,Stephanie Ferrell
1685,Argue work,Sci-Fi,1987,20-05-1987,USA,2322824.05,987727.03,2322824.05,214339.24,535693.38,8.1,85,28600,50,Eric Ramirez,Laura Wilson
1686,Painting party them,Sci-Fi,1967,13-06-1967,USA,579224.79,628517.29,1069396.8,93214.16,325556.91,7.3,86,1857,461,Faith Franklin,Anthony Rhodes
1687,Resource some job,Comedy,1987,11-08-1987,USA,6907291.59,11265928.38,24218835.13,2483160.39,6110869.11,7.2,63,4357,482,Julie Maxwell,Ronald Herrera
1688,Play here western,Drama,1976,20-07-1976,USA,334667.14,552313.17,905891.96,145985.33,295712.72,5.8,56,3384,570,Paul Rogers,Meghan Johnson
1689,Article box identify,Drama,1972,28-05-1972,USA,48574424.03,139148718.2,213759161.4,21233914.36,56938543.72,5.7,51,795,1312,Kim Watkins,Brittany Kelly
1690,Cup must husband,Drama,1956,11-08-1956,USA,8947905.94,18120201.73,33300030.6,4930108.14,7992962.56,6.6,78,4649,2602,David Rosales,Seth Smith
1691,Your type,Action,1951,07-06-1951,USA,3314435.12,3561171.2,5266490.91,771520.08,2081575.22,6.4,73,32095,454,Darrell Carlson,Becky Dean
1692,Total offer,Comedy,2022,15-12-2022,USA,645048.41,1906935.31,2829803.51,391229.95,821421.97,7.2,62,732,478,Brandon Fuller,Jennifer Leach
1693,And until something,Action,2018,05-07-2018,USA,915024.7,1729660.08,3242079.13,181126.4,874837.39,8.7,100,3989,6658,Caitlin Brewer,Jorge Thompson
1694,Draw with,Action,2009,29-10-2009,USA,14151141.82,28118014.12,44704805.77,3047617.03,13563580.15,7.0,56,1226,553,Michael Ross,Sheila Dunn
1695,Better pay federal,Horror,2010,12-11-2010,USA,20085941.11,39646338.52,66379288.71,7288577.52,23369787.64,7.4,81,5740,435,Anthony Rowland,Mark Morris
1696,Traditional bag,Romance,2011,22-01-2011,USA,6743496.31,9301670.91,22522300.87,1732991.1,4900216.11,7.2,68,884,400,Kelsey Ellis,Joseph Gonzalez
1697,Of month,Action,1966,11-01-1966,USA,1019085.39,2121085.94,4272935.2,508192.45,941921.08,6.9,55,25216,426,Suzanne Gonzalez,John Ross
1698,Themselves author agent,Horror,2020,18-12-2020,USA,8111447.95,5406315.67,13464906.42,1009525.99,2209064.85,5.0,56,645,50,Jerry Owens,Patrick Barnett
1699,Eight difference surface,Drama,2015,16-07-2015,USA,2456790.52,5238451.68,10287980.02,1170937.19,2984786.35,4.8,54,736,2491,Sharon Wilson,Melissa Melendez
1700,Money maybe style,Thriller,1993,01-05-1993,France,8728109.21,7989200.28,15583381.68,1763872.35,4325560.11,4.8,49,982,126,Brian Robinson,Mark Smith
1701,Reach,Action,2002,26-04-2002,USA,1443233.9,2806849.71,6503403.7,507574.28,1397418.6,5.2,61,1285,4134,David Rosales,Ariel Mills
1702,Set probably affect,Comedy,1997,09-03-1997,USA,1065624.04,2734224.44,4244005.14,508628.26,1173858.8,4.3,43,13352,459,Anthony Henry,David Clark
1703,Heart choose strong,Action,2020,18-02-2020,Germany,5167484.82,9354477.34,21292698.97,1362821.55,3882346.87,5.1,48,445,82,Nathan Bolton,Becky Dean
1704,Threat cell,Thriller,2016,06-07-2016,USA,5508849.32,8625239.29,14089469.47,1376422.18,4887987.51,5.8,60,959,204,Philip Simmons,Noah Harrison
1705,Letter interesting,Romance,1992,07-09-1992,USA,7999240.68,20089362.78,33490608.82,5640779.53,9909582.44,8.4,89,100,237,Sara Higgins,Meredith Williams
1706,National seat,Drama,2005,02-03-2005,Germany,2709073.36,2271256.07,3800553.9,342330.43,1102551.27,7.1,71,3974,1642,Christian Hernandez,Lynn Pierce
1707,Everyone process boy listen,Sci-Fi,2005,20-12-2005,USA,517559.5,635102.18,1420869.72,177505.85,272144.28,6.2,67,136,50,Brandon Fuller,Christopher Benson
1708,Guy manage,Romance,1994,08-06-1994,USA,5682460.32,3278827.75,5682460.32,524372.58,1439431.78,7.5,87,38134,3315,Diana Davis,Kimberly Johnson
1709,First way affect,Sci-Fi,1977,27-07-1977,Canada,188435.79,103167.23,222189.1,18495.95,47807.17,7.0,79,11275,213,James Cross,Daniel Callahan
1710,Across build,Drama,2004,09-03-2004,India,3744436.45,8752760.94,17145896.65,1757166.27,4833899.63,6.3,58,14034,66,Brandon Fuller,Christina Jones
1711,Force budget expert,Thriller,2001,12-02-2001,South Korea,100000.0,196922.58,463185.45,38412.38,84491.82,7.8,94,2644,207,Jennifer Atkinson,Kathryn Stevenson
1712,Ten,Action,2014,10-11-2014,USA,1221455.43,4053855.82,5941504.75,777665.82,1689333.24,4.6,38,287,201,Heidi Cisneros,Jessica Scott
1713,Into,Action,1958,06-07-1958,USA,291793.08,191561.13,346112.39,55865.1,103705.16,5.9,41,2932,540,Alyssa Adams,Samuel Wyatt
1714,Sport just score,Comedy,1998,09-09-1998,China,1904364.21,1147695.93,1904364.21,201103.83,640106.08,9.3,94,5204,231,Jeffrey Neal,Catherine Willis
1715,Rock professional,Comedy,1999,28-06-1999,China,1840916.67,2207106.6,4502714.28,620449.79,955423.63,6.1,52,12607,683,Jeffrey Neal,Christopher Tucker
1716,Professional job security,Drama,2008,08-12-2008,USA,402976.44,720735.08,1553676.59,121806.95,376553.49,5.5,62,539,1034,William Banks,Monique Harris
1717,Him knowledge quality,Action,1966,06-04-1966,Canada,224179.35,601559.02,982792.88,148171.38,268068.9,7.2,67,2586,97,Claudia Smith,Morgan King
1718,Still three affect,Thriller,2014,06-11-2014,USA,593680.87,1043104.38,2079771.54,177161.67,524087.68,8.5,61,2530,108,Nathan Bolton,Joy Huber
1719,Country bit,Documentary,2013,30-03-2013,India,1332198.43,2796079.72,6170308.33,360755.88,1602012.79,6.7,73,1184,50,Renee Campbell,Eric Nelson
1720,Her discuss name,Comedy,1982,30-10-1982,France,5912181.3,2918752.1,5912181.3,684392.66,1711023.71,7.7,77,1788,278,David Charles,Samantha Sanders
1721,Significant recently,Comedy,1969,10-04-1969,USA,1845050.06,1169739.91,2367674.47,135750.78,643065.73,8.8,84,48586,1982,Amber Anderson,Lauren Richards
1722,Enter pick its,Romance,1992,04-03-1992,USA,6091700.62,15194963.76,26259442.85,4423693.35,8810144.76,5.6,62,3443,544,Julie Maxwell,Brenda Guerrero
1723,Dark want,Comedy,1977,23-06-1977,USA,745985.55,1368847.03,3046260.43,410624.27,767805.55,4.5,30,3490,225,Elizabeth Lane,John Sullivan
1724,Box away discover,Drama,2002,16-06-2002,India,728083.87,634283.15,1174404.37,98046.44,282039.84,5.0,43,5476,478,Samantha Campbell,Lauren Richards
1725,Father area,Horror,1995,01-01-1995,USA,540801.66,1032405.04,2176779.7,210550.25,426421.46,7.4,78,1242,1585,David Charles,Anthony Rhodes
1726,Enough cold pretty,Thriller,1973,11-03-1973,USA,2034614.93,5054033.27,9331174.26,1028500.23,2446410.4,5.0,41,2829,150,Jeremy Ray,Terry Martinez
1727,Resource laugh,Thriller,2020,04-07-2020,USA,1348974.75,1499432.88,2990307.97,196230.99,656396.78,5.6,56,9980,122,David Charles,Lorraine White DDS
1728,Amount head,Thriller,2016,23-07-2016,USA,8092381.32,12033568.19,21191758.91,3131984.95,6055516.47,4.8,55,20176,55664,Brandon Fuller,Noah Harrison
1729,Bit popular yet,Drama,1991,01-02-1991,USA,3203842.55,6180692.13,12109939.03,1649654.68,2900720.89,8.5,93,16104,50,John Jones,Douglas Bullock
1730,Discuss prove weight,Action,1998,25-08-1998,USA,2826976.2,6985665.98,12759437.83,1767627.56,2995392.92,7.2,66,21149,50,Brooke Morales,William Ramirez
1731,Assume single,Documentary,2025,04-10-2025,USA,5766185.22,11324080.34,18755303.86,2689961.92,6340209.76,6.8,76,373,1028,Jeremy Ray,Mark Crosby
1732,Pretty exist design,Documentary,1994,06-01-1994,Germany,5147882.79,8127983.6,12213636.06,2362660.23,4113161.56,5.1,58,6202,50,Amanda Montgomery,Amy Gomez
1733,Base always,Drama,2011,06-03-2011,UK,5085657.01,13481813.61,20337041.45,2981191.29,7087889.81,7.0,60,244,109,Barbara Torres,Tami Miranda
1734,Remain under experience,Documentary,1965,19-01-1965,USA,11783398.09,9615371.27,13763721.64,2443428.06,4346755.36,6.8,62,5224,2497,Mr. Jorge Anderson,Melissa Cunningham
1735,Trial civil agency,Comedy,2014,29-06-2014,Germany,3747989.16,7804143.12,13071333.38,1464510.34,3982870.56,2.7,17,8996,6010,Amanda Montgomery,Alexander Haley
1736,Clearly father,Thriller,1980,04-04-1980,USA,251013.54,444609.52,1008709.63,68204.41,232738.35,5.9,57,77190,330,Bethany Rodriguez,Nathan Nelson
1737,Model station,Romance,1990,31-05-1990,USA,21173979.74,24458868.46,48855886.31,4155121.9,13455681.7,8.4,89,618,887,Kimberly Barker,Sheila Dunn
1738,How minute forget not,Romance,2011,29-06-2011,USA,5726703.59,4754898.58,11289135.21,944928.42,2196250.68,9.0,78,58986,201,Nicholas Murphy,Jacqueline Cooper
1739,Painting Congress,Drama,2023,06-02-2023,USA,2117696.91,1306305.04,2648562.58,384378.06,767445.02,7.9,79,1797,50,Ashley Medina,Sandra Spears
1740,Attorney third debate,Thriller,2017,22-04-2017,USA,1027585.86,1057953.8,1941768.69,220488.17,579006.27,4.5,48,2469,88,Charles Lopez,Olivia Allen
1741,Pull writer recognize new,Comedy,2015,21-05-2015,USA,415178.16,422063.43,1028261.21,52544.59,248082.77,5.5,54,320,71,Bryan Murray,Leonard Contreras
1742,Weight discuss race,Comedy,2023,10-04-2023,UK,181752931.5,318280544.1,678950744.7,32048576.61,167826687.6,6.3,66,10476,2194,Bryan Murray,Jennifer Leach
1743,Way happy,Comedy,1978,22-07-1978,France,24962628.41,69542987.49,118251785.1,18658984.56,40426695.27,5.8,47,53612,177,Michael Richards,Gabriel Mathis
1744,Risk according kitchen,Horror,2002,15-08-2002,USA,3205614.87,2446409.12,4165974.87,534635.65,1316754.07,9.0,88,360676,193,Shannon Ross,Rachel Howard
1745,Car receive,Horror,2025,26-10-2025,USA,2451751.69,3842774.57,6057956.43,958691.07,1644701.38,7.2,69,1498,477,Thomas Peterson,Darren Jones
1746,Second art,Drama,2006,15-12-2006,USA,5774778.87,12390702.7,23506379.2,1852664.44,6584446.94,7.3,63,3074,4183,Jessica Rodriguez,Brandon Davidson
1747,East cold save,Action,1985,16-05-1985,USA,4587145.93,6985558.87,15076874.84,796093.57,3887595.86,8.5,76,382,50,Michael Chung,Dawn Blake
1748,True live,Comedy,1995,07-11-1995,USA,1975852.14,1938994.95,4408742.7,280369.69,964604.84,3.1,37,2443,116,Susan Farley,Michael Ramirez
1749,Operation particularly,Action,1991,29-12-1991,Germany,3048543.49,4691887.27,11593518.3,540351.4,2236861.11,5.4,60,7706,371,Jeffrey Myers MD,Joel Hunt
1750,Tell make despite,Action,2020,01-02-2020,USA,8832466.45,12973488.74,20376980.43,3694530.63,6413845.67,7.9,90,3367,116,David Perez,Sarah Nelson
1751,Break nice beat relate,Action,1990,01-09-1990,USA,5301764.6,9488067.21,16221255.74,1562960.91,5490287.69,6.7,49,3644,134,Bryan Murray,Mary Wolfe
1752,Lead admit later,Horror,2008,29-01-2008,USA,3178562.07,2233996.93,4510216.25,323140.12,1034214.26,8.1,81,687,530,Charlotte Williams,Miranda Armstrong
1753,Throughout executive state,Romance,1989,07-10-1989,USA,664278.1,413699.93,1015282.63,73097.0,188337.44,4.3,37,5873,52,Thomas Peterson,Ashley Gilmore
1754,Scientist writer,Drama,1993,01-01-1993,Australia,515208.54,831288.92,1999174.64,175117.46,479697.56,9.2,100,831,763,Julie Maxwell,Stephanie Ferrell
1755,Need later,Action,2021,10-09-2021,South Korea,4443210.75,9420650.17,17438173.16,1770903.95,5515558.67,8.1,87,249,1123,Oscar Santos,Jason Ramos
1756,Bad lose remain prove,Drama,2013,02-12-2013,Japan,14724060.73,38961345.25,60453338.96,9592853.93,20308090.52,7.8,70,5235,50,Ashley Medina,Patricia Keller
1757,Before care,Action,2015,03-04-2015,USA,2613438.78,6047303.28,11602580.53,825875.75,3351827.02,6.5,70,8607,2317,Amanda Cantrell,Tracy Klein
1758,Ahead thousand within,Drama,2014,14-08-2014,UK,17082630.18,19473142.78,40235501.47,2574977.44,8601715.77,4.7,56,37248,136,Courtney Reynolds,Nicole Turner
1759,Fine court fight,Drama,1996,26-12-1996,USA,881910.63,1328791.52,2862271.37,373202.19,562641.65,7.7,63,4833,330,Roberto Underwood,Paige Gonzalez
1760,Your since Congress,Comedy,2012,21-09-2012,USA,20227275.75,26159524.09,50412100.17,5545557.18,12940426.06,6.6,62,20706,6895,Diane Skinner,Tricia Thomas
1761,Kitchen better,Drama,1989,07-12-1989,USA,2839832.41,5764352.01,13767980.88,718212.72,3240712.85,6.2,53,7221,165,Samantha Campbell,David Martin
1762,So either movie summer,Comedy,2008,14-06-2008,Germany,13648563.74,23024734.27,43173809.15,2993494.2,13679025.28,6.2,51,3517,827,Mrs. Hannah Campbell DDS,Kimberly Ray
1763,None campaign reach,Action,2018,13-02-2018,USA,11059153.42,25381896.43,42367590.25,6339625.4,14213424.14,7.1,54,14610,66,Melanie Olson,Brian Gentry
1764,Activity painting,Action,1985,17-02-1985,China,3301421.92,1485862.55,3301421.92,241598.2,852487.08,5.8,49,8761,439,Melanie Olson,Casey Collins
1765,Somebody fall decision,Comedy,2016,24-01-2016,USA,15805472.66,15620131.17,28976237.53,3040788.65,8564946.59,7.7,76,2485,50,Jerry Owens,Trevor Lee
1766,Loss,Drama,1970,29-07-1970,USA,1126388.14,2857485.09,4722731.18,487108.59,1420697.02,6.4,60,113,86,Jerry Owens,Sabrina Massey
1767,Feeling hotel interview,Horror,1984,29-03-1984,USA,5530057.03,11019461.39,25917297.05,2820542.84,6508823.89,6.4,61,6219,2195,Michael Richards,Patrick Barnett
1768,Always enter safe,Comedy,2003,25-04-2003,USA,12665598.67,24164333.35,39477640.94,3108106.09,13629919.1,4.2,27,2751,190,Diana Davis,Ashley French
1769,Approach consumer front,Drama,2010,13-09-2010,USA,1236078.31,2551139.76,5120121.86,650064.86,1104031.78,6.2,58,62694,79,Melissa Cohen,William Ramirez
1770,Democratic,Drama,1995,04-05-1995,USA,9423132.24,17644305.48,32828008.53,2715333.39,10018257.68,7.6,78,330,169,Sara Higgins,Theresa Cooley
1771,Pick artist,Horror,1988,09-11-1988,USA,1114028.76,759269.5,1114028.76,178262.25,317050.43,9.4,93,18973,84,Vanessa Fox,Rachel Howard
1772,Second,Action,2000,01-05-2000,USA,10268230.8,12118885.05,23445468.09,2996644.97,6196545.53,6.1,58,403,588,David Hall,Karen Shaffer
1773,Traditional table know,Drama,2019,17-09-2019,USA,6604702.0,17859865.99,28637742.51,2607016.93,8220355.28,2.6,31,1204,268,Stephanie Hayes,Olivia Allen
1774,Contain memory,Thriller,1954,04-08-1954,Germany,7109039.49,5195147.72,10542264.53,1057181.44,2828953.28,4.9,49,1057,8619,Megan Sharp,Meghan Mcintosh
1775,Name care,Comedy,2010,08-08-2010,USA,1842105.19,1159644.43,1842105.19,204363.0,548224.89,5.1,55,1194,59,Benjamin Ray,Sharon Rodriguez
1776,Serve life throughout,Comedy,2001,03-11-2001,UK,341670.99,742561.14,1612410.03,135352.62,419748.69,7.2,87,2485,61,Mrs. Hannah Campbell DDS,Nicholas Richards
1777,Whatever bag,Drama,1979,21-05-1979,USA,2122997.71,5014801.37,10096300.75,783899.45,2632417.22,5.7,57,4034,67,Michael Chung,Andrew Walker PhD
1778,Case since,Thriller,2015,15-06-2015,USA,95462865.54,68633273.73,99724234.9,9145878.34,34954902.39,5.6,68,4903,2679,Elizabeth Lane,Nicole Morales
1779,Picture prevent her,Comedy,1974,20-09-1974,USA,329769.97,512819.1,1274781.17,142293.99,241643.65,3.3,28,100,211,Kim Watkins,Cassandra Dennis
1780,Know color probably,Drama,2008,07-03-2008,USA,5273396.56,3385928.68,6992801.8,506362.56,1989314.12,7.0,67,394,3299,William Walker,Brandon Mcguire
1781,Candidate history,Romance,2025,02-04-2025,USA,20115203.79,22579715.02,37256943.17,5180378.04,9607220.38,6.5,69,1093,6813,Chad Peters MD,William Brooks
1782,All economic remain,Drama,1977,24-03-1977,Australia,28313426.07,71960167.94,112382725.5,9099870.25,31527557.31,6.2,67,4560,2341,Joshua Morales,Stephanie Ferrell
1783,Trade,Documentary,1976,08-11-1976,USA,1137022.41,1315370.48,2769971.44,390335.52,638191.92,8.7,87,20783,50,James Wright,Shannon Hunt
1784,Blue say another painting,Horror,1997,13-08-1997,France,2504081.1,4937816.85,12267452.79,1477693.33,2473610.29,4.8,34,16667,1940,Roberto Underwood,Patricia Ramirez
1785,Evening else,Documentary,1968,02-09-1968,Canada,2924423.58,2245790.09,5482040.16,565275.8,1059654.97,7.2,62,70141,6949,Jason Jones,John Jones
1786,Trial general over,Drama,2024,26-08-2024,USA,14588945.7,32082952.62,67148744.22,8643655.3,16262278.1,4.5,39,1810,50,Ryan Tate,William Ramirez
1787,Day crime catch,Thriller,2017,25-01-2017,USA,2500675.53,4266333.53,9221973.14,750488.84,2543302.06,8.0,71,630,1335,Gary Simmons,Becky Kerr
1788,Practice line,Drama,1992,09-08-1992,USA,22685515.09,53267741.97,99022183.63,13479766.77,23209483.94,8.9,87,122,120,Barbara Torres,Christopher Hanson
1789,Activity join long,Drama,2016,27-06-2016,USA,7445616.46,8273174.09,19685292.99,2416493.52,4380033.86,6.4,74,5359,60,Dr. Michael Monroe,Paul Glover
1790,Knowledge college home when,Comedy,1997,21-05-1997,USA,13071138.03,9433807.47,14516161.21,2604626.28,5091456.25,6.2,54,2698,50,Sharon Wilson,Douglas Davis
1791,Stop fact,Drama,1994,08-10-1994,India,16492931.43,12654209.52,30575233.17,2035960.28,6503043.05,3.8,33,4151,62,Heidi Cisneros,Adam Bowman
1792,Spend fire value,Comedy,2017,20-06-2017,China,4640823.89,3827997.8,8373531.96,950121.65,1542679.17,10.0,100,3844,521,Dr. Michael Monroe,Jeffrey Smith
1793,Light go,Drama,1995,25-06-1995,France,3622099.15,4011475.87,9865268.67,677031.91,1920851.86,7.3,75,5427,1249,Denise Horne,Brian Rodriguez
1794,Manage market,Comedy,1995,06-06-1995,USA,178701.1,100847.65,230142.72,21435.03,44082.72,5.4,67,2547,153,Claudia Smith,Shawn Washington
1795,Employee toward,Thriller,1968,28-07-1968,USA,10927049.85,10252465.39,15362800.48,1976715.83,4262295.3,5.9,50,1450,801,Mary Mitchell,Rachel Howard
1796,Once,Comedy,2003,31-10-2003,UK,3064174.36,2794811.24,6218479.35,316257.4,1634125.02,7.0,74,6292,10534,Maria Lane,Mark Smith
1797,Word arrive feeling,Drama,1974,29-09-1974,USA,3783924.04,2494185.7,3783924.04,707988.72,1370539.24,8.7,100,4127,115,Emily Miller,Jennifer Moore
1798,Style accept for,Sci-Fi,1982,16-07-1982,USA,7981508.97,15501013.15,33886315.24,2495817.38,6271533.26,7.0,60,271,383,Michael Manning,Amanda Lawson
1799,Everybody control,Horror,1994,16-05-1994,USA,26118734.26,28816319.66,41776566.8,8626784.16,16797334.37,7.7,80,17207,158,Sharon Wilson,William Brooks
1800,Operation maintain today,Romance,1963,04-07-1963,India,2085295.15,3930684.46,5903468.56,604752.77,1867592.99,4.0,46,8077,50,Albert Phillips,Jason Chavez
1801,Language sea world,Comedy,2009,02-07-2009,USA,471033.59,1156119.84,1832393.27,238804.56,523770.09,4.7,52,6657,50,Michael Richards,Douglas Davis
1802,International describe,Thriller,2016,30-10-2016,USA,7768810.03,21139305.05,31538772.12,4613680.06,11455599.34,6.3,61,4781,238,William Carpenter,Mr. Michael Snyder
1803,Prevent process,Comedy,2022,03-02-2022,USA,4639018.74,9638297.62,14224164.85,1031233.59,4263550.64,6.9,80,3735,759,Rachel Kirby,Heather Allison
1804,Garden prepare both,Drama,2024,30-06-2024,USA,10210881.5,14351105.1,23172017.06,3831803.71,7685408.43,3.6,44,1303,454,Claudia Smith,Nicole Dawson
1805,Generation south tough behind,Horror,1974,01-03-1974,USA,35353124.46,66097366.18,135239116.8,11279294.17,32402084.17,7.4,90,8350,4621,Philip Simmons,Diane Jacobs
1806,Wide respond suggest,Thriller,1984,28-09-1984,USA,838674.57,1471555.88,3403320.57,212568.97,876856.6,7.7,70,655,393,Kelsey Ellis,Daniel Thompson
1807,Practice describe,Drama,2012,07-07-2012,USA,28577523.44,75569684.92,113659051.9,15941053.73,41170001.57,10.0,100,3249,468,Kristina Moore,Carl Schneider
1808,Compare break meeting,Drama,1979,31-05-1979,USA,5971406.15,16779144.83,24829708.65,5024379.35,9762285.21,8.1,79,4978,50,Michael Richards,Nicholas Richards
1809,Physical themselves money,Comedy,1987,31-10-1987,USA,8600631.03,14257174.86,28068899.89,1807879.78,8182920.85,6.1,61,2402,75,Tyler Sanchez,Kathryn Stevenson
1810,Off protect,Drama,2003,10-03-2003,USA,9503784.08,8778042.71,14889490.88,1848755.94,5032903.26,4.8,26,4213,50,Sophia Gomez,Ashley French
1811,Sing professor,Sci-Fi,2003,11-10-2003,UK,1094990.51,1490563.31,2264088.71,184151.56,655960.54,8.2,96,6475,910,Joshua Baker,Pamela Lopez
1812,Worry window,Drama,2016,02-08-2016,USA,864832.14,762422.37,1524059.65,163887.3,320529.57,4.8,38,178,2583,Darrell Carlson,Mathew Castillo
1813,Black behind yes,Drama,1988,22-11-1988,India,5128799.87,4227957.96,8074322.81,1144751.21,2423735.41,7.6,80,2416,50,John Jones,Melissa Mcgee
1814,Clear remember then,Drama,2011,10-04-2011,USA,2411884.08,7719081.17,11308907.2,1400428.03,4275089.9,6.6,77,1908,91,Joseph Willis,Duane Fletcher DDS
1815,Phone approach commercial,Thriller,2017,23-03-2017,USA,28227203.59,43975619.95,87382709.46,9498796.25,18604694.7,9.2,78,1690,467,Nicholas Murphy,Theresa Cooley
1816,Rock stay,Action,2004,02-04-2004,USA,585068.11,1860946.43,2767024.62,514284.63,785671.26,7.5,87,314,1013,Oscar Santos,Thomas Sims
1817,Without memory ability,Action,2013,29-11-2013,USA,1160709.16,2564909.44,4442275.85,508564.93,1042254.59,7.3,80,2920,577,Christian Hernandez,Thomas Sims
1818,Think song operation,Romance,2015,10-05-2015,USA,2279652.3,6470822.4,10411059.93,1247647.03,3314203.53,5.0,36,481,1238,Christopher Roach,Stephanie Ferrell
1819,Know section,Drama,2020,07-06-2020,Australia,100000.0,279084.03,474300.36,75629.91,112559.97,7.8,94,531,50,Diane Skinner,Russell Martin
1820,Pick appear,Action,1975,11-07-1975,Canada,3578580.85,1659590.08,3578580.85,450894.79,909149.74,3.2,41,14604,309,Philip Simmons,Catherine Rogers
1821,Pass human,Romance,1982,03-10-1982,USA,3887966.84,7834487.35,14408987.43,1410395.28,4379564.69,6.7,45,15414,729,Jessica Gonzalez,Corey Johnson
1822,Serve story history,Thriller,2005,29-08-2005,UK,1030779.74,2830873.42,4670845.18,505236.0,1214533.51,7.1,89,25311,273,Bryan Murray,Christopher Rodgers
1823,Charge seem,Action,2010,21-11-2010,USA,1419465.66,3830504.41,5713843.02,698761.65,1892673.22,8.3,80,623,50,Diana Davis,Steven Green
1824,Someone on,Thriller,1994,20-09-1994,UK,2601489.43,3919431.07,8673837.78,724559.92,2085849.31,5.4,65,5516,296,Jacqueline Briggs,Benjamin Walters
1825,Require agency,Action,1958,29-07-1958,USA,7274377.91,9446926.57,23545866.42,1496980.28,4317000.17,4.5,31,5817,3322,Kim Watkins,Christopher Patterson
1826,Series,Comedy,2018,17-01-2018,USA,1108276.06,2123698.35,4138314.06,277204.49,1082305.46,7.4,61,30576,477,Faith Franklin,Russell Martin
1827,Certain throughout produce,Action,2012,24-10-2012,USA,5984965.71,13288263.47,25734546.45,1603433.16,5387436.32,7.8,87,1545,1553,Matthew Beck,Krystal Cross
1828,Prove fast well,Drama,2015,14-07-2015,USA,3024462.01,3811649.99,6146150.31,650200.59,1556914.86,6.7,58,20709,50,Jennifer Atkinson,Joseph Leon
1829,This its,Drama,2022,22-05-2022,USA,1547907.11,3683618.25,5983571.14,924389.36,2193966.75,6.4,70,29137,566,Kayla Young,Jonathan Lee
1830,Land customer take,Comedy,2025,07-08-2025,USA,2672286.9,4303238.55,6172008.14,1231155.68,1997540.47,7.5,78,8418,745,Elizabeth Lane,John Perry
1831,Until least stage,Romance,2012,07-05-2012,France,1723572.15,2969567.19,6163263.69,528473.44,1733565.21,7.3,80,13926,311,Amanda Montgomery,Sarah Ross
1832,Conference why final,Horror,1970,23-08-1970,UK,384512.95,538369.83,1341256.16,130331.41,278458.07,8.7,88,245,50,Robin Hooper,Stephanie Moore
1833,Perhaps low,Drama,2014,08-11-2014,China,1509844.54,2544834.18,4126502.79,730174.12,1526186.71,9.1,88,1853,99,Jason Jones,David Hart
1834,Talk,Drama,1971,01-12-1971,USA,4211588.86,2871442.04,4211588.86,830517.88,1508494.44,8.1,92,56455,10758,Patricia Munoz,Mark Jones
1835,Change blue receive,Romance,2017,07-04-2017,USA,1438262.71,3002889.15,6193201.41,361119.6,1353999.34,6.6,62,9642,1634,Melissa Cohen,Brian Rodriguez
1836,Work commercial,Romance,1968,30-11-1968,USA,1154272.29,1856006.3,2910057.22,425804.55,911025.25,8.0,58,1356,425,Ashley Medina,Dustin Jackson
1837,Street realize,Sci-Fi,1979,08-11-1979,USA,1617338.58,1030486.29,1617338.58,238579.91,531195.91,7.4,82,556,3290,Gary Simmons,Shannon Hunt
1838,Recent project,Action,2013,01-06-2013,USA,3158999.25,6209097.28,12967954.62,790474.42,3057842.51,8.8,71,2185,50,Michael Manning,Lorraine White DDS
1839,Position region should,Drama,1967,14-09-1967,USA,4116081.65,7123007.25,15706305.37,769535.12,3058601.73,8.0,100,790,3602,Rachel Kirby,Meghan Mcintosh
1840,Support shake suggest up,Comedy,2013,13-02-2013,USA,2190202.74,4092478.89,8477872.3,882782.46,2427828.38,6.2,61,20110,94,Donna Wagner,James Erickson
1841,Or series,Thriller,1980,04-03-1980,USA,1674583.2,1496343.47,2782353.53,208159.37,615454.15,5.2,53,1536,5289,Jordan Orozco,Ashley French
1842,Wish,Documentary,1966,13-03-1966,USA,62305841.89,182097233.0,264774877.4,40681308.89,87724745.12,4.5,44,8687,217,Donna Hall,Elizabeth Shannon
1843,Specific soldier street,Sci-Fi,2021,15-01-2021,USA,817136.84,525274.29,1256665.21,110673.0,285933.73,6.6,79,6371,466,Vanessa Fox,Richard Davis
1844,Purpose plan southern,Horror,2021,02-11-2021,Australia,1347247.57,2242040.85,4224532.89,489746.37,957042.18,8.1,72,907,285,Terry Lawrence,Christopher Rodgers
1845,Begin develop even hospital,Romance,1971,08-11-1971,USA,4807029.33,2469795.84,4807029.33,341940.31,1397298.8,8.8,100,2108,83,Karen Barrett,Sydney Jordan
1846,Us check artist,Drama,2001,23-11-2001,USA,14524246.58,29694290.84,48107468.81,6689310.82,12356854.9,7.9,87,928,1864,Jeremy Davis,David Martin
1847,By result else rise,Drama,2018,05-08-2018,Canada,932138.2,1114274.93,2520240.5,296899.86,450517.52,7.2,80,424,2060,Daniel Brown,Teresa Davis
1848,Growth collection like,Action,1999,13-03-1999,USA,8507358.52,12927724.07,25038418.01,1525775.96,6745572.82,7.0,77,13602,101,Donna Hall,Joel Hunt
1849,Rich human audience,Action,2020,15-06-2020,India,1286450.22,3246422.58,5279150.41,612855.44,1715716.84,7.8,84,1203,78,Jessica Gonzalez,John Sullivan
1850,Show there plant,Thriller,1961,04-08-1961,USA,7642434.2,13507459.45,21768538.63,3407596.8,5690589.2,7.1,54,3707,9273,David Morris,William Prince
1851,Sport discussion,Drama,2011,05-11-2011,USA,862075.71,1861744.39,3611655.11,491128.35,1044359.7,4.8,52,3087,6523,Jennifer Miller,David Hart
1852,Marriage,Comedy,2008,29-08-2008,USA,791693.54,441041.8,816061.89,56916.21,198325.78,7.7,63,199,111,Bryan Murray,Heather Allison
1853,Cause life stuff,Drama,2020,18-03-2020,USA,73863439.31,56495916.27,109397251.5,15041473.76,32486381.13,5.3,46,508,4561,Melissa Hernandez,Jason Ramos
1854,Company,Action,1995,14-05-1995,USA,36305794.06,22327555.76,45134426.13,6055692.74,9741296.33,7.5,100,1350,156,Darlene Murphy,Chad Santiago
1855,Couple people,Drama,1997,06-05-1997,USA,4327391.58,10541867.7,19156316.49,2802320.93,4821356.18,6.7,83,236,482,Crystal Harris,Tracy Klein
1856,Rock trial score item,Drama,1975,17-09-1975,USA,57044909.2,153049478.4,279249478.7,37558424.03,88099434.06,5.1,59,1768,2709,Jordan Orozco,April Murphy
1857,Three program hard,Action,2010,19-10-2010,China,1382055.22,2515508.31,3769923.92,270975.53,1091351.54,2.8,14,110,188,Jerry Owens,Kathryn Stevenson
1858,Blue under reduce,Horror,2014,23-08-2014,USA,15133329.83,6380282.17,15133329.83,1899482.08,3076147.76,4.8,37,3402,997,Faith Franklin,Russell Martin
1859,Themselves station two,Comedy,2025,12-10-2025,USA,2963759.79,4171952.34,6537723.29,445839.93,1968967.68,5.0,51,12513,189,Brandon Fuller,Meghan Johnson
1860,Party federal,Drama,2025,12-02-2025,USA,2648588.9,6399843.71,11677961.44,761769.81,3697299.87,4.9,31,1824,246,Heidi Cisneros,Julie Hoffman
1861,Let forget type include,Comedy,2020,15-09-2020,USA,365473.03,461571.84,894078.91,72602.5,272600.07,6.3,60,24560,398,Robert Webster,Marissa Pena
1862,Thing company middle,Documentary,1998,05-10-1998,USA,327396.13,219477.96,423433.27,64574.26,110130.95,6.7,72,370,50,Jennifer Atkinson,Kathryn Stevenson
1863,Few radio media,Drama,1993,06-05-1993,Canada,4657550.77,3283504.21,4920967.37,545053.96,1727354.63,5.7,40,214,690,David Morris,Rachel Howard
1864,Personal direction table you,Action,2015,21-09-2015,USA,1164930.31,1954498.75,3426087.55,232837.57,859328.3,6.5,73,1114,232,Tara Underwood,John James
1865,Past,Romance,2001,29-01-2001,UK,455409.34,225382.74,547556.32,54143.28,133415.71,6.1,64,4235,50,Tyler Sanchez,Ashley Reeves
1866,Name care,Sci-Fi,2015,02-11-2015,India,12323790.22,15945855.97,35563894.85,4476560.8,9529061.26,3.9,33,6245,506,Brandon Fuller,Stephanie Cervantes
1867,Behind region hospital,Action,2011,05-04-2011,USA,2062527.56,2139420.11,3788903.6,299009.36,933815.11,6.7,64,3395,527,Paul Rogers,Alan Mullins
1868,Machine rock,Thriller,2018,13-11-2018,Canada,213889.4,399790.05,681401.16,79404.74,229688.57,8.0,95,5625,4409,Darrell Carlson,Donald Benson
1869,Class natural matter I,Drama,1986,20-03-1986,USA,843272.02,1921726.84,3267597.99,430755.79,914341.71,7.7,70,1176,4147,James Wright,Jason Ramos
1870,Practice line,Romance,1973,17-10-1973,USA,100000.0,214694.92,375340.83,23607.12,128524.54,5.0,65,15026,211,Joshua Baker,Jeffrey Smith
1871,Call,Comedy,1998,11-02-1998,India,2233333.27,3956244.76,8846131.38,991604.73,1678999.99,5.9,45,833,796,Bryan Murray,William Brooks
1872,Improve risk,Romance,2006,30-04-2006,USA,17422620.07,47735163.88,85748831.32,9127836.78,23220066.55,7.2,71,18332,116,Melissa Hernandez,Chelsea Armstrong
1873,Reflect dream sense,Drama,2001,29-12-2001,USA,2819705.26,4842821.51,11613077.29,769347.83,2468677.75,4.4,50,1613,77202,Lori Callahan,Jeffrey Jenkins
1874,Capital health,Drama,2016,22-12-2016,USA,1465579.51,3841291.21,7053133.96,871610.76,2086772.44,7.0,82,6936,395,Carolyn Schwartz,Miss Jennifer Parsons
1875,Minute eye,Horror,1974,30-08-1974,USA,2069875.53,3722085.56,5628768.56,607372.39,1573302.7,8.0,87,1653,106,Michael Manning,Timothy George
1876,Unit end,Romance,1981,05-06-1981,USA,3153892.72,7636803.71,11170045.95,827604.87,3661832.0,5.2,61,1410,722,Albert Phillips,Jessica Scott
1877,Five without answer,Comedy,2020,23-07-2020,USA,2023511.42,4968371.22,9728653.39,1357400.27,2526084.88,8.1,75,228,124,Adriana Campbell,Michael Ramirez
1878,Guy also,Comedy,2009,11-11-2009,USA,157767.85,207715.78,477407.28,27599.71,108539.54,4.5,53,4520,270,Anthony Henry,Mr. Michael Snyder
1879,Interesting or matter wind,Romance,2023,03-04-2023,Australia,645920.27,703744.81,1030088.53,206252.44,375271.98,6.6,83,5066,12248,Charlotte Williams,Carl Schneider
1880,Again sign window,Drama,2024,02-10-2024,USA,9464438.61,10167568.79,17396057.26,2643222.3,4727496.74,7.9,65,8427,10011,Susan Farley,Trevor Lee
1881,Face pressure,Drama,2006,14-04-2006,USA,3113000.45,1668274.59,4162805.14,302765.78,855593.55,5.2,60,352,1241,Michael Richards,Kelly Horn
1882,Commercial movement page,Comedy,2007,28-08-2007,USA,855494.67,1771377.34,2762501.47,205193.99,1011682.34,7.6,82,18276,276,Karen Robinson,Joy Huber
1883,Plant young station,Documentary,1952,25-08-1952,USA,804449.6,1715302.95,3028913.96,178021.97,961938.89,4.1,48,19490,50,Daniel Brown,William Prince
1884,Seem treatment,Comedy,2006,24-10-2006,UK,521763.55,683295.25,1338644.78,168489.56,370245.39,3.2,29,42167,3678,Brenda Smith,Elizabeth Shannon
1885,Democrat government natural,Drama,1956,01-03-1956,USA,1733207.29,3654641.47,6517445.85,1043550.3,1814848.6,4.6,43,435,50,David Lee,Amanda Rivas
1886,But history best,Romance,2013,09-09-2013,USA,10289123.3,14378553.47,26849139.44,3116861.23,7200889.4,5.4,61,4872,689,Samantha Campbell,John Barker
1887,Manager present most,Horror,2021,04-08-2021,UK,11434232.14,15459997.15,26926495.91,3883910.24,7726166.66,7.0,70,10193,50,John Jones,Robin Dawson
1888,Worry third,Documentary,1970,09-05-1970,USA,2883274.51,3861858.68,6169385.17,615533.13,1727551.46,4.4,50,589,489,Chad Koch,Joshua Willis
1889,Land federal bed popular,Documentary,2020,08-11-2020,India,2537575.39,1287708.04,2537575.39,324719.12,733486.77,6.8,57,2931,572,Karen Barrett,Joel Hunt
1890,Case onto drop,Comedy,1972,03-09-1972,USA,3832270.49,4596907.49,8273622.0,518334.98,2740278.84,8.1,76,1218,59,Terry Lawrence,Kimberly Smith
1891,Serve hundred,Drama,2000,02-02-2000,USA,80922579.12,160167640.8,330831650.2,19872381.8,75774303.95,6.9,56,740,9817,Karen Robinson,Seth Smith
1892,Employee interesting,Romance,1997,12-02-1997,India,2005744.36,3188965.17,6673273.85,493480.9,1495298.74,8.2,80,3481,68,Jonathan Evans,Miss Jennifer Parsons
1893,Population section,Drama,1981,18-01-1981,USA,1240877.33,1166747.03,1944041.06,264489.4,679961.93,5.2,55,5889,50,Patricia Munoz,Larry Bishop
1894,Official after focus,Romance,2023,25-01-2023,USA,1861685.14,1927328.16,3858446.9,496831.38,1133691.51,9.5,100,4978,121,Robert Webster,Joseph Gonzalez
1895,Win stand language,Action,1985,21-08-1985,USA,7574924.0,3662614.17,7574924.0,1036214.05,1756903.7,8.9,87,1576,67,Alyssa Adams,Logan Martin
1896,Social,Action,2010,06-07-2010,USA,517892.02,1733340.25,2492013.42,487644.8,722658.38,8.3,89,152,50,Rachel Kirby,Monica Nelson MD
1897,Instead fact design,Horror,2019,19-01-2019,USA,1165134.05,1276329.17,2191801.21,219666.71,552528.73,5.5,53,688,259,Lori Callahan,Tracy Klein
1898,Another information catch,Drama,2008,18-04-2008,India,4132184.47,2779386.84,4132184.47,428144.71,1661948.8,8.6,85,116475,50,Joseph Willis,Joseph Gonzalez
1899,Development level,Action,2013,07-04-2013,USA,864577.15,808340.38,1201167.86,136455.63,391120.96,6.2,82,8485,4522,Andrew Chambers,John Jones
1900,Admit box,Comedy,1971,20-12-1971,USA,3914125.38,10397140.53,16251940.79,1772337.33,4603787.67,6.7,73,1088,50,Terry Lawrence,Robert Walker
1901,Investment one factor,Horror,1991,03-03-1991,USA,5253054.91,6991498.18,13957817.21,1005999.22,4027454.96,6.6,63,9158,50,Gary Simmons,Dennis Rogers
1902,Attack mission,Action,1996,08-06-1996,India,5735606.87,15266186.39,27211677.65,2499768.01,6825689.14,8.8,98,5700,12659,Christopher Roach,Timothy George
1903,Administration claim democratic,Action,1996,27-07-1996,China,4088046.56,4261158.67,6331852.17,1175015.31,1805667.88,7.2,88,1280,580,Rachel Hayes,April Murphy
1904,Purpose heart thank,Drama,1960,05-03-1960,USA,5141942.05,2147116.73,5141942.05,228643.12,1036282.31,4.9,51,6746,381,David Hall,Victoria Phillips
1905,Measure stage,Drama,2013,10-11-2013,USA,12605666.55,9573542.06,19155758.22,2766446.54,4187655.11,5.8,54,634,588,Oscar Santos,David Castillo
1906,Suggest wear nearly,Drama,2021,26-05-2021,USA,31559682.14,33760674.78,52226351.95,3835102.62,19981199.31,5.4,42,3635,342,Judy Walker,Donald Benson
1907,Expect my exist,Comedy,2007,28-08-2007,USA,10932103.01,9142561.39,16113681.56,2145097.45,4811230.85,6.9,68,14221,1018,Mr. Drew Clark Jr.,Miss Jennifer Parsons
1908,Young,Documentary,1963,11-10-1963,USA,3457655.46,5476597.56,9056663.92,1516700.56,2400680.66,6.5,76,397,89,Daniel Rivera,Olivia Ortiz
1909,Open seem pattern,Drama,1976,16-12-1976,USA,18288401.8,24709433.21,37469035.99,4435731.41,11555302.62,4.5,45,372,685,Robert Webster,Dalton Johnson
1910,Study across let state,Thriller,2021,14-09-2021,USA,1546146.88,3055494.13,5291775.24,810669.27,1441606.41,4.5,28,192,15250,Jennifer Willis,Dennis Rogers
1911,Head best,Horror,2006,23-06-2006,USA,7088335.61,11870562.68,23002278.05,3234644.51,5177458.19,6.4,64,4781,688,Brandon Fuller,Joy Huber
1912,A use education,Drama,1982,22-08-1982,USA,6548250.1,7087966.27,12807993.27,1260771.69,3971180.58,7.5,77,18236,50,James Wright,Brian Gentry
1913,Join these,Romance,1985,08-12-1985,USA,4591457.45,5901478.76,10936361.19,1146803.69,3333919.77,6.2,64,1134,163,Paul Weiss,Derrick Smith
1914,Address buy cold,Comedy,2003,09-08-2003,USA,13039866.3,5423427.7,13189762.33,870218.14,2515638.03,8.4,72,804,217,Lori Callahan,Melissa Lopez
1915,Model western,Action,1997,18-10-1997,Australia,11691682.21,15843389.84,36480317.79,1946983.95,7188830.25,4.6,73,1104,53,Christian Hernandez,Dennis Perry
1916,Add education candidate,Sci-Fi,1953,20-06-1953,Japan,635245.0,461839.27,719674.68,61355.43,233429.23,6.2,64,19446,68,Paul Weiss,Joel Hunt
1917,Senior time to him,Drama,1989,24-11-1989,USA,919927.75,1237218.58,2833508.88,162478.76,728978.75,7.6,92,2077,1086,Jeremy Davis,Brooke Stanley
1918,Increase probably blue,Comedy,2015,05-08-2015,Japan,59643603.9,46904405.75,80645066.6,11200151.89,22834780.92,4.8,39,6214,50,Adriana Campbell,Sheila Dunn
1919,Item moment perhaps form,Drama,1951,21-05-1951,USA,1927986.84,3012665.72,5707621.12,498571.2,1297753.95,6.4,71,215,372,Colleen Willis,Kevin Fernandez
1920,Parent identify gun,Romance,2025,14-12-2025,UK,2088434.0,1730530.96,2738246.93,498974.18,1020125.35,8.5,93,1082,67,Christopher Roach,Karen Shaffer
1921,Market,Comedy,2016,14-10-2016,India,1069125.49,746702.5,1185631.41,200989.94,310484.65,7.6,84,8527,1078,Brian Robinson,Christopher Patterson
1922,Get although draw,Drama,1983,22-10-1983,Canada,1025206.66,1222341.42,3020707.61,223225.72,494237.97,6.6,72,3398,1079,Karen Smith,Thomas Hill
1923,Argue medical event,Drama,2015,10-12-2015,China,967451.89,2342950.1,3582435.93,533172.02,1373358.75,6.9,75,14525,490,Jeremy Davis,Andrew Lyons
1924,Inside phone president,Horror,2003,26-04-2003,UK,14817517.57,6273003.7,14817517.57,1619518.95,3667432.52,7.3,80,948,175,Colleen Willis,Michelle Thomas
1925,Something,Comedy,2024,17-07-2024,USA,5988151.66,3980936.38,9099470.26,500437.42,2116777.21,7.6,93,1521,791,Oscar Santos,Sherry Turner
1926,Manager difficult such ball,Comedy,1969,30-05-1969,USA,1298290.63,1832192.75,3210624.5,428670.16,944754.15,8.0,91,1365,262,Roberto Underwood,Kimberly Smith
1927,Culture rather,Action,2019,30-07-2019,USA,1436346.5,1661938.04,3085740.32,446411.76,767060.21,8.4,82,6518,195,Melissa Cohen,Christopher Patterson
1928,Rule medical yard,Thriller,2021,15-06-2021,France,17314510.63,27844435.52,47567881.87,6878102.45,13103949.61,4.4,54,1071,1814,Philip Simmons,Matthew Simmons
1929,Public,Thriller,2017,02-02-2017,China,100000.0,169770.08,286414.13,35647.81,101710.24,6.7,86,10997,419,Jeremy Ray,Jeffrey Sharp
1930,Also wait turn,Romance,2015,20-06-2015,USA,26182028.02,44238775.21,96215335.46,10939632.51,23538757.19,8.4,80,4401,50,David Lee,Michael Torres
1931,Lawyer size,Horror,2003,04-06-2003,Canada,1158160.54,1606743.81,2715004.52,303254.41,820265.57,5.3,37,1519,50,John Jones,Lucas Collins
1932,Religious administration,Thriller,2024,04-06-2024,USA,3825087.52,6194547.82,11583858.12,1578766.3,3108409.5,6.3,47,2097,160,Jessica Singh,Benjamin Mitchell
1933,Paper,Sci-Fi,2015,06-07-2015,USA,228654.53,426413.49,810139.31,71474.72,187547.56,5.6,55,674,52,Patricia Munoz,Gabriel Mathis
1934,Much seem,Drama,2014,06-02-2014,USA,1600075.82,4982764.26,7835181.07,853838.66,2575902.19,8.2,75,6781,536,Diane Skinner,Cindy Barnes
1935,Both beyond feeling coach,Drama,2014,28-09-2014,USA,2864310.4,4046858.37,7769824.98,827323.11,2006613.37,3.9,45,9478,83,Jordan Orozco,Valerie Dennis
1936,Rich throughout himself,Documentary,2024,14-09-2024,China,694624.09,1362694.96,2034296.69,367689.91,760327.2,3.7,33,2679,232,Kim Watkins,Shawna Bryant
1937,Operation others better,Drama,2021,02-07-2021,USA,6243429.59,8787398.79,17287828.47,2553101.93,4338683.47,5.1,40,9762,445,Kristina Moore,Ronald Thompson DDS
1938,Per early,Sci-Fi,2018,03-01-2018,USA,514404.26,1590582.5,2428398.04,423449.59,910706.41,7.1,78,11202,2353,William Walker,Nicole Dawson
1939,Describe air us,Drama,1973,08-04-1973,USA,19531376.78,10272685.25,20380459.61,2829287.54,4939717.01,5.6,62,765,1724,David Perez,Jessica Scott
1940,Policy whose threat,Drama,2024,11-03-2024,France,3701280.68,1526603.75,3701280.68,447400.86,802155.27,7.7,83,5024,2068,Sean Howard,Rodney Smith
1941,Store top establish,Horror,1989,06-12-1989,USA,2130349.79,7032974.89,10141451.56,1940272.41,3758205.73,5.0,65,1973,50,David Rosales,Krystal Cross
1942,Lay recognize,Action,2022,27-05-2022,USA,6212130.44,10837163.42,16431657.81,2887501.3,5817932.69,7.3,50,848,161955,Amanda Cantrell,Mathew Castillo
1943,Fire,Comedy,2000,20-08-2000,UK,1262723.53,2221777.95,4834274.99,547912.48,1262926.62,9.5,96,100,4712,Lisa Atkins,David Perez
1944,Wait,Drama,2012,31-03-2012,USA,330023.48,769160.42,1479340.54,109420.85,343888.92,8.8,87,2657,56,Darlene Murphy,Michael Martinez
1945,Enough civil various,Drama,2012,18-01-2012,USA,475636.8,1083674.9,1878500.56,259801.19,450500.65,5.6,46,5087,293,Tracy Tucker,Amber Willis
1946,Material election note cause,Comedy,1998,01-04-1998,USA,489239.79,913020.06,1338680.77,223797.67,518373.87,3.1,21,4292,208,Shannon Ross,Samuel Bond MD
1947,Direction job,Documentary,2013,11-07-2013,USA,19927738.7,49036769.49,84986580.18,9908789.27,28451821.17,5.3,54,621,3244,Francisco Ford,Dr. Edward Smith
1948,Same lay,Comedy,1988,26-04-1988,USA,407473.32,580208.71,1429325.47,156569.66,301375.82,7.0,62,7121,3015,William Banks,Mark Jones
1949,Determine concern,Comedy,2024,04-06-2024,Canada,18016485.14,34723529.89,69707154.44,7387964.88,17055589.38,6.7,67,3385,324,Tyler Sanchez,Johnathan Chen
1950,Law like,Thriller,1979,18-03-1979,France,3041973.4,5421483.16,10691552.84,1059082.65,3156107.84,8.3,78,3493,2544,Caitlin Brewer,Richard Miller
1951,Little oil war,Action,1962,12-03-1962,USA,2626565.07,7183238.47,11713548.43,1167806.02,2949834.32,6.5,74,10732,19806,Jennifer Willis,Derek Jones
1952,Work,Documentary,2017,10-06-2017,USA,2965851.58,1873588.78,2965851.58,249119.79,924835.68,3.6,48,149,50,Kayla Young,Brittany Kelly
1953,Him argue spend,Drama,2011,15-05-2011,USA,28544594.71,55723937.88,105135813.1,13856980.54,23265170.85,8.4,89,60258,1380,Amanda Cantrell,Sarah Ross
1954,Near television meeting,Drama,2000,09-01-2000,USA,959483.91,2043254.65,3574297.7,224316.35,1056612.31,7.3,85,565,2085,James Miller,Jennifer Richards
1955,Score by attorney,Thriller,2019,15-09-2019,India,1202004.11,1684003.62,3983779.79,388753.15,852746.16,6.8,75,2137,50,Kim Watkins,Jimmy Miller
1956,Magazine model degree side,Drama,2021,25-04-2021,USA,658958.75,1392275.44,2469245.48,330803.07,702092.1,7.6,84,12552,761,Kevin Green,William Crawford
1957,Two actually,Comedy,2000,07-06-2000,USA,34072798.23,61024509.83,116770801.0,17613536.38,29392745.23,5.8,58,880,948,David Lee,Sandra Spears
1958,Dog eat carry,Horror,2014,08-12-2014,USA,1203693.61,3291344.89,4885413.65,963126.5,1668145.1,6.6,72,6049,133,Jeffrey Myers MD,Kimberly Ray
1959,Need onto agree,Comedy,2012,24-06-2012,USA,10216059.66,21999697.53,48006504.45,6411841.79,9616934.31,5.2,52,23031,431,Sara Higgins,Joseph Contreras
1960,Save throughout,Romance,1992,25-04-1992,USA,22180283.34,18163162.32,29073056.33,3915693.36,7768487.4,5.7,49,2404,1985,Robert Hendricks,Kimberly Ramirez
1961,Local walk street,Action,1957,29-07-1957,China,19558012.66,45264676.17,82124087.92,11596983.76,25042775.62,6.1,58,15970,55,Sharon Wilson,William Brooks
1962,Manager difficult such ball,Horror,1996,12-12-1996,USA,34820888.7,82367902.31,130246158.1,17820398.97,45606742.32,5.6,41,377,1284,Jennifer Miller,Joshua Walker
1963,Special cold near,Documentary,1980,05-02-1980,USA,37134291.48,25467321.67,37134291.48,5533627.05,11339288.32,8.7,71,3390,205,Vanessa Fox,Valerie Dennis
1964,Whatever specific cup,Drama,1991,28-01-1991,USA,1670644.13,3502423.46,5599416.31,525228.27,1441976.4,6.8,81,3419,226,Robert Webster,Andrew Lyons
1965,Second light visit,Romance,1967,09-07-1967,USA,5134218.27,10522370.49,20345415.36,3055533.36,4949717.13,6.9,66,10135,50,Ryan Tate,Carl Schneider
1966,Baby until,Drama,2015,31-01-2015,USA,249700.79,157920.67,249700.79,38849.77,83847.39,3.9,50,147,3048,Kristina Moore,Jennifer Leach
1967,Wonder international,Comedy,1976,16-03-1976,Australia,20736850.64,45997658.29,83292909.53,10667290.28,25546808.42,7.1,78,4559,361,Judy Walker,David Perez
1968,Company partner,Drama,1981,10-11-1981,USA,522371.66,387404.86,925235.38,109873.65,194099.88,8.2,75,8157,902,Suzanne Gonzalez,Seth Smith
1969,Building every of,Romance,1990,26-07-1990,UK,39594100.45,95221302.09,162741025.6,24072922.53,44142502.05,10.0,92,1178,604,Diana Davis,Robin Dawson
1970,Season wait return,Drama,2005,22-04-2005,USA,192467.65,114109.55,223953.58,17381.47,68039.79,4.8,45,50847,347,Donna Wagner,Sabrina Massey
1971,Close five bar fish,Action,2007,22-12-2007,USA,100000.0,205257.62,333123.18,25986.37,98536.48,6.9,55,3824,812,Maria Lane,Joy Huber
1972,Stay reveal,Drama,2005,09-01-2005,USA,63457165.96,26703828.91,63457165.96,3087029.07,15617849.23,5.3,57,5760,439,Mr. Jorge Anderson,Dominique Aguirre
1973,Support big investment,Action,1968,28-06-1968,USA,13827577.5,14868786.35,29365185.9,1619249.55,7390910.82,9.2,93,14904,12790,Amanda Cantrell,Patricia Keller
1974,Prove imagine address over,Comedy,1953,12-06-1953,USA,64176101.65,26848791.6,64176101.65,4650164.51,11295887.7,4.4,44,22032,50,Mrs. Hannah Campbell DDS,Anna Vasquez
1975,Become evidence just,Horror,2024,12-12-2024,USA,845908.02,2152863.0,3193851.9,553621.82,973100.19,7.1,69,4664,91,Brooke Morales,William Washington
1976,Interest cut,Romance,1954,24-05-1954,USA,1707299.62,1893877.64,3135624.23,490941.75,876169.49,4.1,59,3676,50,David Morris,David Castillo
1977,Similar off,Comedy,2012,29-09-2012,USA,4640252.52,2436241.59,4640252.52,376389.48,1408382.39,7.9,87,88608,65,Jacqueline Briggs,Michael Ramirez
1978,Wait,Documentary,1978,03-04-1978,USA,3105177.97,1865680.0,3170189.3,479395.25,998435.48,5.4,44,2697,1281,Dr. Michael Monroe,David Lopez
1979,Plant young station,Comedy,1967,25-07-1967,USA,564400.13,1407226.13,2787012.89,264181.56,597961.62,4.6,45,1474,592,Maria Lane,Jonathan Lee
1980,Hand no use,Action,1991,04-03-1991,USA,19303292.57,27765373.78,56691968.54,4878682.32,12579586.08,5.3,42,7063,442,Amber Anderson,Lorraine White DDS
1981,Might other,Action,2009,25-10-2009,USA,2757074.75,1575593.46,2757074.75,215524.24,877691.24,4.4,45,4072,168,Elizabeth Lane,Victoria Phillips
1982,Step Mrs,Romance,2012,06-09-2012,USA,9814843.76,18671706.04,34351386.92,5274711.41,9817537.4,4.8,39,2015,790,Nathan Bolton,Christopher Benson
1983,Message according information poor,Action,2014,13-04-2014,China,2123289.07,3061529.94,6084440.04,662260.92,1635132.02,8.0,82,3794,61,Matthew Beck,John Jones
1984,Worry marriage number,Action,1986,14-07-1986,USA,5652253.94,3730461.2,5652253.94,437835.22,1527728.7,8.0,88,2974,343,Jordan Orozco,Kathryn Stevenson
1985,Rather page,Action,2018,14-01-2018,Canada,28757640.21,73985890.35,124223893.4,15040242.97,37138462.3,9.2,82,348,50,Nicholas Murphy,Larry Bishop
1986,Region cell,Sci-Fi,2022,25-03-2022,USA,10279081.99,16137024.47,38678910.13,2836507.6,8099365.7,4.9,48,4509,2430,Mary Mitchell,Jimmy Smith
1987,Law do age,Horror,1970,21-02-1970,UK,1340361.79,1501271.91,3239879.6,212458.73,843195.41,4.6,52,1871,50,William Carpenter,Amanda Lawson
1988,Factor,Drama,1991,13-10-1991,UK,6968965.88,18902855.1,30537646.66,4246688.6,7845099.49,4.7,56,8639,770,Amber Anderson,Catherine Willis
1989,Carry story,Horror,1970,02-03-1970,USA,1111861.8,1005783.21,2223358.97,104675.63,570476.92,3.1,38,709,4695,Adam Brown,Brenda Gomez
1990,Young,Drama,2009,04-10-2009,USA,14581887.92,9706975.01,19556393.31,1001644.06,5309533.05,7.6,81,8199,441,Ashley Medina,Kimberly Johnson
1991,Prove participant whose,Thriller,2010,12-04-2010,USA,2570266.66,3973233.52,6727009.45,699855.88,2208472.63,4.2,47,11252,1583,Brandon Fuller,Nicole Dawson
1992,Few,Action,1972,12-02-1972,Canada,8265216.98,11494626.77,16869640.36,3144980.42,5219987.74,7.8,91,2736,54,Emily Miller,Seth Johnson
1993,Rest simply,Thriller,1963,30-01-1963,USA,1229365.04,956379.86,1465061.03,180329.42,533164.75,4.9,34,5923,776,David Lee,Ashley Reeves
1994,Plant drug level,Drama,2009,10-03-2009,UK,7197238.78,8316245.11,15994429.5,1022636.04,3580346.13,9.7,100,2614,50,William Banks,Jennifer Leach
1995,Serious house,Action,1999,31-01-1999,USA,2443651.74,5542098.7,10310057.48,1072244.37,2589582.93,6.0,62,2300,540,Heidi Cisneros,Richard Mata
1996,Sing research,Drama,2010,14-02-2010,France,537158.47,343863.17,717296.18,79950.67,168778.71,6.9,64,21884,787,Sara Higgins,Mark Morris
1997,Professional job security,Documentary,1985,30-01-1985,USA,5538344.45,9493031.28,22111732.26,1304951.93,5516637.06,5.7,50,258,758,Philip Simmons,Meghan Mcintosh
1998,Others line four,Action,2018,01-01-2018,UK,6596913.87,11715113.53,21379388.63,2770418.61,5758335.82,6.6,41,8648,2697,Kim Watkins,Samuel Wyatt
1999,Culture theory,Drama,1986,30-01-1986,France,633992.99,401225.49,633992.99,116460.6,168687.16,6.3,54,15355,50,James Miller,William Prince
2000,Important almost,Action,1977,29-12-1977,USA,2407368.82,3895359.97,9392239.56,1160288.76,1559929.02,7.5,79,494,556,Megan Sharp,Tyler Cooper
2001,Blood grow,Horror,2024,02-07-2024,USA,521950.46,434604.43,685573.93,71280.73,201861.82,5.6,49,2003,94,Dr. Jonathan Long,Elizabeth Shannon
2002,Painting floor author,Action,2023,17-09-2023,USA,2587492.5,4847660.78,11781775.83,726335.24,2904407.99,4.9,28,3249,362,Christian Hernandez,Catherine Willis
2003,Cut son truth,Action,1976,06-12-1976,China,308645.92,302174.61,679948.01,41673.37,169932.03,7.2,66,1238,687,Brian Robinson,Robert Walker
2004,Moment arm,Thriller,1976,10-09-1976,USA,3254294.99,1368563.87,3254294.99,186077.69,564823.63,7.8,84,630,4800,Gary Simmons,Russell Martin
2005,Everybody control,Comedy,2001,14-07-2001,USA,35699541.22,54304215.85,102529163.9,7374138.24,24390867.97,5.1,36,14231,203,Darlene Murphy,Heather Allison
2006,Water situation,Action,2025,05-10-2025,USA,350598.31,416803.74,809141.01,98480.22,191336.18,8.4,80,5484,50,Carolyn Schwartz,Julie Hoffman
2007,Another behavior,Sci-Fi,2016,19-08-2016,UK,43677143.19,109511345.7,187322824.2,13202649.89,65648280.58,9.0,79,19746,11562,Benjamin Hudson,Mark Morris
2008,Environmental citizen,Action,1969,11-06-1969,USA,11927298.57,22046947.09,52687466.55,6264913.25,10851839.65,7.8,91,13795,251,Charlotte Williams,Ronald Herrera
2009,Road service course,Drama,2007,08-10-2007,USA,335171.28,737709.05,1431068.13,174777.44,398360.74,5.1,54,2228,226,Stephanie Hayes,Marissa Pena
2010,One attack,Comedy,1990,16-02-1990,USA,14855147.57,12885673.11,21378421.9,1999659.84,6472351.13,8.3,85,12922,56,Sara Higgins,Cindy Barnes
2011,Western find measure,Drama,2012,10-04-2012,USA,346254.09,226469.51,446324.65,63043.9,116942.56,2.8,10,18142,1638,Hannah Camacho,Joshua Walker
2012,We quality,Horror,1989,13-03-1989,USA,6037211.69,3617860.47,7545406.64,567407.23,2147472.78,7.9,64,14700,50,Thomas Peterson,Derrick Smith
2013,Pretty exist design,Thriller,1976,26-11-1976,USA,7731194.18,3471748.95,7731194.18,429353.84,1435744.1,5.7,53,5328,6283,Francisco Ford,Carolyn Calhoun
2014,Fact cause less after,Horror,1982,12-02-1982,USA,11300132.31,18454535.69,28881739.21,2351333.81,10782674.73,7.5,68,8385,91,Mary Mitchell,John Sullivan
2015,Certainly space nature,Sci-Fi,1971,07-12-1971,USA,2570707.82,5094908.31,10276501.5,1245699.27,2487251.34,6.9,60,3469,83,Sonya Clark,Tyler Cooper
2016,Tv now one,Drama,2012,21-06-2012,USA,999882.78,1503867.25,2944958.86,390296.18,642426.23,4.3,39,3104,235,Alyssa Adams,Melissa Melendez
2017,Couple not pull,Comedy,2012,04-04-2012,USA,5198463.15,4114975.76,7923743.71,583027.39,1934193.84,6.9,66,351,2246,Judy Walker,George Green
2018,Find action most,Horror,1998,20-06-1998,USA,459421.96,1382044.28,2294432.59,292710.25,710649.96,5.2,49,3472,812,Tara Underwood,Melissa Cain
2019,Majority glass,Drama,1997,20-06-1997,USA,838651.72,655469.91,950943.91,192595.33,355634.7,4.5,49,22810,98,Andrew Chambers,Alexandra Benitez
2020,Mother,Horror,2019,05-10-2019,Japan,551376.52,819236.65,1209234.84,93571.68,425699.58,4.3,38,674,95,Benjamin Ray,Lawrence Thomas
2021,Prove statement,Sci-Fi,1992,19-11-1992,USA,1813397.0,2646497.04,4128550.02,649307.68,1428668.46,8.0,99,11329,248,Anthony Rowland,Daryl Douglas
2022,Authority whether toward,Drama,2012,15-09-2012,USA,50805802.33,33698419.38,70429173.41,5995495.1,17146137.8,7.7,74,799,442,Amanda Cantrell,Richard Davis
2023,Movement from,Drama,1984,22-12-1984,USA,475388.73,766249.6,1777739.22,88221.8,365264.89,5.9,67,9087,937,Kimberly Barker,Joy Huber
2024,Do brother,Romance,1992,22-02-1992,USA,26436211.84,51640062.17,97462520.68,11737718.25,30647103.2,9.2,88,2209,948,Nathan Bolton,Melissa Cunningham
2025,Guess sort grow,Horror,2024,15-10-2024,USA,5638860.67,7559992.0,12137020.96,1250024.44,4305624.57,7.8,68,5869,257,Robert Hendricks,Casey Collins
2026,Likely include,Comedy,2024,18-02-2024,Canada,9184020.47,11608528.2,25653178.21,1212833.18,5588530.85,7.6,95,10269,1260,Renee Campbell,John James
2027,Bill glass reflect,Horror,1972,15-06-1972,UK,125398286.3,67031320.97,156029607.6,18535203.4,34598343.34,8.2,83,1053,50,Mark Moody,Michael Ramirez
2028,Grow well national,Romance,1971,11-12-1971,USA,3783632.07,7130228.36,16115645.43,1902829.73,3071924.9,7.3,65,559,331,Jennifer Willis,Sandra Spears
2029,Article accept,Drama,2010,11-02-2010,USA,4010521.71,2721512.76,4010521.71,536717.07,1516255.09,6.8,71,233,422,Brooke Morales,Tyler Cooper
2030,Word arrive feeling,Sci-Fi,2021,14-01-2021,USA,2642245.09,4603452.24,10745630.78,757036.32,2682701.55,7.1,68,8202,98,Courtney Reynolds,Sharon Rodriguez
2031,War station feel,Documentary,2004,28-09-2004,USA,434205.37,518589.07,856786.33,137902.5,293350.57,8.0,89,59326,11947,Kevin Green,Brian Gentry
2032,Different middle,Action,2010,26-11-2010,USA,3071029.18,6933708.27,12647509.12,1348590.25,3878815.53,6.7,59,70943,50,Ashley Medina,Jason Mercer
2033,Write ten their,Action,1999,29-03-1999,Australia,810812.85,1102046.06,2165695.85,234328.17,659220.13,6.0,57,50635,236,Heidi Cisneros,Dustin Jackson
2034,Prove participant whose,Drama,1960,14-11-1960,USA,917940.03,1117012.39,2263950.81,164339.52,463421.81,7.5,67,851,4297,Michelle Collins,Kimberly Smith
2035,Recognize instead hair,Drama,1961,16-09-1961,USA,8300009.62,10620028.39,19447997.17,1111390.37,5475516.97,6.0,47,2144,2126,Michael Ross,William Prince
2036,Produce eye night represent,Horror,2022,01-10-2022,USA,450004.29,703209.11,1005676.24,138896.74,317615.54,5.2,63,2738,50,Rachel Hayes,Joshua Willis
2037,Role six real,Thriller,2013,21-07-2013,USA,4864412.48,12910201.54,22782839.65,2032227.53,6705521.52,4.0,22,792,50,David Lee,Melissa Cunningham
2038,Short institution few environmental,Thriller,1998,26-03-1998,France,3554632.34,4483276.17,8869273.78,647575.46,1935784.57,6.3,59,6612,50,Darrell Carlson,Jimmy Miller
2039,Possible yet,Comedy,1990,02-10-1990,USA,4602077.31,1853104.46,4602077.31,341622.58,997642.65,6.4,54,1104,1052,Jeffrey Myers MD,Patricia Keller
2040,Cold watch eat teacher,Thriller,2017,17-04-2017,USA,1921794.62,2091819.84,3158740.98,425535.9,1021690.64,8.5,86,3891,96,Andrew Chambers,Jessica Scott
2041,Keep realize its,Romance,2020,21-05-2020,USA,1294646.44,2828829.04,5881986.85,348765.33,1376285.52,5.9,63,565,52,Anthony Rowland,Adam Montes
2042,Collection necessary,Drama,1971,07-08-1971,Japan,10944730.34,7236725.77,12871956.03,1740178.23,3375370.07,6.6,64,1336,295,Crystal Harris,Richard Mata
2043,Be reduce,Horror,1980,27-08-1980,USA,3154955.48,4657335.84,6789296.62,733080.16,1993516.7,4.0,31,2093,1113,Troy Cochran,Miss Jennifer Parsons
2044,Then past,Drama,1975,21-05-1975,USA,3347602.63,4900731.39,9804055.42,1089652.5,2450603.08,6.0,86,1562,329,Adam Brown,Krystal Cross
2045,Hospital attorney democratic public,Horror,2006,17-06-2006,USA,4382089.63,10358201.55,20978486.02,2302775.31,5829693.62,7.9,76,8619,2014,Darlene Murphy,James Erickson
2046,Into according,Sci-Fi,2012,26-05-2012,Japan,5227582.97,5963267.99,13374051.95,1444237.47,2973094.34,6.5,77,17924,50,Jennifer Henry,Nicole Morales
2047,Much participant,Drama,1997,08-08-1997,USA,3786089.4,5602030.2,9873204.05,808674.03,2602288.48,5.7,53,5298,725,Kristina Moore,Patricia Keller
2048,South technology everything democratic,Sci-Fi,2010,01-10-2010,USA,38652871.9,96455016.82,183429155.7,15138654.03,54670123.28,5.8,47,578,365,Mark Moody,Kathryn Hunt
2049,Truth increase lead,Horror,1979,16-01-1979,USA,951273.46,2595380.53,3995827.92,347780.05,1142070.92,7.8,71,378,578,Jessica Rodriguez,Jimmy Smith
2050,Nature even stop,Drama,1983,03-08-1983,USA,9110753.49,16312851.25,34427652.97,2281754.18,6919113.43,4.8,61,15090,1063,David Rosales,Eric Cooper
2051,International open middle,Horror,2008,27-01-2008,USA,14011505.64,7068149.67,14011505.64,1740179.17,3632039.49,5.8,61,311,1635,Diane Skinner,David Hart
2052,Oil himself,Comedy,1999,14-06-1999,USA,1531839.29,3451009.33,7319936.34,571493.02,1388541.65,5.4,55,2988,138,Courtney Reynolds,Diane Jacobs
2053,Thank degree marriage,Action,2017,18-05-2017,USA,11681149.99,30006265.71,57030840.65,3158087.29,12860961.16,6.3,76,3868,956,Julie Maxwell,Trevor Lee
2054,Four forget today,Documentary,2011,17-07-2011,USA,3787496.45,3257837.09,7494270.87,569411.14,1576568.58,4.4,43,1705,2179,Charlotte Williams,Brian Gentry
2055,However after field who,Comedy,2021,08-08-2021,USA,1002663.83,608251.48,1002663.83,128520.82,268094.98,1.8,23,966,86,Kelsey Ellis,Ronald Thompson DDS
2056,Military peace,Horror,1989,19-06-1989,USA,4263579.89,11614231.98,18721019.48,1918565.02,5289885.4,4.0,40,157084,494,Ashley Medina,Sarah Nelson
2057,Boy million,Horror,1996,07-03-1996,USA,58015958.05,122180455.0,239487846.9,18299639.67,51598422.8,4.9,39,7391,1078,Emily Miller,Amanda Rivas
2058,Least design manager amount,Sci-Fi,1996,27-02-1996,USA,100000.0,135529.13,278855.01,20701.95,73390.8,5.9,53,141,1959,Chad Peters MD,Patricia Ramirez
2059,Threat small recognize,Drama,1975,11-08-1975,USA,6514124.9,15307408.86,31626090.79,1985921.89,6302398.12,6.1,61,7096,35749,Roberto Underwood,Veronica Mills
2060,Interest market,Romance,2008,28-01-2008,USA,4616187.64,2004413.33,4616187.64,436193.29,953536.4,5.0,54,1544,6036,Joshua Morales,Ashley Juarez
2061,May question father,Drama,1976,07-02-1976,USA,10504619.36,21304258.18,38519872.69,5166438.56,12150009.09,6.7,47,1409,301,Abigail Robles,Miss Jennifer Parsons
2062,Option series,Drama,2023,23-03-2023,USA,984386.26,1246181.24,2914180.69,302973.82,621585.74,5.8,42,2267,276,Gary Simmons,Brittany Kelly
2063,Positive rate,Action,1971,03-06-1971,USA,200636.27,86778.48,200636.27,24590.12,41439.24,4.8,61,3897,2126,Tyler Sanchez,Dr. Edward Smith
2064,Say wife,Action,2017,13-06-2017,USA,791748.48,1682650.4,2603111.98,176268.29,940140.96,5.3,60,1095,282,Robin Hooper,Catherine Rogers
2065,Claim,Thriller,1972,21-12-1972,India,20185614.66,38500264.42,91339408.95,4402623.61,15838862.89,4.4,65,2307,50,William Walker,Elizabeth Holmes
2066,Opportunity ask,Comedy,1975,18-01-1975,USA,4590186.11,14370235.99,20840293.95,2187142.35,6766339.37,5.3,54,9601,50,Darrell Carlson,Melissa Cain
2067,Tax road,Romance,1980,09-06-1980,USA,3662849.71,10069112.15,17094010.57,2084426.72,4882340.72,6.8,52,2612,6308,Jessica Singh,Mr. Michael Snyder
2068,Southern mean final,Action,1960,14-06-1960,Australia,7819230.2,12495811.66,28602466.5,3195924.34,6790915.86,6.6,65,16713,732,Jennifer Willis,Brandi Moon
2069,They because,Comedy,2019,30-08-2019,France,2257120.08,3127189.19,5470181.66,632261.23,1713119.76,4.4,44,677,7872,Jacqueline Briggs,Derek Jones
2070,Surface believe relate,Thriller,2019,21-06-2019,USA,16729730.92,29485908.08,51438959.34,4071043.77,12175306.75,2.2,18,4312,19324,Caitlin Brewer,Steven Green
2071,Night less majority,Drama,2010,03-02-2010,UK,3257033.25,3757716.15,8977176.02,572803.27,1878669.7,5.6,60,3793,1604,Julie Maxwell,Christopher Hurst
2072,Our fill,Sci-Fi,2003,27-12-2003,USA,499694.89,585926.55,1228347.02,104520.18,270606.49,9.1,87,6226,71,Kristina Moore,Isaiah French
2073,Can professional four,Romance,2006,24-02-2006,UK,1125663.69,2554655.82,4494828.58,459001.31,1421654.47,7.5,58,1944,164,Chad Koch,Benjamin Mitchell
2074,Goal wrong eat,Comedy,2017,10-05-2017,France,1432494.7,3174812.5,6312591.6,644502.19,1445548.17,4.8,52,5908,771,Kim Watkins,Corey Johnson
2075,Large,Horror,1994,11-03-1994,France,12494307.24,13132679.35,29977829.54,1840160.82,6856171.66,5.9,44,3976,965,William Carpenter,Tracy Klein
2076,Simple,Action,2011,09-07-2011,USA,2530265.02,1108204.99,2530265.02,135790.03,578728.46,5.2,55,400,50,Dr. Jonathan Long,Ryan Hood
2077,Method ago shoulder,Action,1971,17-05-1971,USA,9916252.79,8429084.63,12192223.77,2071374.6,4527215.99,5.4,51,4177,50,Matthew Beck,Melissa Cain
2078,Fly know information,Romance,1982,24-12-1982,USA,271775.0,485625.81,1042078.94,65282.05,202544.77,4.4,50,1651,121,Eric Ramirez,Eric Obrien
2079,Hour send or,Action,2016,21-10-2016,UK,2016338.31,3517118.58,8763024.26,951886.12,1852756.4,5.4,44,170,307,Melanie Olson,Anthony Cross
2080,News,Drama,2002,08-03-2002,USA,735799.73,1118228.55,2599351.65,294207.71,626008.55,6.8,49,100,3257,Amanda Cantrell,Eric Cooper
2081,Ground time firm,Drama,1963,08-02-1963,USA,41704580.93,51525283.73,105723881.6,9831784.69,24576363.48,9.0,92,4557,191,Mr. Drew Clark Jr.,Sarah Nelson
2082,Decision traditional economic institution,Comedy,1998,22-03-1998,USA,1433348.76,2675229.1,4114716.17,364303.56,1109674.73,5.3,61,1470,84,Benjamin Ray,Peter Sanders
2083,Again sign window,Action,1977,09-02-1977,USA,754322.1,2293661.17,3493732.88,355139.14,1227692.69,7.0,76,1212,406,John Jones,Daniel Thompson
2084,No,Action,2009,09-02-2009,France,641508.92,296156.19,641508.92,39285.7,141435.06,6.3,61,2112,50,Sonya Clark,Robin Dawson
2085,Open require question,Drama,2002,30-12-2002,UK,3777595.32,11469007.2,17769664.57,2221568.38,5552168.82,4.1,25,6479,880,Donna Wagner,David Martin
2086,Effect board,Drama,1999,15-08-1999,Japan,154510286.7,268477259.1,468721611.6,27621484.76,159068657.6,8.5,85,606,1994,Amanda Cantrell,Cody Peters
2087,Ready successful office detail,Action,2024,24-04-2024,UK,606095.27,1737453.17,2894973.65,345298.84,794233.89,7.1,69,4508,168,Anthony Rowland,Brandon Green
2088,Recent half energy,Drama,2024,01-08-2024,China,638876.88,1229689.56,2294123.6,158025.67,577740.14,6.7,69,3924,1250,Mr. Jorge Anderson,Andrea Bowers
2089,Include week fish,Comedy,1969,28-11-1969,Germany,105206.59,243519.05,447692.7,29502.07,120698.74,5.1,35,884,216,Oscar Santos,Casey Collins
2090,Mean science,Comedy,1996,11-06-1996,USA,7064717.43,17835901.59,27246846.01,2823388.58,7990450.8,8.2,88,1999,2891,Robert Webster,Jimmy Miller
2091,Organization,Comedy,1972,19-05-1972,Germany,12745416.85,16846944.72,30277718.17,2290638.52,7763436.91,7.1,70,10963,1502,Karen Smith,Nicole Dawson
2092,My ever others mention,Drama,2015,02-11-2015,USA,3456880.12,8562243.61,15233100.26,982776.66,4903034.39,6.5,62,1783,1515,David Hall,Steven Green
2093,Everything might lead,Thriller,1983,04-04-1983,Canada,2371259.18,3312957.85,7988151.77,914049.76,1388327.02,6.0,71,4859,751,Daniel Brown,Monica Nelson MD
2094,Employee purpose exist,Drama,1970,22-07-1970,France,29935606.11,16039621.78,29935606.11,2546316.13,9308219.33,5.2,47,7047,326,Barbara Torres,Ashley Pena
2095,First price,Thriller,1957,14-02-1957,USA,3636202.89,4160634.24,9905882.99,824913.6,2209390.07,6.9,87,5328,283,Sharon Wilson,Anthony Rhodes
2096,Listen west recognize,Action,2024,06-10-2024,USA,16143298.44,27308920.18,55187142.57,7414047.66,11221602.96,9.0,92,346,89,Michael Manning,Duane Fletcher DDS
2097,Modern,Thriller,2014,13-03-2014,USA,2688460.93,9061882.07,13399071.26,1886102.95,3947308.67,7.3,65,100,41773,Jeremy Ray,Brian Rodriguez
2098,Program physical,Romance,1975,15-03-1975,UK,8894647.14,10406359.93,17595213.38,2506538.67,4653083.85,5.2,69,5939,55,James Miller,David Clark
2099,Him knowledge quality,Action,1995,05-03-1995,USA,667792.01,695327.55,1244376.83,202139.68,361399.52,6.7,76,2353,246,Mark Brooks,Daryl Douglas
2100,Gas way look,Romance,2012,22-02-2012,USA,37004507.25,115553107.0,184741684.4,13779040.23,68742802.6,4.5,33,124555,184,Robert Webster,Jorge Thompson
2101,Which table accept,Drama,2022,06-04-2022,UK,27724641.18,51959393.11,126271425.2,10809308.19,23775746.87,3.3,34,2690,1989,Tara Underwood,John James
2102,Arrive teacher firm north,Romance,2014,06-10-2014,USA,380491.63,754340.71,1494952.63,223318.69,309974.12,7.7,84,1095,433,Megan Sharp,Anna Vasquez
2103,Majority,Action,2021,02-05-2021,USA,16010287.35,39246041.88,72827967.51,9714340.37,19071460.37,7.8,100,1374,105,Amanda Cantrell,Donald Benson
2104,Tough debate,Comedy,2006,05-12-2006,USA,2411277.79,1757130.88,2689902.74,490633.07,863186.38,4.1,56,4337,7445,Darrell Carlson,Gina Fernandez
2105,Operation movement,Action,2000,03-09-2000,USA,4266366.19,9261633.28,17331506.12,1726673.77,4319130.91,5.9,57,2481,50,Lisa Atkins,Miranda Armstrong
2106,Check he,Documentary,2016,01-11-2016,Australia,6288823.25,7103440.71,14789023.17,1526392.33,4196588.31,7.2,73,15183,403,Vanessa Fox,Christopher Hurst
2107,Why out sort democratic,Drama,1997,07-03-1997,France,13023855.36,34726856.44,49959274.06,6600944.9,15308091.26,4.2,38,953,70,Kimberly Barker,David Martin
2108,Player authority carry,Comedy,2011,21-06-2011,Germany,1277099.09,1342174.01,3108716.05,203541.4,580560.24,4.6,38,883,1215,Melissa Cohen,Jason Ramos
2109,Evening another child,Sci-Fi,2015,24-07-2015,USA,1868130.62,4746104.14,9097882.6,864031.22,2359755.33,4.4,37,1332,1392,Chad Peters MD,Sandra Spears
2110,Experience still,Sci-Fi,2024,08-07-2024,Canada,7958100.13,18174008.5,31389772.0,3037261.21,7591277.71,5.4,57,11166,134,Shannon Ross,Russell Martin
2111,End however,Thriller,1995,06-01-1995,UK,2002445.56,1440736.16,2224646.1,399698.26,643374.43,6.4,62,1188,50,David Lee,Catherine Willis
2112,Stand score,Action,1989,10-06-1989,USA,3641983.45,9174521.28,16472502.61,2299603.19,4774659.61,7.1,80,7682,2007,James Cross,Johnathan Chen
2113,As seat study,Sci-Fi,1952,05-07-1952,France,765663.1,632155.95,1026168.39,111876.69,329095.56,4.4,54,673,135,Caitlin Brewer,Teresa Santos PhD
2114,Focus save,Drama,2025,03-01-2025,USA,83153445.11,161282511.7,398544027.2,32282857.53,83171034.24,9.1,97,12862,50,Claudia Smith,Stephanie Moore
2115,Out ten air,Documentary,1971,09-10-1971,USA,100000.0,193403.91,348982.87,54486.14,114916.36,4.4,36,128599,104,Sara Higgins,Sabrina Massey
2116,Citizen decision,Sci-Fi,1977,09-08-1977,USA,265340.49,136194.78,265340.49,36278.98,56396.75,6.5,77,3283,1386,Benjamin Ray,Daniel Thompson
2117,Lead opportunity,Action,2012,23-01-2012,Australia,297487.18,119156.66,297487.18,12028.4,69587.38,6.2,82,17554,16413,Mary Mitchell,Mark Morris
2118,Result realize education,Thriller,2006,08-05-2006,USA,8586059.0,4307397.59,8586059.0,442287.18,2252924.52,6.5,70,803,3598,Heidi Cisneros,Brenda Guerrero
2119,Anything,Action,2022,29-05-2022,USA,8481138.82,17411651.8,34794137.43,4558381.23,9641412.63,6.9,64,2750,532,Ashley Medina,Kathryn Stevenson
2120,Share toward,Action,1999,25-01-1999,France,6556320.15,7710811.61,16202325.19,1264578.04,3906392.91,6.7,65,4419,320,Tara Underwood,Amy Gomez
2121,Affect have charge,Action,2018,18-12-2018,USA,28191945.19,56810495.17,116322834.6,9067049.37,31700664.38,6.8,88,824,3937,Benjamin Hudson,Laura Wilson
2122,Sign spend,Drama,2004,31-03-2004,USA,119316.45,95159.32,187667.86,17855.95,51127.9,7.1,73,7028,177,Sara Higgins,Tricia Thomas
2123,Affect have charge,Drama,2023,01-12-2023,USA,12602601.49,23668202.84,47309755.68,6025767.04,11762150.06,3.7,35,7546,5848,Adam Brown,Mr. Michael Snyder
2124,Close less Republican,Comedy,1988,09-10-1988,India,10142313.2,22298550.2,46769682.04,5956045.76,10136081.21,3.9,31,3160,279,Jerry Owens,Nathan Nelson
2125,Free blood first a,Action,1991,16-01-1991,USA,48525547.85,55163583.36,95222513.06,8941146.63,26341785.47,5.7,61,10732,6611,Brenda Smith,James Erickson
2126,Table follow thousand interest,Drama,1996,25-07-1996,USA,5486576.5,12899147.01,23373051.49,3666589.42,6598169.99,9.6,100,2821,1158,Alyssa Adams,Becky Dean
2127,Have role,Action,1999,19-09-1999,USA,1671207.56,1895665.12,3997866.1,426135.31,1069157.1,7.4,65,4473,50,Renee Campbell,Dennis Perry
2128,Article worry director,Comedy,1972,19-01-1972,USA,288452.39,645745.62,997952.25,143984.9,325988.94,5.8,47,1071,51,William Walker,Eric Obrien
2129,Nearly current chance,Thriller,2019,13-06-2019,USA,2996075.57,1928522.28,4385374.54,413054.65,991510.93,6.9,58,1729,236,Ryan Tate,Seth Johnson
2130,A page us,Drama,2012,24-01-2012,USA,4416464.05,6379739.8,14850803.81,964138.8,3556762.74,6.1,60,22263,726,Kelsey Ellis,Dustin Jackson
2131,Sound politics hope,Action,1971,27-11-1971,USA,15622122.95,18775720.1,35611792.89,3721720.52,10743860.32,6.4,65,27376,129,Colleen Willis,Alexander Haley
2132,Ever rich home,Action,2025,25-08-2025,Japan,285699.77,453651.28,780759.49,107381.26,198117.18,5.9,55,1275,1172,David Perez,Sherry Turner
2133,Hair writer,Documentary,2017,15-12-2017,USA,4238673.44,10813759.87,16583490.22,1484552.27,5448538.58,5.8,58,6821,2409,Colleen Willis,Melissa Morales
2134,Street effort street,Thriller,2025,21-07-2025,USA,3777560.64,4560281.38,8805496.1,1093874.05,2033933.46,7.8,76,3169,50,Matthew Beck,Jorge Kennedy
2135,Stuff approach step,Comedy,2008,05-04-2008,USA,362506.37,876264.35,1484331.27,175590.76,422364.09,5.4,56,86510,50,Mrs. Hannah Campbell DDS,Joseph Gonzalez
2136,Action traditional recently,Horror,2013,17-03-2013,Japan,484815.04,682802.78,1146075.15,191559.67,375231.2,7.5,82,2126,278,Amanda Montgomery,Darren Jones
2137,Collection prevent,Romance,2006,04-09-2006,USA,8774299.14,5234998.14,8774299.14,1516120.32,2763774.51,6.2,62,501,483,Christopher Roach,Ashley Juarez
2138,Cup heavy,Action,1996,27-08-1996,USA,3073568.38,6132673.35,12102465.36,633035.02,2969249.38,3.7,32,8954,115,William Banks,Heather Allison
2139,Room popular,Thriller,1978,23-03-1978,USA,6478283.5,11848238.21,17709059.18,2065867.84,6495459.32,6.4,57,1592,574,Karen Barrett,Christopher Rodgers
2140,Amount above different,Romance,1990,12-01-1990,USA,1868433.66,1222224.44,1868433.66,344701.03,550932.9,9.8,87,12041,715,Darrell Carlson,Dennis Rogers
2141,Production pay,Comedy,1992,06-05-1992,USA,3814458.95,8192578.83,17966733.25,1654796.89,3910781.91,5.0,61,3387,450,Charles Lopez,Nicholas Richards
2142,Speech result,Action,1962,17-12-1962,USA,10959232.46,29682319.31,54485041.51,4829346.07,12509921.37,7.6,90,25495,386,Rachel Hayes,Julie Hoffman
2143,Beyond heavy,Drama,2014,06-11-2014,USA,3050185.16,5223000.23,12165504.76,1078019.64,2431040.08,7.4,58,10970,4369,Maria Lane,Terry Martinez
2144,Third candidate thing,Comedy,2000,06-06-2000,USA,53906419.53,70735492.06,160090688.9,15398248.27,31158190.02,5.5,42,2302,836,William Banks,Dennis Perry
2145,Several,Comedy,2008,27-01-2008,USA,5690871.7,16321269.45,27435449.19,4706393.81,8260951.18,5.9,61,822,1427,Crystal Harris,Jamie Chavez
2146,Send area six,Horror,2011,26-11-2011,Japan,2554405.72,2417019.07,5595462.95,650108.55,1276896.97,7.0,53,1032,212,Ryan Tate,Alexander Haley
2147,Popular everyone officer identify,Action,1978,03-03-1978,USA,999266.43,559148.23,999266.43,85073.18,274577.04,6.9,71,11771,493,James Wright,Brandi Moon
2148,Pay past land,Horror,1975,25-12-1975,USA,3374561.38,1896159.61,3374561.38,514892.02,1107974.99,4.0,45,1459,182,Darrell Carlson,Sarah Nelson
2149,Score travel,Action,2022,07-01-2022,USA,16353567.35,8376739.67,16353567.35,1730571.1,4574879.07,8.6,81,1334,1793,Eric Ramirez,Mrs. Stephanie Palmer
2150,Head lay,Horror,2001,19-04-2001,France,59789789.75,111765878.7,216573509.5,27957705.4,50624253.14,6.5,66,3200,8832,Donna Hall,Corey Johnson
2151,Interview human,Romance,2020,21-07-2020,USA,29600454.95,91361411.39,145891104.4,13044995.32,53901428.35,6.7,41,1845,332,James Wright,Alan Mullins
2152,Safe stay,Romance,2006,01-11-2006,USA,12963332.06,23463779.68,51334816.68,2535168.23,10357217.03,7.6,76,5438,1275,Andrew Chambers,Daniel Callahan
2153,Hand always,Action,2012,29-02-2012,USA,36723543.45,101157374.6,182390881.8,15146137.68,42691572.27,7.7,85,2326,50,Abigail Robles,Elizabeth Holmes
2154,Institution present contain sort,Thriller,2018,12-07-2018,USA,2337851.94,2711205.98,4380911.35,330612.37,1405857.72,6.4,72,1034,667,Michael Chung,Tami Miranda
2155,Though everyone another,Drama,1986,01-02-1986,China,6087857.04,19186050.49,27763504.47,5551049.31,8731562.0,4.7,40,13621,77,Judy Walker,Brenda Wheeler
2156,Congress,Drama,1980,24-11-1980,Canada,18123885.54,26170638.5,58836938.84,6004863.51,12059009.27,7.3,58,2608,2260,Brian Robinson,Lynn Pierce
2157,Picture wonder foreign,Comedy,1983,09-12-1983,USA,4757682.93,7008623.19,10297063.16,1286386.9,3505767.33,6.1,58,2584,136,Jacqueline Briggs,Adam Bowman
2158,Light outside,Action,2014,14-05-2014,USA,1822971.1,4836171.25,8074048.74,929795.13,2481859.05,8.3,93,16996,71,Diane Skinner,Joseph Gonzalez
2159,Against step,Drama,1999,10-06-1999,UK,837515.79,1782807.4,3250180.27,277469.57,1039523.49,4.8,40,15467,360,Mr. Drew Clark Jr.,William Crawford
2160,Generation land manager,Thriller,2017,20-09-2017,USA,2390422.5,7259609.23,11541822.24,1943559.88,3456126.24,7.3,53,9953,583,Seth Whitehead,William Crawford
2161,Politics country develop produce,Horror,1963,03-05-1963,USA,19392076.28,36504074.74,56937803.45,8733822.66,19847189.94,7.8,82,2736,2245,Elizabeth Lane,Sheila Dunn
2162,Foreign painting listen,Action,2012,12-10-2012,India,4904605.04,6479911.41,9677050.36,1486125.18,2733043.2,6.6,66,1603,2404,Roberto Underwood,Seth Smith
2163,Its site chair factor,Comedy,1973,18-02-1973,China,6905401.24,15465354.94,29544530.67,2242467.51,7891328.58,5.7,65,2314,50,David Lee,Thomas Hill
2164,Sure,Romance,2013,12-07-2013,USA,37069447.6,78682377.45,129720124.7,12650604.79,31980915.26,4.7,42,11411,126,Sonya Clark,Amanda Jenkins
2165,Shoulder seat among,Romance,2007,12-08-2007,USA,13732217.67,10799786.71,20131494.26,1652195.96,4746016.74,5.7,52,26253,729,Adam Brown,Monique Harris
2166,How both,Action,2022,20-03-2022,USA,13358207.92,19341115.39,37271649.68,5288758.61,8615264.21,4.7,59,7932,1352,Joseph Willis,Brenda Gomez
2167,Force available,Sci-Fi,1997,29-05-1997,Australia,403500.69,262372.8,403500.69,67352.61,148725.02,8.3,94,27302,50,Bethany Rodriguez,David Lopez
2168,Nor song,Horror,2015,17-01-2015,France,390064.66,212794.96,405102.43,50762.75,105170.12,6.0,54,13224,254,Jessica Singh,Michael Martinez
2169,Enter manager friend,Comedy,1995,28-11-1995,USA,10325876.52,22762487.33,36470188.19,4501271.56,11299189.65,4.0,37,177,543,Dr. Jonathan Long,Christopher Patterson
2170,Represent week wonder,Documentary,2025,05-05-2025,USA,100000.0,176446.67,386217.89,28611.05,73544.82,6.8,86,926,4309,Michael Richards,David Martin
2171,Other know,Comedy,2021,09-08-2021,USA,1529031.31,3328046.54,5596268.47,695478.57,1973871.93,5.6,55,12524,146,Mrs. Hannah Campbell DDS,Timothy George
2172,Million station security,Drama,2018,29-05-2018,USA,4750005.81,8934013.54,21534906.29,2542603.61,4887104.6,6.0,57,15088,50,Renee Campbell,Amanda Jenkins
2173,Name woman former shoulder,Comedy,1973,09-10-1973,USA,6548082.9,4075963.63,6548082.9,1025521.8,1893369.0,7.0,53,3179,595,Benjamin Hudson,Samuel Wyatt
2174,Want sister,Horror,2024,20-06-2024,USA,1892660.6,1116108.03,1892660.6,220662.49,455224.48,9.8,84,450,3293,Benjamin Ray,William Ramirez
2175,Upon force,Sci-Fi,1968,15-10-1968,USA,3058568.86,1586009.08,3058568.86,185528.7,707268.88,5.6,42,1825,1703,Anthony Henry,Brian Rodriguez
2176,Provide state,Drama,2002,26-01-2002,USA,34849421.8,25652593.47,41205920.5,3443234.65,12135381.01,5.7,72,4418,50,Benjamin Hudson,Shawn Washington
2177,Really would sing,Drama,1974,24-01-1974,USA,11279778.0,18137638.06,39882720.28,4842835.13,9203840.83,3.7,48,39298,165,Jennifer Willis,Brenda Wheeler
2178,Offer,Horror,1972,14-07-1972,USA,3128038.14,6640903.91,10431570.13,865805.05,2915753.05,7.1,81,3251,971,Mr. Drew Clark Jr.,Paul Glover
2179,End goal,Comedy,2005,11-02-2005,Australia,2106317.84,2313085.24,5126309.08,447094.92,1133304.05,8.5,83,3599,2116,Jennifer Willis,William Crawford
2180,Whose reduce,Sci-Fi,2021,06-11-2021,Canada,1347431.7,1400156.25,3290042.3,140928.1,819005.34,6.2,77,17445,367,Paul Rogers,Christina Jones
2181,True tree,Thriller,1965,03-07-1965,USA,14849212.63,16935844.47,30105596.03,1802947.27,8815338.38,6.3,63,4483,347,Michael Ross,Paul Glover
2182,Leg else,Thriller,1988,17-06-1988,USA,42787082.66,70916810.61,143170505.9,17777089.61,33473776.5,9.2,100,100,594,Nathan Bolton,Sharon Rodriguez
2183,At type glass,Romance,2000,21-02-2000,USA,4677700.74,8666396.89,12405480.8,2075474.59,4497892.95,4.6,61,12992,1286,Donna Hall,Veronica Mills
2184,Work,Romance,2015,21-06-2015,USA,443770.98,268882.54,443770.98,76146.17,153271.46,5.0,53,16124,6864,Courtney Reynolds,Mrs. Stephanie Palmer
2185,Head lay,Action,2011,17-05-2011,USA,94586153.63,272464545.9,427354829.5,45698496.77,163271303.8,6.8,54,5953,2924,Manuel Benton,Christina Buchanan
2186,Interesting energy move,Comedy,2021,14-05-2021,USA,6102749.26,9453599.66,19314182.49,2298342.2,5491503.97,5.5,55,35527,132,William Banks,Kevin Fernandez
2187,Central quickly daughter,Horror,2018,22-08-2018,USA,11363633.67,15926861.48,36534825.7,4267901.37,8945831.99,5.9,70,2799,50,Sharon Wilson,Brandon Green
2188,Board vote,Comedy,2025,29-05-2025,USA,605624.53,1244056.7,2718077.15,362524.26,614679.41,7.1,62,1035,181,Francisco Ford,Stephanie Ferrell
2189,Same seem as,Drama,1985,29-12-1985,USA,1732736.77,4957046.14,8260683.73,1285142.72,2410421.52,3.6,16,2896,331,David Morris,David Martin
2190,South degree concern,Thriller,1995,17-11-1995,USA,14273585.29,18337324.85,41227147.79,3335149.39,8999738.61,6.2,75,168,3298,William Walker,Meghan Mcintosh
2191,Minute eye,Drama,1975,13-05-1975,USA,1507527.64,778994.77,1507527.64,177678.64,443688.91,6.5,52,72187,566,Rachel Hayes,Jennifer Hendricks
2192,Strong son travel,Romance,1960,13-07-1960,USA,5079783.35,13641705.24,19702378.33,1728396.55,7424387.16,7.5,98,674,1155,Terry Lawrence,Cassandra Dennis
2193,Address buy cold,Drama,2020,08-11-2020,USA,805818.8,1785662.31,2583974.08,203474.69,1006203.44,6.5,58,2288,50,David Morris,Patrick Barnett
2194,Term,Comedy,2023,22-12-2023,USA,67337886.83,75318116.48,119648205.8,8634814.95,41212360.13,7.8,64,3476,181,Patricia Munoz,Cameron Pineda
2195,Science forward,Thriller,1995,20-01-1995,USA,498215.77,341855.31,595541.38,76690.72,145745.25,5.1,50,100,1630,John Jones,Brian Mccormick
2196,Past mission,Comedy,1972,04-04-1972,USA,1844801.08,1853520.92,2715448.66,532156.79,992099.17,6.7,70,3424,173,Jeremy Davis,Lauren Horton
2197,Admit either evening because,Drama,1983,14-02-1983,USA,564545.64,469609.72,990714.59,120100.57,196036.37,8.0,76,2868,3139,Kelsey Ellis,Christopher Tucker
2198,Right,Comedy,1954,28-10-1954,USA,29471702.65,37935547.59,71404509.13,7160311.35,16484221.5,7.6,75,11682,254,Brenda Smith,Andrew Lyons
2199,Bad lay might,Drama,1999,21-01-1999,USA,1065087.79,2184305.64,4182964.56,605867.43,1005357.96,3.6,37,348,470,David Perez,Pamela Lopez
2200,Customer water character,Horror,2007,01-12-2007,Germany,12162077.67,23827054.83,51586285.94,2575434.01,11585087.11,4.6,51,7813,93,Chad Peters MD,Matthew Simmons
2201,Open require question,Drama,2023,07-05-2023,USA,1842577.88,2278897.32,4716668.82,232593.04,980651.94,4.8,47,5150,155,Jeremy Davis,Jonathan Lee
2202,Center every,Drama,2002,10-08-2002,India,3076760.33,2139507.43,3076760.33,493206.37,1258921.08,3.6,51,9221,82,William Banks,Deanna Johnson
2203,Put your,Comedy,1999,05-12-1999,China,9414800.81,4128802.28,9414800.81,583910.91,2009532.49,5.3,44,906,764,Jerry Owens,Pamela Frey
2204,Spring own lose,Thriller,1989,24-08-1989,Canada,791771.33,985346.45,2084614.49,285686.52,571075.67,3.5,37,13489,576,Suzanne Gonzalez,Jennifer Cook
2205,It,Drama,1995,01-06-1995,India,636329.51,1859252.35,2964431.05,195948.59,750902.08,7.2,62,3892,92,Jennifer Henry,Amanda Jenkins
2206,Method everyone,Comedy,1998,26-01-1998,USA,1171167.04,1330111.77,2874166.78,234515.91,693016.51,7.1,72,122,11187,Karen Smith,Ariel Mills
2207,College foreign,Horror,1996,27-03-1996,USA,540913.93,1045964.67,1932282.09,137266.83,451299.06,3.9,46,3597,1379,Jeremy Davis,Sharon Rodriguez
2208,Show,Documentary,1988,07-03-1988,Canada,1145378.38,1261991.42,3000233.78,303919.86,574467.9,8.5,73,2287,1295,Raymond Morris,Mr. Michael Snyder
2209,Rest girl with,Drama,1990,08-01-1990,USA,25408358.05,40194788.69,95816768.75,7492957.29,18582261.4,5.0,49,10686,893,Nicholas Murphy,Jonathan Lee
2210,Property those,Sci-Fi,1972,02-07-1972,USA,1247521.41,1014554.17,1728222.8,112419.99,458568.84,6.5,67,94596,286,Caitlin Brewer,Nicole Turner
2211,Everyone approach,Action,1976,01-08-1976,USA,1105964.87,802912.16,1185714.18,210683.24,416670.1,7.5,60,697,628,Crystal Harris,Amanda Lawson
2212,Ready happen,Drama,1995,08-06-1995,USA,2022243.27,5305842.54,8531860.85,1493877.58,3075498.24,5.8,49,6773,448,Rachel Hayes,Ariel Mills
2213,She three ever,Thriller,2004,24-02-2004,India,15601074.61,20616332.46,40890535.14,3206343.25,9312680.15,5.3,71,6851,289,Adam Brown,Samuel Wyatt
2214,Accept past she somebody,Action,2010,24-11-2010,USA,7010237.46,6842076.54,10358825.38,1348590.67,3087610.05,6.3,77,370,1719,Colleen Willis,Deanna Johnson
2215,Exist article true,Sci-Fi,1965,26-10-1965,USA,276094.49,656147.68,1299795.11,180959.17,283139.7,5.6,52,36518,50,Ryan Tate,Carolyn Calhoun
2216,Need maybe same,Drama,1973,26-09-1973,UK,22385755.54,38586526.92,59474561.96,5015762.99,19903294.23,6.0,49,2081,493,Mr. Drew Clark Jr.,Joy Huber
2217,Thus common,Romance,1997,19-10-1997,USA,4857132.63,9317745.1,19818880.09,2019332.41,4595101.52,5.7,71,1116,996,Charles Lopez,Dominique Aguirre
2218,Manage,Drama,1973,28-04-1973,USA,191237976.8,265534615.0,460160467.5,28631981.88,147367359.9,3.4,32,11967,1281,Shannon Ross,Jacqueline Cooper
2219,Mouth soldier plan,Romance,1976,19-11-1976,USA,6212769.5,8151399.84,15345068.42,1721473.03,4648270.07,8.2,93,248,50,Mrs. Hannah Campbell DDS,Christopher Benson
2220,Base keep,Romance,1973,02-11-1973,India,3203527.62,8007493.99,15475884.58,1998519.38,3366581.67,8.1,77,4404,18750,Joshua Morales,Derek Jones
2221,Defense character way if,Drama,2015,14-10-2015,USA,40330910.74,122718002.7,188911496.6,27792136.15,58996359.28,7.8,55,1802,50,Hannah Camacho,Brandon Mcguire
2222,Look,Comedy,2001,08-04-2001,USA,22095083.6,34610308.31,77102521.4,9235595.71,16362356.58,9.0,96,90553,985,Mary Mitchell,Mark Crosby
2223,Be place physical,Comedy,2025,18-05-2025,India,644938.3,522390.61,1021592.15,156300.24,214950.02,6.0,63,19676,2914,Dr. Jonathan Long,Jason Ramos
2224,Prevent truth,Drama,2009,11-03-2009,USA,15640940.9,40143892.52,75544428.54,7915532.93,16381323.83,4.7,49,3110,1070,Barbara Torres,Sarah Ross
2225,Before quality four,Thriller,2019,09-04-2019,USA,487984.7,360119.18,571005.41,70976.58,201267.33,4.5,42,1450,3270,James Cross,Pamela Lopez
2226,Method at,Action,1999,29-01-1999,USA,4585568.51,3067875.13,4585568.51,749191.21,1475570.09,10.0,96,5702,530,Darlene Murphy,Amanda Jenkins
2227,Traditional consider,Comedy,2002,01-02-2002,Germany,22382966.77,41984122.61,79214705.55,6723632.03,23690946.66,7.5,60,643,86,Sonya Clark,Samantha Sanders
2228,Senior into,Horror,2020,30-12-2020,France,1131066.24,1972365.52,3619000.14,529574.36,944802.29,7.2,88,1772,730,Melissa Cohen,Stephanie Stokes
2229,Arrive coach plan them,Comedy,1952,04-11-1952,USA,4712102.57,2830591.17,6842640.76,738048.64,1385560.16,5.1,62,811,159,Jerry Owens,Casey Lloyd
2230,Until career take,Horror,2010,04-02-2010,USA,16348997.02,46635340.09,74033285.1,5313274.81,26559736.53,6.5,69,4396,4307,Heidi Cisneros,William Brooks
2231,Daughter just simply,Romance,1995,26-08-1995,USA,415757.79,321910.86,579639.08,76811.16,132109.18,7.9,64,1982,226,Mrs. Hannah Campbell DDS,Lauren Richards
2232,Low individual,Drama,1955,06-03-1955,Canada,534399.15,225693.79,534399.15,60550.29,107516.71,5.4,42,5235,50,Anthony Rowland,Shawn Washington
2233,Billion listen,Action,2021,25-10-2021,USA,1940194.74,3270897.51,6541378.59,718198.75,1929694.42,8.4,86,5851,2725,Paul Weiss,Nathan Nelson
2234,Family sense,Drama,2012,27-02-2012,Germany,969032.6,2052405.2,3784837.12,314686.08,1221021.78,7.9,62,3349,10894,Courtney Reynolds,Dominique Aguirre
2235,Grow prove forward,Comedy,1994,15-09-1994,USA,36360570.96,50944060.49,110620220.1,9484574.69,29799949.92,7.8,73,849,981,Amber Anderson,David Castillo
2236,Third plant process,Action,1999,10-01-1999,USA,321507.05,460001.39,1140894.75,102159.84,226904.86,5.5,47,358,749,Mrs. Hannah Campbell DDS,Monica Nelson MD
2237,Interview life Mr,Drama,1996,10-01-1996,France,839657.87,865463.53,1437339.21,229363.69,409022.05,6.0,65,14014,1867,William Walker,John Jones
2238,Institution down,Sci-Fi,2006,01-06-2006,USA,3626595.65,3735374.82,8276031.73,435424.36,2218401.93,7.9,98,900,1960,Robert Webster,Dennis Rogers
2239,Dinner instead particularly,Thriller,2008,04-03-2008,USA,6451493.52,13474686.31,30118508.69,3318266.57,6105113.75,5.4,39,37622,1074,Seth Whitehead,Jeanette Archer
2240,Land,Action,2009,27-06-2009,China,3045763.28,5513801.77,9277175.49,1491541.32,2553929.89,6.0,59,3890,2198,Jennifer Henry,Casey Collins
2241,Discover there consumer serious,Romance,2004,18-11-2004,USA,10510932.19,10987990.45,22380535.87,2219362.34,5431097.11,7.8,79,2035,487,Seth Whitehead,Adam Montes
2242,Market very,Thriller,2015,04-10-2015,USA,6888284.61,10116827.4,18598940.17,1982465.99,5992188.0,5.7,32,1671,56,Megan Sharp,Mark Smith
2243,Edge exist service keep,Horror,1958,21-04-1958,USA,337751.47,445927.26,961293.04,47571.99,213052.99,4.3,31,23640,279,Karen Robinson,Melissa Morales
2244,Cause section every,Action,1953,27-06-1953,India,7382804.4,20290498.2,34614389.95,4550946.63,11832465.2,4.5,35,502,361,David Morris,Ashley French
2245,Financial me particularly,Action,1971,16-01-1971,USA,658356.0,1549036.82,3151648.56,429214.8,727901.33,7.1,80,1159,236,Sonya Clark,Morgan King
2246,Score by attorney,Action,2004,14-09-2004,Australia,7603260.0,19489252.27,37852235.7,4631508.21,8247097.5,6.1,69,285,125,David Rosales,Michelle Anderson
2247,Such rock,Drama,2018,04-09-2018,USA,6043159.6,4672296.26,7861061.27,918912.87,2290215.41,8.1,55,400,3178,Gary Simmons,Jeanette Archer
2248,Get too future,Action,2015,10-06-2015,USA,1460363.34,1031543.14,2061074.25,123894.04,546863.72,6.4,58,809,1644,David Hall,Isaiah French
2249,Control would finally,Drama,1979,10-11-1979,USA,2775620.11,3192391.81,5171561.95,803694.11,1309835.03,6.4,59,2920,64,Sharon Wilson,Ashley Juarez
2250,Official prove,Thriller,2013,20-02-2013,China,1425351.03,1936767.2,3098799.21,473944.15,851661.62,7.0,72,4065,103,Sean Howard,Carla Dougherty
2251,Tonight avoid,Horror,2007,29-11-2007,India,826048.55,399053.74,916090.32,93260.09,177329.37,5.7,55,567,5675,David Charles,Adam Williams
2252,These enjoy bad,Comedy,1966,22-12-1966,India,3171498.35,3782276.5,6903640.73,775096.05,2141974.32,4.5,60,15602,1783,Diane Skinner,Jennifer Hall
2253,Price thousand,Thriller,2006,13-08-2006,USA,3920403.78,3141747.13,7763653.52,547673.72,1420688.28,6.1,59,9880,366,Heidi Cisneros,Victoria Phillips
2254,Force hundred today,Drama,1986,04-06-1986,USA,1118577.17,2693287.24,5187529.75,657225.75,1446495.81,5.4,38,266,1340,Christian Hernandez,James Nichols
2255,His nation,Drama,1960,15-01-1960,USA,536212.56,567556.62,882890.52,165723.63,252154.6,8.6,92,9113,775,Paul Weiss,Michael Gomez
2256,Gun economy,Thriller,1984,20-02-1984,USA,4370790.38,2845697.72,5501403.67,478287.78,1265575.67,6.5,48,3118,474,Chad Koch,Brandi Moon
2257,Upon,Comedy,2001,19-08-2001,India,936969.8,1520655.1,3570745.95,155699.31,638752.71,9.4,100,975,800,Julie Maxwell,Marissa Pena
2258,Clearly,Drama,2017,24-02-2017,China,11491581.41,7878068.48,15993255.57,813841.38,4326699.39,6.0,67,5743,195,Rachel Kirby,Jimmy Smith
2259,Budget course,Romance,2017,23-07-2017,Canada,1401865.34,2030358.9,3721538.49,544580.23,1096789.07,5.6,65,26741,105,Brandon Fuller,Jennifer Hall
2260,Subject item him child,Comedy,2002,15-03-2002,USA,3934215.85,6939278.31,12853739.15,848058.58,3428903.82,7.6,77,21760,207,David Perez,Derek Jones
2261,Produce other step,Thriller,2023,21-02-2023,USA,1603354.52,3399972.65,6237913.99,420389.24,2030962.53,5.7,65,13262,121,Kayla Young,Cassandra Dennis
2262,Box join include,Comedy,1985,09-02-1985,China,10991383.99,12048055.71,21058157.21,3438908.56,6484332.3,8.7,62,2240,1327,Abigail Robles,Larry Bishop
2263,Activity hotel not,Thriller,1977,28-10-1977,USA,2461540.65,6205870.99,12130330.59,989608.1,3615905.66,6.8,65,4513,179,Rachel Kirby,Lauren Richards
2264,Majority stop,Comedy,2017,28-04-2017,USA,6121418.44,5815743.36,14190847.37,1087418.62,2781245.83,7.8,83,3954,938,Oscar Santos,Richard Miller
2265,Remember standard,Comedy,1984,02-12-1984,USA,1629341.44,2713573.93,5339091.93,625668.6,1493703.51,5.4,70,1491,271,Sara Higgins,Jennifer Richards
2266,Popular about,Action,2007,26-11-2007,UK,1092829.17,2645229.04,4016994.52,415034.76,1279129.31,5.0,48,689,2314,Charlotte Williams,Adam Montes
2267,Against arrive political degree,Comedy,1990,28-05-1990,USA,1887448.74,1083948.59,1887448.74,237843.79,603237.72,7.4,70,14019,83,Jonathan Evans,Dominique Aguirre
2268,Consumer production life dinner,Action,1987,06-01-1987,Japan,14356192.45,33774798.43,68552756.53,9430814.59,15264669.41,6.0,81,1393,107,Carolyn Schwartz,Donald Franco
2269,Unit ok,Comedy,1998,07-04-1998,USA,6034987.56,13849430.29,28671977.08,3214696.9,6255542.12,5.3,54,2540,3214,Donna Wagner,Corey Johnson
2270,After offer,Comedy,1997,30-09-1997,China,6240815.13,13998988.99,23400260.8,2347427.49,6641256.85,5.7,55,349,92,Jessica Singh,Julie Hoffman
2271,Nice soldier whatever,Thriller,1977,10-12-1977,Japan,4707346.69,6120910.26,10182177.42,1183529.6,3322371.87,7.9,79,10459,4786,James Wright,William Prince
2272,Discover there consumer serious,Comedy,1968,12-11-1968,USA,1334087.99,2469825.97,5814210.57,476059.62,1361518.29,5.8,65,4193,1096,Rachel Hayes,Kathryn Hunt
2273,Term seat of,Action,2008,18-04-2008,USA,100000.0,43911.48,100000.0,10138.34,23271.89,5.2,51,3543,623,Jennifer Atkinson,David Clark
2274,Often be response modern,Comedy,2022,27-04-2022,Australia,749741.34,845681.62,1892369.47,120245.48,506873.99,4.8,35,103570,1305,Jennifer Willis,Jeffrey Holloway
2275,Two remember discover,Comedy,2016,02-07-2016,USA,7088486.83,15547908.29,26432017.7,3433823.28,8927468.32,4.7,69,1155,270,Bryan Murray,Ian Williams
2276,Huge finally forget,Drama,2025,01-01-2025,USA,3779530.61,4784226.75,9785780.82,1154920.26,2474672.56,7.6,83,3427,6445,Jason Jones,Patrick Barnett
2277,Wind American thank,Drama,2025,29-12-2025,China,5036919.03,10828065.74,18646931.29,1902396.14,6163715.83,5.4,59,2275,144,Diane Skinner,Brooke Stanley
2278,Deep,Horror,2020,24-06-2020,USA,15444198.78,34337252.34,57797554.21,4948249.26,15905952.27,6.6,66,39452,597,Robert Hendricks,Stephen Cooper
2279,Only even picture,Romance,1971,25-07-1971,USA,35895716.74,102426724.5,152351443.5,20392586.9,51563069.86,7.2,56,1660,675,Troy Cochran,Kimberly Wolf
2280,Lay recognize,Drama,1971,03-01-1971,Canada,713591.84,1724190.53,3067635.87,455797.64,918313.44,7.5,69,100,268,Daniel Brown,Robert Garcia
2281,Toward kitchen science,Action,2021,26-03-2021,USA,1566327.37,1709212.85,2720156.61,353590.88,923404.52,7.2,70,233,687,Oscar Santos,Amy Gomez
2282,May nice really,Drama,2002,21-01-2002,USA,2865603.76,1812473.88,2948638.5,535976.4,922269.41,6.3,78,5998,413,Andrew Chambers,Sarah Nelson
2283,Begin,Drama,1976,07-05-1976,USA,880469.64,2256587.63,3936700.84,375357.5,1248956.27,8.9,62,4279,244,Sean Howard,Jimmy Miller
2284,While country,Drama,2010,02-06-2010,Japan,8147248.19,7076481.65,10315096.52,784591.28,4203023.46,4.4,47,4369,804,Diana Davis,Kimberly Smith
2285,Cold than,Romance,2012,02-02-2012,USA,6321927.68,18384311.21,27380605.57,4086783.38,9600227.32,6.3,55,881,50,Jennifer Willis,Andrea Bowers
2286,Believe international,Documentary,1989,27-12-1989,USA,797514.31,639329.51,1201432.77,138798.09,349610.55,6.0,55,17763,2558,David Charles,Catherine Willis
2287,Hot,Thriller,1997,26-05-1997,USA,1698943.76,2081857.86,4474351.34,361027.48,957627.7,5.5,47,4090,50,Lori Callahan,Kathy Marshall
2288,Company impact song,Action,1956,29-04-1956,Canada,2341495.09,1370279.79,3130301.91,230774.71,612585.93,5.7,79,90317,4061,Albert Phillips,Noah Harrison
2289,Direction magazine,Drama,2009,09-01-2009,USA,1299019.72,3625334.32,5944276.48,755187.05,1863973.17,5.4,57,2966,1706,William Walker,Laura Wilson
2290,Him own,Drama,1977,25-06-1977,USA,480612.62,319431.6,633754.23,68250.67,163192.51,6.3,70,3548,1229,Jeffrey Myers MD,Nathan Nelson
2291,Hard pressure candidate,Romance,2011,29-03-2011,India,11845150.66,23661823.84,37359708.25,3184243.61,11226785.57,6.8,51,2136,2797,Emily Miller,George Green
2292,Pm serve opportunity,Drama,1976,03-11-1976,USA,4329098.35,2848788.37,5813027.52,718613.79,1490789.12,4.3,39,1792,2764,David Lee,Rodney Smith
2293,Western imagine try,Horror,1995,09-04-1995,USA,1645920.84,2306865.23,5487866.25,443305.97,1272973.79,5.6,43,40819,2296,Eric Ramirez,Tami Miranda
2294,Game red,Comedy,1976,29-11-1976,Japan,3055499.01,3086950.75,6585122.6,770502.41,1569724.81,10.0,96,1319,50,Daniel Rivera,Jamie Cunningham
2295,Above wind perhaps,Documentary,1996,27-11-1996,USA,3436322.63,5588594.32,10811844.64,1447773.32,3058203.85,2.8,39,1376,983,Chad Koch,Meghan Johnson
2296,Place,Action,2010,30-04-2010,USA,54412470.63,69185190.21,125659716.3,8651708.41,33145038.46,6.7,76,30518,427,Julie Maxwell,Johnathan Chen
2297,Dinner walk cell,Comedy,2003,17-09-2003,USA,3149839.93,1882471.69,3149839.93,453980.99,795770.97,6.4,69,2095,4470,Melissa Hernandez,Dalton Johnson
2298,President deal assume,Thriller,1989,13-11-1989,USA,7331328.51,23926523.87,36395950.72,4519541.03,13715548.38,7.3,63,20059,201,Kristina Moore,Christopher Rodgers
2299,Many charge generation,Thriller,2011,01-11-2011,USA,10036711.64,4396335.42,10036711.64,760900.76,2488882.18,6.4,69,10604,50,Megan Sharp,Samantha Vargas
2300,Heavy bring,Action,2011,04-12-2011,USA,2309783.62,5883238.76,9509013.49,1413090.17,2639411.1,4.0,48,37344,233,Jacqueline Briggs,Brian Rodriguez
2301,Certainly,Comedy,2020,07-04-2020,Australia,2808015.25,1738572.57,3674729.91,442037.24,1020931.97,7.2,65,3258,446,Maria Lane,Anthony Rhodes
2302,Close challenge,Comedy,2023,17-02-2023,USA,4570727.86,8512317.15,16327478.81,1103630.19,3618753.39,7.8,83,12966,83,Suzanne Gonzalez,Sharon Rodriguez
2303,Attorney push campaign everyone,Drama,2009,06-02-2009,USA,1601271.02,1547849.97,2875522.08,202661.22,800310.93,9.8,100,1751,1213,Karen Smith,Christopher Hurst
2304,Type about,Comedy,2003,29-04-2003,USA,2739579.8,6706944.71,11156277.78,941176.93,2873635.23,8.0,81,567,50,Jessica Singh,Stephanie Stokes
2305,Blood bad white speech,Drama,2001,28-01-2001,USA,15682342.66,23004212.65,37306209.42,4042853.62,10818150.82,7.1,78,1710,731,Gary Simmons,Alison Clark
2306,Second investment reality,Romance,1965,11-09-1965,USA,127474938.4,265659560.5,380979078.6,38064815.03,110393443.6,8.4,66,6647,168,Darlene Murphy,Tonya Campbell
2307,Dark example per,Comedy,1975,01-04-1975,China,23960787.7,13509722.98,23960787.7,3280156.34,7555941.06,4.7,46,3637,50,Bryan Murray,Robert Garcia
2308,Activity join,Action,2012,05-08-2012,USA,123626.62,172977.32,281339.87,37257.63,76569.26,2.7,23,10390,186,Jessica Singh,John Sullivan
2309,Gun,Thriller,1964,14-01-1964,UK,16020325.25,11717037.97,17889735.19,1660598.44,6362567.6,4.2,43,3837,8054,Joseph Willis,Brandon Davidson
2310,End goal,Action,2015,16-12-2015,USA,5506814.55,5787664.6,9534288.04,752023.24,3347736.81,6.3,59,6204,60424,Jerry Owens,Kimberly Smith
2311,Strategy,Comedy,1999,07-06-1999,USA,281362.68,281615.78,452304.06,78923.01,152818.88,4.7,54,2060,1527,Anthony Rowland,Timothy James
2312,Already chair,Drama,1999,12-09-1999,USA,1096818.39,1990908.21,4299700.58,398334.98,1146830.36,6.2,49,5532,50,Kimberly Barker,Amanda Jenkins
2313,Mr few,Romance,1962,03-06-1962,USA,4496306.39,14630846.02,22415899.5,3744183.21,5958746.97,10.0,82,15099,155,Karen Barrett,John Barker
2314,No discussion page,Sci-Fi,2018,03-05-2018,Canada,4009642.95,2766450.45,4009642.95,312025.29,1644043.89,9.5,88,264,151,Kelsey Ellis,Kimberly Johnson
2315,Up instead avoid,Thriller,2019,28-06-2019,India,185413.29,278359.23,658922.69,45495.01,124030.03,5.9,59,1221,3878,Mrs. Hannah Campbell DDS,Jeffrey Smith
2316,Close believe walk,Drama,2011,02-04-2011,USA,5386017.49,4942895.97,10277227.46,554901.58,2008103.73,3.6,16,16310,2190,Emily Miller,Ashley Juarez
2317,Professor PM floor,Thriller,1979,21-01-1979,USA,3220833.24,7590852.4,12098079.44,2146444.45,3200301.02,6.1,44,13770,388,Sophia Gomez,Robin Dawson
2318,Do image interesting collection,Comedy,2025,12-08-2025,USA,2835302.79,5620015.67,11924342.54,985748.29,3003401.4,3.3,43,15427,162,Darlene Murphy,Casey Briggs
2319,Country bit,Comedy,2010,22-01-2010,USA,13490573.79,43752307.41,63040561.69,5541523.14,17980985.44,7.4,82,8305,532,Nicholas Murphy,Kimberly Wolf
2320,Do scene,Action,2006,27-03-2006,USA,9442648.52,9204690.39,14681696.36,1714421.49,4697497.14,10.0,84,1050,335,Dr. Michael Monroe,Mark Jones
2321,Century show out,Comedy,1979,14-05-1979,USA,5744959.96,8058745.64,12432497.01,2170094.82,3362498.63,5.2,44,795,69,Elizabeth Lane,Sierra Brooks
2322,At stay personal,Action,2001,12-02-2001,USA,11947597.8,29204580.22,42307354.08,5625936.68,15414471.69,6.1,63,6698,71,Christian Hernandez,Russell Martin
2323,Sure,Drama,1973,07-02-1973,USA,1703425.25,4424455.67,7475139.04,952647.3,1951086.94,8.3,76,28989,3759,Tyler Sanchez,Amber Willis
2324,Seem deal,Drama,1994,24-08-1994,Germany,13499363.78,27551009.46,44308459.99,4430491.2,15787385.83,5.1,61,1637,6637,Mary Mitchell,Diane Jacobs
2325,Meet owner rule,Comedy,2014,26-08-2014,USA,1279328.05,1709688.03,3831212.76,443960.5,978739.33,7.0,78,190,216,Andrew Chambers,Teresa Davis
2326,Response important race,Horror,1967,04-01-1967,USA,263015.98,536631.66,1011577.32,114826.35,305266.53,4.4,32,2279,113,Lori Callahan,Brian Mccormick
2327,Hour investment,Action,1962,08-12-1962,USA,9532486.94,12773474.58,20370782.33,2668650.24,7305761.47,5.0,62,12479,50,Tara Underwood,Ashley Pena
2328,Nearly do continue,Action,1961,03-10-1961,USA,4637336.44,11252832.94,22838573.91,2035590.22,6543273.04,8.6,79,2264,38359,Michael Ross,Joy Huber
2329,Her realize rich,Romance,2013,29-01-2013,USA,300000000.0,347985123.6,703485096.2,88754700.72,174297519.9,7.6,86,2268,289,Renee Campbell,Isaiah French
2330,Moment arm,Comedy,1962,17-04-1962,USA,3975371.13,7639361.13,16293337.55,1524972.65,4472864.55,5.9,49,1359,50,Gary Simmons,Mark Jones
2331,With maybe,Sci-Fi,2006,29-07-2006,USA,11859400.82,16632332.94,36314223.02,4648618.13,9966958.39,5.4,44,17757,50,Mr. Jorge Anderson,Samuel Wyatt
2332,Cover gas,Drama,2008,19-05-2008,India,1008685.17,1821952.15,2827876.48,463929.78,874210.3,6.0,57,6166,216,Michelle Collins,Jennifer Cook
2333,Any teacher,Action,2004,25-11-2004,Canada,3637595.46,6542212.15,11408013.82,1027818.07,2664429.68,7.1,68,794,596,Daniel Rivera,Nicholas Richards
2334,Think game my,Thriller,1967,11-02-1967,India,850911.32,825429.64,1569405.16,178849.7,375578.43,7.2,69,7345,533,Kevin Green,Terry Martinez
2335,Family major human without,Action,1965,23-10-1965,USA,2584283.5,2100867.85,4319786.93,262185.8,1015438.3,6.4,75,10663,213,Carolyn Schwartz,Cassandra Dennis
2336,Official prove,Thriller,2000,22-04-2000,USA,110702.33,88332.43,146089.65,22952.61,43150.48,4.9,32,1055,540,Jennifer Miller,Derek Jones
2337,Position thought,Comedy,1976,08-04-1976,USA,603754.18,1132532.78,2003596.02,122567.84,638179.57,5.6,61,15487,50,Nathan Bolton,Olivia Allen
2338,Cause beat until,Drama,2006,18-09-2006,USA,8331453.85,7826836.33,16038316.99,1223440.13,3563134.54,7.2,51,1470,2071,William Walker,Mark Morris
2339,Read,Drama,2022,05-07-2022,Australia,14429033.12,23420180.39,48121126.46,4134351.62,11164913.63,2.0,0,257626,101,Karen Barrett,Daniel Thompson
2340,Close five bar fish,Comedy,1964,12-12-1964,USA,30810534.08,82554012.59,149820798.1,17199059.27,38470679.73,6.0,53,1134,98,Kim Watkins,Lauren Richards
2341,Any again range,Action,2017,23-02-2017,France,4756863.25,4162381.57,7070934.9,617919.92,2009283.8,7.6,72,1061,615,Caitlin Brewer,Rachel Howard
2342,Why continue,Horror,2013,16-12-2013,USA,414085.65,361184.44,755886.0,61980.14,208908.44,7.4,64,5409,397,William Walker,Sarah Nelson
2343,Standard measure,Comedy,1987,07-06-1987,Canada,129221217.8,217693541.3,512510985.3,39942400.89,105837285.1,5.9,64,4671,242,Shannon Ross,Kimberly Wolf
2344,Animal design part morning,Horror,2006,26-03-2006,USA,5018659.68,7325863.94,10510711.25,976761.12,3546250.79,5.7,64,7509,50,Tara Underwood,Gina Fernandez
2345,Care four away over,Action,2007,24-04-2007,USA,171000.36,116505.32,248504.71,19768.18,61029.88,4.9,41,487,50,John Jones,Lorraine White DDS
2346,Run week,Thriller,2024,29-11-2024,USA,22571637.31,44042037.86,94821450.73,7896208.76,24491842.43,5.9,69,35689,143,Raymond Morris,Derek Jones
2347,Throughout executive state,Thriller,2017,02-05-2017,UK,5872524.49,2997897.45,6191753.95,394008.2,1205265.96,4.5,47,5244,2448,Faith Franklin,Mckenzie Perez
2348,Blood hold born,Romance,2023,01-01-2023,Canada,33614878.23,94561512.91,165961959.5,10180770.64,37965876.91,5.3,81,1736,95,Jeremy Davis,Sandra Brown
2349,Go you buy fall,Comedy,2003,10-09-2003,USA,1786835.86,1833185.24,3833845.31,418414.9,820304.35,6.9,86,657,180,Mr. Drew Clark Jr.,Seth Johnson
2350,Benefit article,Horror,2005,19-03-2005,USA,195399.84,140898.43,222426.4,35549.26,78972.83,6.7,82,1118,224,Seth Whitehead,William Ramirez
2351,New of,Drama,1962,04-09-1962,India,626916.09,1691114.29,2610099.07,332878.4,795414.75,5.9,57,9594,988,Nathan Bolton,Ronald Herrera
2352,Throw,Horror,2007,16-06-2007,USA,1153650.13,2018100.47,4375817.61,505797.87,1181338.0,8.5,88,7976,397,Renee Campbell,Monique Harris
2353,Real always,Drama,2017,11-07-2017,India,27169248.67,61133882.82,108362038.6,11383432.9,28801745.12,5.2,60,3754,750,Benjamin Ray,Melissa Morales
2354,Agency force,Thriller,2014,14-04-2014,USA,39054116.16,91461387.07,165490547.9,11539178.42,39557930.56,6.4,75,261,295,Matthew Beck,Alan Mullins
2355,Science major,Action,2000,25-12-2000,USA,19827068.87,41902755.39,73420471.91,5510328.93,24791689.59,7.9,70,3836,52,Kayla Young,Christopher Hurst
2356,Report range,Romance,1971,17-09-1971,USA,8775382.3,21314267.93,43130716.59,5244821.0,9199100.48,8.7,74,1129,50,Emily Miller,Christopher Green
2357,Area project,Horror,2000,08-03-2000,USA,4572438.3,3413236.61,5691650.24,998953.46,1573230.87,7.5,61,9095,730,Sara Higgins,Adam Bowman
2358,Great especially,Thriller,1997,31-12-1997,Germany,3768608.32,5789752.03,12750380.17,702928.93,2394688.1,4.9,54,847,328,David Lee,Mrs. Stephanie Palmer
2359,Let next certainly,Horror,1955,15-07-1955,Canada,48792054.15,47013324.74,89155367.92,6070672.02,27248511.98,7.3,95,2154,10688,Eric Ramirez,Jason Mercer
2360,Market short,Drama,2004,10-10-2004,USA,875865.36,360642.14,875865.36,89559.11,195819.75,3.3,32,11622,115,Jennifer Atkinson,Kimberly Ray
2361,Sign spend,Comedy,1972,26-01-1972,USA,100000.0,72022.52,116123.04,12416.04,41840.01,5.6,74,8403,1516,Renee Campbell,Michael Ramirez
2362,Others,Horror,1980,19-05-1980,USA,4763297.09,7080446.53,11984637.43,948462.56,2851229.75,4.4,60,18572,107,Donna Wagner,Joy Huber
2363,Call,Romance,2011,24-11-2011,Australia,45852930.12,99806520.05,200063393.3,26624632.07,54261860.91,5.0,44,17015,145,Bethany Rodriguez,David Perez
2364,Purpose manager,Comedy,1986,02-08-1986,UK,472389.61,1018631.42,2284616.22,202744.75,603868.31,8.7,74,682,2949,Kimberly Barker,Jeffrey Holloway
2365,Glass than feeling,Documentary,1996,18-11-1996,USA,3867259.82,11500703.78,18350555.11,1868381.63,6440204.2,7.7,83,73060,255,Tyler Sanchez,Leonard Contreras
2366,Five at street,Drama,1973,26-11-1973,USA,2052065.89,3488021.07,5127783.02,857373.14,1676151.17,5.2,47,2974,1325,Jeremy Ray,Kristy Faulkner
2367,Program ago,Comedy,2017,12-03-2017,Canada,10206506.76,7618921.56,11234935.16,1115728.02,3830303.63,6.1,84,438,50,Hannah Camacho,Duane Fletcher DDS
2368,Force available,Romance,1985,11-06-1985,USA,8336919.49,5459054.93,8336919.49,1536674.99,2786224.18,7.7,64,2610,2072,John Jones,Kimberly Wolf
2369,Into responsibility process,Drama,2016,19-08-2016,USA,428516.63,350292.64,630298.53,91474.48,180568.77,6.8,59,7368,331,Bethany Rodriguez,Thomas Hill
2370,Institution,Drama,1975,03-12-1975,USA,1263837.77,1695413.06,3667663.3,458229.97,772946.58,7.5,86,2247,205,Jerry Owens,Andrew Lyons
2371,Official close,Romance,2017,12-01-2017,France,3505191.53,2309276.46,5553954.73,426464.17,950892.47,6.3,62,417,6439,Susan Farley,Kristy Faulkner
2372,Suggest fund,Thriller,1979,07-09-1979,USA,905558.6,1568884.05,2759191.07,368678.33,927757.6,7.6,71,5157,5166,Albert Phillips,Brenda Guerrero
2373,Somebody word,Thriller,1994,09-12-1994,USA,476033.7,852054.1,1417320.26,112641.58,479711.54,7.2,57,4104,121,Terry Lawrence,Kathryn Hunt
2374,Drop clear just,Action,2007,29-07-2007,USA,45313595.58,111331772.0,201670881.4,24746492.7,63570623.14,6.7,65,353,419,Brenda Smith,Nicole Dawson
2375,Boy total song,Comedy,2014,02-10-2014,USA,452318.77,917055.47,1601871.24,140681.03,378975.45,9.6,95,2661,749,Hannah Camacho,Joshua Walker
2376,Continue knowledge house,Comedy,2018,30-05-2018,USA,20894806.14,64858869.61,100003959.5,6845354.02,30831056.07,6.9,62,3351,137,Brian Robinson,George Green
2377,Start win,Horror,2013,01-04-2013,USA,458830.58,214994.32,535647.07,55294.73,119975.96,5.7,46,535,50,Samantha Campbell,Lisa Castro
2378,Future carry,Thriller,1978,14-07-1978,USA,24288234.57,50095226.37,91216344.96,12822223.95,20133979.39,7.2,56,1701,117,Joshua Morales,Robert Reynolds
2379,Become population moment,Drama,2020,13-02-2020,UK,5909437.37,13881758.59,22108968.16,3075656.2,6790767.01,7.9,90,645,638,Sophia Gomez,Brandi Moon
2380,Send,Drama,1981,12-09-1981,USA,3588622.02,6899992.1,12918951.39,1805693.33,3762414.42,7.1,81,12231,156,Tyler Sanchez,Seth Johnson
2381,Value recent whatever,Drama,1965,03-04-1965,USA,3310064.02,3200143.08,4630551.91,646899.74,1680395.16,2.4,27,105,224,Kevin Green,David Perez
2382,Here smile mouth two,Action,1982,28-09-1982,USA,6199570.72,19711308.01,30171278.43,3203077.9,10268562.87,6.5,49,2200,203,Susan Farley,Julie Hoffman
2383,Middle can call,Comedy,1991,08-01-1991,UK,2180051.28,1777446.27,3501716.26,283116.81,718327.72,7.0,71,3711,3689,Kristina Moore,Jeffrey Smith
2384,Book different,Action,2012,25-04-2012,USA,11189878.4,26258391.06,37959209.01,5332892.34,12930241.89,6.1,50,69825,137,Tyler Sanchez,Melissa Cunningham
2385,Benefit democratic issue,Documentary,2002,28-09-2002,USA,128445.85,188817.74,349115.81,24873.27,94825.79,7.9,83,16197,2306,Kristina Moore,Samuel Bond MD
2386,Thus to run,Comedy,1952,12-10-1952,Canada,10030633.23,17861818.24,34003593.46,3982183.95,10152597.3,9.1,100,1860,486,Gary Simmons,Christopher Hanson
2387,Girl every,Romance,1997,25-12-1997,USA,3611992.14,9014429.79,15200723.13,1494917.64,3852652.05,6.3,47,2255,1410,Shannon Ross,Ariel Mills
2388,Politics save another,Drama,1987,19-09-1987,France,304023.47,553868.2,970059.18,56479.13,237491.04,2.1,17,5947,251,Alyssa Adams,Isaiah French
2389,Play,Horror,1989,10-04-1989,India,1455491.43,1901244.19,4135058.1,554309.49,1114390.73,5.5,52,14405,1404,Donna Hall,Kathryn Stevenson
2390,Foreign night staff,Sci-Fi,1968,21-05-1968,USA,2497363.87,5266372.94,12161419.16,1452078.82,2820657.05,7.0,57,12419,505,Claudia Smith,Jennifer Moore
2391,Soldier body,Thriller,1959,31-12-1959,USA,131422.73,85166.74,185740.29,21221.56,45670.7,6.8,55,7298,338,James Cross,Alan Mullins
2392,Movement value,Documentary,1975,25-08-1975,USA,141773135.5,164540046.1,391625214.7,26597950.84,77046035.68,7.8,78,340,67,Tracy Tucker,Christopher Hurst
2393,Decision others,Comedy,2013,07-12-2013,USA,4211537.58,13126972.46,19010542.73,2182627.5,5625785.91,4.6,49,852,595,Melissa Cohen,Corey Johnson
2394,Remember defense hair,Comedy,2017,19-09-2017,USA,2250150.76,4199161.57,6816927.97,643736.4,1715044.06,4.9,33,1272,112,Anthony Henry,Brian Rodriguez
2395,Air wrong,Horror,2002,07-12-2002,Germany,14540886.68,7780481.21,14540886.68,1858072.75,3344910.91,5.5,63,4976,1265,Brian Robinson,Tracy Klein
2396,Thousand baby,Drama,2001,31-12-2001,USA,788728.52,852721.33,1477138.82,126443.54,413075.3,3.8,24,9828,978,Renee Campbell,Miss Jennifer Parsons
2397,Back religious,Action,2002,17-07-2002,UK,3400372.2,2835897.26,4418699.32,305025.54,1325074.58,6.1,49,432,228,Elizabeth Lane,Douglas Bullock
2398,Prepare citizen,Thriller,2002,16-05-2002,USA,4666005.92,10967335.17,16347355.16,2474782.44,5542633.2,5.0,48,5561,52,Joshua Morales,Ariel Mills
2399,You avoid,Drama,1965,20-08-1965,USA,6768373.33,5583011.86,8214676.82,1464912.78,3277593.22,8.7,86,768,1310,Jennifer Willis,Kathryn Hunt
2400,American own,Comedy,1969,26-07-1969,USA,6280833.16,20265176.91,29825975.09,4135076.07,11507381.16,6.6,65,5393,356,Jennifer Willis,Christina Buchanan
2401,Sea save start,Sci-Fi,2024,26-09-2024,Australia,14387206.95,35232218.1,68913309.31,4820465.89,15327252.93,6.3,54,666,54,Alyssa Adams,Jessica Scott
2402,Necessary much,Comedy,1994,23-12-1994,Canada,2937185.64,5333024.84,7686454.32,610462.92,2273063.07,7.1,75,1442,184,Samantha Campbell,Jennifer Cook
2403,Because thought fill,Horror,2007,14-06-2007,USA,7797318.55,17823372.04,31515952.76,2670953.91,10266388.03,5.7,60,648,106,Patricia Munoz,Patricia Keller
2404,Dog fine place,Sci-Fi,2024,21-05-2024,USA,1195159.29,1794912.13,3306260.67,182290.08,757865.28,5.7,68,1167,1982,Terry Lawrence,Seth Johnson
2405,Event defense,Sci-Fi,2001,13-04-2001,China,968774.47,1436398.89,2069571.38,266560.61,715108.76,9.9,86,778,50,Michael Manning,Brenda Guerrero
2406,Group of,Comedy,1990,07-04-1990,India,5303438.39,7277419.08,15205478.57,1162835.26,3097800.52,7.4,76,11494,1602,Sara Higgins,Nicholas Williamson
2407,Quite medical,Comedy,1982,23-10-1982,USA,4878455.23,6979063.25,11182201.2,702080.66,3242950.47,4.3,47,11507,3050,Bethany Rodriguez,Sarah Ross
2408,Sort change,Drama,2008,24-08-2008,USA,13720247.5,6176770.12,13720247.5,1384348.99,2774144.98,6.2,66,6711,517,Francisco Ford,Samantha Vargas
2409,Character common society,Documentary,1998,22-01-1998,USA,336902.79,213607.53,336902.79,34996.09,95046.7,4.2,35,2784,39253,Joseph Willis,Brenda Guerrero
2410,Guy above,Drama,1959,24-04-1959,USA,5814848.31,2408372.53,5814848.31,419178.85,1320608.81,6.0,67,3966,923,Patricia Munoz,David Perez
2411,Return past per,Drama,1955,14-04-1955,USA,19487542.22,24173269.59,38938751.93,4414057.7,13724976.75,7.4,77,2167,54,Carolyn Schwartz,Brittany James
2412,Address south through,Documentary,2011,23-12-2011,Canada,4733967.19,12440018.01,23179913.69,3396028.74,5703581.26,5.9,65,5179,1092,Diana Davis,Jacqueline Cooper
2413,Number tree,Romance,2006,12-06-2006,USA,7995855.92,15165562.06,37285055.62,3528791.2,6490735.15,7.1,67,4571,465,Adriana Campbell,Samuel Bond MD
2414,Their offer,Thriller,2003,27-07-2003,USA,306995.0,670829.27,1090265.4,156172.45,357358.19,9.0,87,203556,495,Charles Lopez,Kristin Cook
2415,Site,Drama,2005,24-07-2005,USA,9456814.79,9164676.07,16833898.13,1512632.65,5443765.73,8.9,78,678,56,Courtney Reynolds,John Barker
2416,Art art from,Thriller,2008,16-10-2008,USA,20059021.53,30360237.12,48553375.22,8056728.29,13228886.98,7.6,72,1250,50,Tracy Tucker,Marc Vasquez
2417,Clearly father,Drama,2021,26-07-2021,Australia,100000.0,169283.52,383044.86,18671.59,96238.43,7.5,65,1688,351,Stephanie Hayes,Mark Crosby
2418,Him head,Action,1983,08-08-1983,USA,20278881.94,17580231.61,28925463.12,4656184.72,7468874.26,6.4,44,17785,1803,James Miller,David Lopez
2419,Certain else return,Drama,1992,02-12-1992,South Korea,1471281.32,1612400.3,2500131.98,435466.65,779367.86,7.2,77,1888,50,Donna Hall,Lauren Horton
2420,Perform attorney direction,Horror,1967,25-03-1967,USA,238232624.0,282130867.6,466883460.2,83864665.73,145717061.4,5.9,45,810,198,Hannah Camacho,Kelly Horn
2421,Bed right,Drama,2019,03-09-2019,Australia,4385292.2,3678066.23,6886393.33,974347.45,2127801.21,6.3,73,3576,1129,Terry Lawrence,Elizabeth Holmes
2422,Speech ok yet,Action,2024,07-07-2024,USA,283507.8,211447.55,358220.37,63034.65,108843.2,4.8,46,4809,205,Benjamin Ray,Michelle Anderson
2423,Ok between,Comedy,2004,08-07-2004,USA,1682228.37,1521658.71,3731832.24,335492.98,773950.78,4.9,41,748,689,Diane Skinner,Ariel Mills
2424,Off protect,Sci-Fi,2007,01-05-2007,USA,2364284.5,1855388.11,4282209.62,526805.11,877505.03,5.5,71,100,1478,Emily Miller,Christopher Hurst
2425,Positive rate,Comedy,1978,19-07-1978,Australia,32907576.15,104489277.5,164181159.5,17665265.82,42353426.66,8.5,88,25703,460,Barbara Torres,Melissa Mcgee
2426,Society finally,Documentary,2006,15-03-2006,UK,12873797.72,17536538.44,28291744.2,2204728.59,7333785.1,8.6,64,321,1216,Alyssa Adams,Larry Bishop
2427,True three suggest,Action,2014,09-09-2014,USA,553179.64,530647.34,944423.69,134121.55,238653.85,6.6,63,5547,192,Kristina Moore,James Nichols
2428,Activity hotel not,Sci-Fi,2010,14-06-2010,USA,25015345.48,20683172.38,41184243.41,6151896.66,12153250.16,6.2,56,586,112,Claudia Smith,Michael Martinez
2429,Figure woman break,Romance,1976,18-08-1976,USA,6318721.88,4251193.84,6318721.88,1222280.74,2417300.74,6.5,44,8699,629,Sara Higgins,Pamela Frey
2430,Our smile establish,Horror,1983,23-06-1983,USA,20438504.84,35159011.09,58128159.61,3828270.12,16322538.18,6.0,68,41962,1173,Emily Miller,Rodney Smith
2431,Us several join exactly,Comedy,2024,31-05-2024,Canada,729078.76,1481463.56,2888061.02,239518.46,647701.7,6.2,73,351,105,Donna Wagner,John Strickland
2432,Throw simply lay,Drama,1999,28-11-1999,USA,5172019.35,8220717.9,18728006.03,1074033.36,4480780.52,8.2,90,55998,411,Melissa Cohen,Scott Anderson
2433,Action,Horror,1954,22-01-1954,USA,630545.65,1516271.04,2745112.33,358304.52,607925.08,4.3,48,5217,2186,Joshua Morales,Olivia Ortiz
2434,Series lawyer,Romance,2003,17-07-2003,USA,410588.37,300109.33,569655.41,49840.41,151789.35,8.0,81,4666,1301,Tracy Tucker,Chelsea Armstrong
2435,Feeling woman,Horror,2010,30-05-2010,USA,18502078.47,16440221.14,28312962.69,4228197.44,7988635.53,6.0,70,445,81,Donna Hall,Tricia Thomas
2436,Raise debate,Documentary,1983,13-04-1983,USA,10297330.44,6599193.67,10297330.44,1829038.24,3215430.0,6.8,68,3384,2066,Melissa Hernandez,Monica Nelson MD
2437,Pattern table,Comedy,1987,01-01-1987,USA,7840755.8,3259583.82,7840755.8,675210.58,1553078.42,7.0,72,445,50,Sonya Clark,Ian Williams
2438,Often,Drama,1958,24-03-1958,USA,490319.37,1029734.31,1492040.55,168269.84,470221.55,8.2,80,7450,514,Charles Lopez,Lisa Castro
2439,Model western,Drama,2005,05-08-2005,Canada,19830198.83,25808581.72,42054379.93,7440515.9,13626676.55,7.0,81,951,50,Tara Underwood,Deanna Johnson
2440,Deep society suddenly,Comedy,2024,05-12-2024,Germany,20938573.51,15420844.55,36006068.24,3804792.55,6527378.42,5.2,55,3119,69,Alyssa Adams,James Erickson
2441,Town behavior piece,Action,2006,27-01-2006,USA,2601265.95,5367686.34,11474294.22,1194489.37,3133204.03,7.3,64,2314,2014,Vanessa Fox,Shawn Washington
2442,We rate,Action,2023,02-10-2023,Japan,667241.95,1100317.45,1803992.33,192400.41,620885.94,6.7,75,10419,490,Ryan Tate,Elizabeth Holmes
2443,Compare break meeting,Comedy,1955,24-01-1955,Canada,83771810.05,42058058.48,83771810.05,6501865.86,19282018.93,9.0,100,2335,182,Anthony Henry,William Ramirez
2444,Soldier,Comedy,1972,01-12-1972,USA,2475002.98,3909578.66,8541785.49,621625.47,1594043.79,10.0,96,1787,50,Christian Hernandez,Logan Martin
2445,Sort prove local,Comedy,2018,13-11-2018,USA,5330305.74,10042558.72,21849624.65,1877639.39,5271656.0,10.0,100,15392,183,Paul Weiss,Brian Gentry
2446,Boy north,Drama,2016,22-05-2016,USA,24515361.53,40824009.38,72768737.0,5574347.98,21905430.18,7.1,53,3230,512,Chad Koch,Shawna Bryant
2447,Country table coach,Action,1994,26-04-1994,USA,131747.02,83704.93,131747.02,19184.05,35918.65,4.5,54,17983,1617,Kimberly Barker,Victoria Phillips
2448,Employee end,Drama,1971,25-10-1971,Japan,2032415.76,3869791.66,7670782.04,724386.15,1940486.32,6.7,56,703,528,Roberto Underwood,Melissa Lopez
2449,Sit never level,Documentary,2021,12-07-2021,USA,21368955.74,51152455.47,77964900.81,5318149.22,21025807.25,6.9,53,2036,66,Brenda Smith,Dalton Johnson
2450,Professional project itself,Comedy,1984,15-08-1984,USA,254467.4,463843.85,784189.88,50503.78,245459.36,6.0,59,8534,1965,Alyssa Adams,Dr. Edward Smith
2451,Become reveal story finally,Drama,2004,25-04-2004,USA,1160262.4,1619047.8,3345319.48,367858.77,937320.71,7.0,55,11328,1222,Jennifer Miller,Sharon Rodriguez
2452,Education professor four,Horror,2020,09-05-2020,South Korea,2889320.08,4301555.69,8609350.38,628527.9,2049734.8,6.7,55,838,50,Sean Howard,Joshua Willis
2453,But two,Thriller,2004,09-08-2004,USA,90537049.17,86651789.75,136967645.8,25047752.77,50737029.63,7.0,68,7441,120,Robin Hooper,David Martin
2454,Someone anyone moment,Comedy,2017,09-11-2017,USA,17226334.19,26851650.34,39736014.78,5606629.62,14954601.75,6.7,59,2417,844,David Lee,Mr. Michael Snyder
2455,So concern feeling rich,Thriller,2001,21-12-2001,China,2771421.66,8275945.56,12447849.65,2131411.83,3335645.11,6.6,62,276,6665,Mr. Jorge Anderson,Amanda Jenkins
2456,Blood often,Romance,2009,15-02-2009,USA,3246252.51,5364787.57,8799870.4,1095953.28,2183724.33,9.7,96,313,97,Joseph Willis,Alan Mullins
2457,Concern citizen economy,Horror,2000,16-02-2000,USA,176752.27,247282.69,521612.99,70679.19,110056.31,2.8,13,493,264,Bryan Murray,Eric Obrien
2458,Real property,Comedy,1987,29-08-1987,USA,10678477.73,13079915.42,31645190.76,3688766.41,5519562.46,4.1,45,28749,50,Colleen Willis,Benjamin Mitchell
2459,She figure effect,Horror,2024,07-07-2024,USA,610106.04,1734103.72,2519925.79,335984.13,883001.63,5.8,47,19036,528,Joshua Baker,Mark Smith
2460,Option budget themselves professional,Horror,2014,21-09-2014,USA,1156435.52,3003353.36,4955792.45,366025.59,1508831.31,4.6,53,10799,271,Manuel Benton,Michael Ramirez
2461,Operation movement,Thriller,2017,20-09-2017,China,3119299.44,6904695.31,10947513.91,1210815.62,3829974.23,6.7,47,1684,1640,Charlotte Williams,Daryl Douglas
2462,Mrs step,Drama,1992,14-05-1992,USA,35806350.87,67330769.35,117697208.5,16245123.6,36380490.23,8.1,67,7574,94,Adriana Campbell,Alexandra Benitez
2463,Decade prepare,Comedy,1962,27-12-1962,USA,51309320.42,62503910.62,116093580.1,17598784.16,32172458.43,4.7,32,8255,83,Thomas Peterson,Gabriel Mathis
2464,Institution present contain sort,Thriller,1986,26-01-1986,USA,25537509.55,19079369.11,39729914.94,2348767.53,9554314.86,5.7,63,589,632,Abigail Robles,Daniel Thompson
2465,Say issue,Thriller,1974,12-08-1974,USA,17521962.56,19110544.61,46974603.68,3089393.8,10950338.11,5.9,53,3976,50,Paul Weiss,Mrs. Margaret Smith
2466,Race tax show letter,Drama,2005,10-11-2005,USA,917733.18,886820.32,2182469.56,166293.42,401791.21,6.7,66,149,10213,Paul Rogers,Tonya Campbell
2467,Program time,Action,1950,26-05-1950,USA,1793043.11,2486911.81,3963748.73,290146.26,1155273.99,7.6,68,2724,1018,Amber Anderson,Diane Jacobs
2468,Personal direction table you,Horror,2016,19-11-2016,USA,6899847.94,18641868.15,27433684.59,3786572.01,7854491.46,5.4,57,4070,50,Stephanie Hayes,Eric Perry
2469,My control make,Horror,2009,03-06-2009,USA,3435309.37,10769132.12,16070671.98,3064812.0,4403293.74,10.0,100,9389,334,Carolyn Schwartz,Karen Shaffer
2470,Number tree,Comedy,1971,05-06-1971,USA,11095387.67,5223905.25,11095387.67,1144799.94,2552390.61,7.4,67,108,7298,Chad Koch,Steven Green
2471,Activity information to,Thriller,1996,07-07-1996,USA,2157217.67,4957872.27,10740741.34,1109659.94,2241166.09,6.0,57,22624,452,Paul Rogers,Teresa Davis
2472,Five at street,Comedy,1967,02-10-1967,India,543709.03,1274694.78,2375240.86,223639.55,513966.22,9.8,100,892,221,Claudia Smith,Terry Martinez
2473,Once,Comedy,2018,05-08-2018,UK,2504617.41,2980329.74,7242622.78,307376.97,1608787.72,5.5,61,927,2533,Kelsey Ellis,Sandra Brown
2474,Off wish project,Comedy,1987,21-12-1987,UK,2363855.75,1282345.58,2953174.79,357292.53,653058.9,5.7,54,9796,1472,Joseph Willis,Nicholas Richards
2475,Difference degree,Thriller,1998,09-01-1998,USA,922268.23,621765.48,922268.23,178054.08,338423.92,4.2,62,84732,1474,Courtney Reynolds,Catherine Rogers
2476,Economy bag,Documentary,1964,16-06-1964,USA,7448777.5,24823841.38,36287302.47,3810729.78,13572783.91,7.7,78,221,1392,Brooke Morales,Lauren Richards
2477,Million station security,Thriller,1977,21-09-1977,USA,3981467.21,9581796.96,14313164.63,2067135.88,5263421.66,9.5,99,6984,2110,James Wright,Isaiah French
2478,Without rock,Horror,2024,16-09-2024,USA,68821279.82,43780820.58,97032888.66,12192942.5,20177804.1,7.1,63,8340,50,Paul Weiss,Brandon Davidson
2479,Professional place better,Action,1999,26-12-1999,USA,143199.38,344430.2,608422.06,96364.39,157522.66,5.6,55,3110,533,Dr. Michael Monroe,Mary Wolfe
2480,Morning Republican where,Drama,2006,20-07-2006,India,100000.0,173761.27,303061.72,35017.72,103800.82,6.0,59,289,1721,Jason Jones,Ronald Herrera
2481,Kid something generation,Romance,1986,04-07-1986,USA,10273706.78,6954890.85,17318503.83,1688987.0,2879425.87,7.0,66,1363,956,Seth Whitehead,John Ross
2482,Feeling,Documentary,2009,17-01-2009,USA,4132852.7,7861030.39,11476681.09,852745.69,3876659.97,6.5,65,1960,156,Faith Franklin,Catherine Rogers
2483,Total begin strategy,Thriller,1996,09-11-1996,USA,538175.64,326353.52,702392.66,40565.44,147573.75,7.4,73,1989,122,Michael Richards,Jacqueline Cooper
2484,Mr think full,Action,2017,30-09-2017,USA,12467741.86,28645973.4,52283288.58,7271704.85,17162236.94,6.9,63,17175,1100,Dr. Jonathan Long,Cassandra Dennis
2485,Offer,Action,2008,21-04-2008,South Korea,364594.28,191848.45,364594.28,24082.15,86329.3,6.0,58,1398,825,Lisa Atkins,Christopher Hurst
2486,Region list,Drama,2012,10-12-2012,USA,3530261.66,10134019.15,14616917.0,1265113.43,4818101.94,5.8,42,11770,268,Nathan Bolton,Chad Santiago
2487,If trip tax,Drama,2008,21-12-2008,USA,2028638.19,3757138.94,7876706.08,438307.65,2160051.41,8.8,91,821,203,Rachel Hayes,Jeffrey Smith
2488,Certain save,Comedy,1974,10-02-1974,USA,1596259.44,2825682.01,5671081.35,403566.19,1513698.73,5.5,55,691,150,Matthew Beck,Mckenzie Perez
2489,Woman tax,Romance,2018,23-08-2018,France,31871666.57,69974206.34,122981147.9,12572843.1,36690298.38,10.0,100,12419,304,Mr. Drew Clark Jr.,Karen Shaffer
2490,Cover determine,Comedy,1999,19-07-1999,USA,1008184.35,2505534.23,4687329.02,266526.46,1069310.84,7.8,65,5467,142,Nicholas Murphy,Meghan Mcintosh
2491,Good side second,Drama,2004,24-08-2004,USA,16760237.54,28947564.36,54376063.47,6090537.68,15987428.98,8.6,83,1692,4561,Colleen Willis,Kevin Fernandez
2492,Trip analysis,Action,1998,29-04-1998,USA,2023355.69,2514571.86,4182947.71,724215.52,1374801.09,7.0,65,33976,648,Crystal Harris,Corey Johnson
2493,Put perhaps song,Documentary,1966,25-04-1966,UK,931527.67,2311283.1,3449604.15,553499.45,943265.52,6.5,58,106,5032,Mr. Jorge Anderson,Marissa Pena
2494,View leave religious,Drama,1960,12-01-1960,USA,160936.81,133067.53,324130.41,27100.76,65986.69,8.0,77,4456,50,Jessica Rodriguez,Amber Willis
2495,Charge,Drama,2008,27-01-2008,USA,1936063.16,1997331.8,3228608.84,392514.87,958865.87,9.2,100,1158,856,Michael Richards,Jorge Thompson
2496,So least human,Drama,1983,17-04-1983,USA,1757260.57,1609186.42,2790723.75,429393.67,731589.56,4.9,47,2164,230,Janice Taylor,Christopher Benson
2497,Matter add owner,Documentary,2025,05-03-2025,USA,165587.95,210830.65,318876.04,25006.22,121471.26,7.3,71,35790,933,Benjamin Ray,Sharon Rodriguez
2498,Edge citizen,Drama,2010,28-05-2010,USA,2022801.52,5377998.2,8575416.52,548609.71,3127357.42,6.2,63,16509,422,Jessica Rodriguez,Christina Buchanan
2499,Executive stop material,Drama,1964,18-04-1964,USA,2294898.71,5274059.57,8237327.67,1378890.89,2997074.85,4.8,45,15821,8010,Philip Simmons,Jennifer Hall
2500,So bar situation,Horror,2014,15-02-2014,China,19781743.24,34835507.37,67777057.54,9436301.59,17018338.24,5.4,48,1018,699,Suzanne Gonzalez,Mary Wolfe
2501,Range agency garden,Sci-Fi,2020,25-12-2020,USA,485163.64,1482579.25,2405338.93,436561.86,718502.46,5.7,61,3557,2854,Karen Smith,Stephanie Ferrell
2502,Maybe this through,Comedy,1987,29-11-1987,USA,876765.85,2050299.82,3118322.18,473122.39,1080326.76,6.7,73,2113,88,John Jones,Jeffrey Smith
2503,Wish,Documentary,2014,22-08-2014,Australia,4200355.6,7223359.99,17519942.02,736839.4,3165623.07,6.9,66,20300,631,Michael Ross,Rodney Smith
2504,Myself really how,Action,2002,28-02-2002,USA,4544404.06,10222512.57,14803834.89,2908231.3,5760228.98,5.8,56,3483,421,Donna Wagner,Jeffrey Haley
2505,Training society bank,Action,2021,25-05-2021,USA,2935613.14,5908738.61,11417317.68,1510223.85,2528737.04,6.2,77,25718,5826,Diana Davis,Cindy Barnes
2506,Likely,Comedy,2020,09-03-2020,USA,2845984.89,1647044.34,3417683.11,192897.62,836416.31,6.9,78,6228,338,Bryan Murray,Samantha Vargas
2507,Form itself financial,Action,2010,10-07-2010,USA,1732801.96,2192636.06,4513043.1,561692.6,921408.69,6.2,64,5182,236,Robin Hooper,Christina Buchanan
2508,Before against design walk,Drama,2012,20-06-2012,USA,50429056.5,99617825.23,144341650.7,10979721.76,43977820.17,3.4,27,192,1786,Abigail Robles,Kevin Fernandez
2509,Born physical when,Comedy,2006,09-09-2006,USA,3047863.26,1933149.52,3047863.26,491560.9,913821.77,7.8,71,22252,3400,Brian Robinson,Andrew Walker PhD
2510,South just that,Action,2016,31-01-2016,France,1403124.51,774738.56,1403124.51,106356.15,367662.06,7.6,80,1448,6493,Mark Brooks,Kimberly Smith
2511,Available prepare,Action,1990,17-11-1990,USA,13124583.41,36123910.37,56851149.36,9783416.21,20418185.7,3.7,41,1074,533,Alyssa Adams,Thomas Hill
2512,Product pretty,Action,2011,11-11-2011,USA,32603841.16,75736181.72,127582626.0,21407243.31,31814007.35,6.2,57,2744,2400,Darlene Murphy,Christina Jones
2513,Person my,Drama,1982,24-06-1982,USA,13187655.58,8077166.33,15421783.03,2264861.68,3832296.33,7.5,90,1304,551,Donna Wagner,Joy Huber
2514,Suddenly poor her,Comedy,1982,06-01-1982,USA,22870311.21,13052757.06,22870311.21,1370651.27,7386707.99,9.2,90,5642,813,Stephanie Hayes,John Ross
2515,Role rise,Drama,1966,29-11-1966,USA,5874231.92,14505152.87,28792600.08,3167194.68,7065458.01,6.6,54,1802,18447,Rachel Kirby,Trevor Lee
2516,Authority drug follow,Drama,1992,27-09-1992,USA,5943373.93,4376868.71,9401816.17,970240.3,2519303.14,7.9,85,1852,60,Carolyn Schwartz,Tami Miranda
2517,Democratic edge brother front,Horror,2025,10-03-2025,USA,29625946.84,26612738.67,41334179.74,7424574.13,12273926.16,5.3,57,7257,1424,Claudia Smith,Krystal Cross
2518,Military road alone,Romance,2014,29-06-2014,USA,204489.18,556989.48,971455.65,80487.5,310498.34,6.8,65,467,3256,Samantha Campbell,Trevor Lee
2519,Could avoid hospital,Action,1965,02-03-1965,Australia,33109244.62,87428388.9,143313565.5,13800202.1,39678866.16,4.8,45,9472,50,Ryan Tate,Kimberly Ray
2520,Organization take,Horror,1984,15-05-1984,USA,724224.13,689600.28,1702473.68,203402.59,354992.39,8.2,79,2819,2275,Oscar Santos,Douglas Davis
2521,Then technology,Drama,2017,22-11-2017,USA,628981.37,1104165.63,2194492.67,153335.35,650994.59,6.3,48,932,279,William Banks,Rodney Smith
2522,Green strategy,Thriller,1996,11-05-1996,Japan,6366670.22,16776508.48,28346747.51,1712108.38,8640212.1,10.0,85,3116,156,Robert Webster,Shawn Washington
2523,Art ready special,Comedy,2011,16-01-2011,UK,31196096.76,32938856.06,66725048.3,7721328.37,16570446.82,8.3,77,18084,2257,Amanda Cantrell,Nicholas Richards
2524,Crime despite resource,Documentary,1985,19-02-1985,USA,7127740.28,4082905.99,7127740.28,995503.59,1774503.87,8.7,98,1178,198,Patricia Munoz,Dalton Johnson
2525,Girl onto personal,Action,1983,24-12-1983,USA,926761.79,2296697.63,4226213.76,409118.62,1148151.2,6.7,71,32443,3891,Courtney Reynolds,Kelly Horn
2526,Whatever suddenly,Romance,2012,11-10-2012,USA,818535.39,565041.77,1331591.13,58220.16,317321.54,5.0,61,1252,50,Adriana Campbell,Noah Harrison
2527,I respond movie,Action,1980,04-06-1980,USA,126707124.4,208930394.0,475525555.0,30751864.45,85169255.37,8.0,84,1510,437,Michael Richards,Cody Peters
2528,Second candidate education newspaper,Drama,1965,07-05-1965,USA,3297417.42,4254065.99,7890817.45,1047708.46,1719551.21,8.4,63,10254,212,Kelsey Ellis,Richard Mata
2529,Charge enough from reduce,Comedy,1977,19-11-1977,USA,2282554.08,2736897.22,4539817.68,494611.48,1290427.84,8.6,85,3427,1508,Barbara Torres,Jacqueline Cooper
2530,Head PM economic,Documentary,1992,08-10-1992,USA,19548592.92,8793361.18,21579317.84,1129368.34,4111921.59,3.7,46,534,50,Karen Barrett,Rachel Howard
2531,Group can security line,Action,1997,23-02-1997,USA,2455008.75,1333990.88,2455008.75,262869.38,672571.17,6.7,66,4888,354,Jessica Singh,Ian Williams
2532,Across build,Thriller,1999,13-10-1999,India,7098882.96,3688515.28,7098882.96,594298.28,1674656.33,6.6,57,218269,422,Jeffrey Myers MD,Brandon Davidson
2533,Near ball black,Romance,2011,13-03-2011,France,7159117.85,17073129.55,25402662.19,3172224.22,9377994.21,6.1,62,2430,131,Jennifer Henry,Sarah Ross
2534,Scene action,Romance,1996,29-01-1996,USA,10048065.68,19391719.68,40167215.67,2067767.41,9542662.49,8.2,74,27520,5525,Amanda Cantrell,Kristina Krause
2535,Nearly new task,Drama,1996,08-05-1996,USA,3292151.82,5044767.17,9366910.96,876266.22,2159726.91,6.9,70,2008,262,Francisco Ford,Seth Smith
2536,Car beyond than,Comedy,2022,25-06-2022,USA,2570867.39,3890448.18,9012528.39,1070104.99,2106126.67,4.0,27,315,394,Caitlin Brewer,Rebecca Mejia
2537,Left,Comedy,2002,05-09-2002,India,1500079.98,4725511.53,6873878.88,966307.32,2129433.3,7.1,75,932,755,Jerry Owens,Timothy George
2538,Explain inside success,Drama,2019,27-08-2019,USA,964048.9,1969821.05,2878480.61,553767.34,1128466.67,5.7,62,1029,233,David Hall,Anthony Rhodes
2539,Him rich,Romance,2010,02-11-2010,USA,15529411.24,6851117.73,15529411.24,900246.04,4021326.6,6.3,69,1659,130,Benjamin Hudson,Jeffrey Smith
2540,Foot today,Romance,1988,07-04-1988,USA,100000.0,151807.7,234407.75,30018.47,64610.5,6.4,78,5602,66,Karen Barrett,Stephanie Stokes
2541,Something want,Comedy,2011,28-05-2011,USA,15510708.36,35921738.7,55994769.91,4992848.21,15404170.28,6.1,71,25339,164,Caitlin Brewer,Monica Nelson MD
2542,Recognize laugh thing,Romance,1993,24-09-1993,USA,28239862.74,54722135.73,81680474.51,8013253.4,31935502.42,5.5,41,20814,1570,Mark Moody,Benjamin Walters
2543,Go,Horror,2017,12-03-2017,USA,8200515.86,12284794.0,26021462.43,3444974.0,7240609.51,7.2,64,31032,993,Dr. Michael Monroe,John James
2544,Forget for anything,Thriller,2019,17-09-2019,USA,935077.11,2255296.85,3670420.64,577488.01,1250973.44,4.9,33,2974,75,Crystal Harris,David Perez
2545,Note six though,Comedy,1996,14-06-1996,Canada,14630723.5,9681391.29,16063996.26,2782566.68,4092994.34,7.3,69,12246,50,Bethany Rodriguez,Michael Hughes
2546,Toward how main,Drama,2014,06-09-2014,USA,11762570.45,22244352.72,35966868.12,4577694.99,11073517.89,8.1,94,6872,50,Megan Sharp,John Jones
2547,Air company,Drama,1985,10-04-1985,UK,1156154.82,750595.34,1156154.82,167881.71,388310.03,8.7,90,2731,1840,Renee Campbell,Sandra Brown
2548,Hundred establish,Horror,1992,29-11-1992,China,172717.93,280459.02,699077.35,70992.41,165621.67,5.8,72,6372,271,Michael Manning,Benjamin Mitchell
2549,Ball election project smile,Horror,1958,13-01-1958,India,1237462.59,4082922.38,6096946.66,723842.29,1957672.43,5.5,71,2774,50,Karen Barrett,Jeffrey Sharp
2550,Like view,Drama,1983,06-08-1983,USA,1763086.71,4441381.13,8049039.63,950629.84,2131224.15,7.6,81,514,50,James Miller,Sharon Brady
2551,Program question popular,Drama,1994,18-08-1994,USA,6794873.37,4612344.72,6794873.37,484043.06,2642987.61,7.5,100,11059,674,Mrs. Hannah Campbell DDS,Benjamin Walters
2552,Early picture,Comedy,1991,21-11-1991,USA,658124.43,1243381.01,2262147.87,293779.92,741509.96,6.5,65,960,2099,Megan Sharp,Danny Kline
2553,Sign only such,Comedy,2022,23-08-2022,France,44463847.0,86384210.35,127228433.2,14356927.16,39180366.49,6.8,72,1381,768,Paul Weiss,Cameron Pineda
2554,Mrs sign,Drama,2020,30-11-2020,USA,394279.2,178447.18,413295.36,32309.97,104046.71,4.8,46,452,317,Adriana Campbell,Laura Wilson
2555,Free art team,Comedy,2001,04-08-2001,USA,3873832.31,4784111.69,8545547.82,645198.93,2160790.6,6.6,71,417,578,Francisco Ford,Monica Nelson MD
2556,Arrive firm,Drama,1999,25-05-1999,USA,6611950.34,17585330.03,28766040.69,4142897.47,9506191.38,4.9,35,8369,94,Nicholas Murphy,Sandra Brown
2557,At,Horror,2006,12-12-2006,USA,4921488.51,5613077.44,9984135.24,1604687.65,2315610.35,7.2,71,13727,346,Jennifer Atkinson,Brenda Guerrero
2558,Note dog,Comedy,2001,09-07-2001,Australia,3436144.82,8406869.67,12062581.1,1552938.75,4434169.56,5.8,49,25969,50,Elizabeth Lane,Andrew Walker PhD
2559,Eight plan able,Drama,2023,06-12-2023,USA,7389037.3,9874452.72,17157159.05,1307487.35,5484133.33,7.1,68,1399,11726,Dr. Michael Monroe,Larry Bishop
2560,Middle similar,Drama,1996,08-01-1996,USA,2959281.05,8390424.79,12848930.41,1523386.43,4954899.79,5.3,56,11279,100,Michael Richards,April Murphy
2561,Important call method,Comedy,1986,23-02-1986,USA,7600435.6,22586497.5,32520807.33,4766809.55,10771492.25,6.1,52,10111,1400,Kelsey Ellis,Shannon Hunt
2562,About finish much,Sci-Fi,1959,03-10-1959,USA,5359449.74,5443454.07,8866415.5,853394.36,3152024.87,8.0,84,3837,560,Troy Cochran,Veronica Mills
2563,North rest knowledge,Horror,1979,31-03-1979,USA,12981103.19,7977507.02,12981103.19,984297.55,3373658.9,8.3,81,1800,243,Mrs. Hannah Campbell DDS,Kimberly Ramirez
2564,Left claim,Drama,2018,27-06-2018,USA,68777322.74,208678583.6,340336931.4,29902663.74,97017759.56,8.2,82,5048,459,Mr. Jorge Anderson,Jimmy Miller
2565,Project,Comedy,1997,28-08-1997,Canada,6942864.0,4102657.13,8988281.4,925701.89,1803021.78,6.4,57,100,310,Karen Smith,Krystal Cross
2566,More analysis strategy,Documentary,1981,27-12-1981,USA,22081890.26,36362958.23,54639522.82,5349732.92,21310114.49,3.0,25,9019,50,Rachel Hayes,Cynthia Little
2567,Draw until happy possible,Comedy,1982,17-09-1982,USA,8700245.31,9485942.49,22649265.23,2259483.57,3911693.64,5.6,64,2076,350,Mark Brooks,Sierra Brooks
2568,Direction husband mission,Drama,2011,07-08-2011,USA,604806.53,1687086.91,2444568.35,207050.98,923648.83,4.3,44,8091,980,Adriana Campbell,David Hart
2569,Determine letter watch,Drama,1954,06-02-1954,USA,14278516.65,5828281.12,14278516.65,958125.86,3245577.55,7.6,85,2805,312,Raymond Morris,Stephanie Cervantes
2570,Cause trade,Drama,1959,07-10-1959,Canada,36066200.25,25921575.19,37738196.38,6215287.91,15077010.69,8.2,89,1202,896,Mr. Drew Clark Jr.,Amanda Lawson
2571,Hour program,Drama,2011,10-08-2011,Australia,7155235.74,4173679.23,7155235.74,1031611.22,2490619.16,7.1,61,5756,106,Rachel Kirby,Jonathan Lee
2572,Read,Thriller,1957,03-08-1957,USA,54944769.25,72088968.25,162911599.1,19082613.34,33331997.81,6.2,63,7070,88,Christian Hernandez,David Clark
2573,East maybe begin,Comedy,2019,03-02-2019,South Korea,6060184.43,9908419.55,15501550.22,2228915.9,4824031.49,9.3,80,227,50,Seth Whitehead,Jennifer Richards
2574,Conference figure think their,Horror,2025,26-07-2025,Japan,19246121.39,12750037.39,19246121.39,2465587.34,6843282.07,6.3,61,1823,1783,Raymond Morris,Mathew Castillo
2575,Everyone sound,Action,1969,26-01-1969,USA,6855550.56,16484090.66,27089709.57,2457927.23,8040149.72,6.5,68,12345,469,Nathan Bolton,Olivia Allen
2576,About hand,Horror,2008,01-05-2008,Canada,3978882.19,5896502.83,10435792.75,746046.08,2865973.47,10.0,78,5033,158,Tara Underwood,David Perez
2577,Skin wind,Thriller,1967,26-01-1967,Japan,1282546.95,2339891.47,5833400.32,564985.22,1052584.67,6.2,89,5534,50,Melissa Hernandez,Sandra Spears
2578,Lawyer,Documentary,2009,16-06-2009,USA,1180231.74,2449858.79,5219427.76,520118.71,1341052.58,7.1,61,490,50,Brenda Smith,Robert Reynolds
2579,Base bill throw,Drama,1995,11-03-1995,USA,1816687.07,1006140.22,2321495.89,287921.17,412183.71,8.1,79,296,50,David Lee,Carolyn Calhoun
2580,All,Drama,2014,04-11-2014,USA,5282161.94,6875150.82,12759275.64,1611381.8,3155552.53,6.0,47,4907,303,Nicholas Murphy,Anthony Rhodes
2581,Edge administration especially,Sci-Fi,1964,28-05-1964,Australia,7412891.74,4858914.76,9101570.54,685657.54,2678777.79,6.8,65,2034,164,Joseph Willis,Miranda Armstrong
2582,Environmental wide ground,Horror,2007,18-10-2007,Canada,1794086.91,5166337.09,8875625.16,1248653.77,2601160.03,6.5,80,3920,8471,Melissa Cohen,Christopher Green
2583,Son nation true,Thriller,2015,19-09-2015,USA,13315690.15,28313366.02,63985187.21,4037757.38,12519729.42,7.1,91,11044,171,Mr. Drew Clark Jr.,Carla Dougherty
2584,Film beyond,Drama,1993,19-01-1993,USA,30629794.7,54935511.56,92630584.88,13383263.9,27896310.64,8.3,72,2657,108,Megan Sharp,Rodney Smith
2585,Adult bed laugh,Thriller,1997,03-10-1997,USA,4363169.86,1747684.83,4363169.86,327237.11,706765.96,3.4,42,12684,50,David Morris,Ashley Juarez
2586,Simply,Horror,1966,16-10-1966,USA,372833.38,597371.95,1074050.67,69617.13,334357.6,7.1,65,5903,937,Diane Skinner,Rodney Smith
2587,Answer mind include,Comedy,2006,27-08-2006,USA,13684683.57,37042380.75,56033377.47,9450769.88,19312040.3,7.1,80,2869,5171,Crystal Harris,Mark Crosby
2588,Course government candidate,Action,2013,25-08-2013,USA,43532200.24,109804539.4,185691570.5,28110573.47,61241591.39,8.2,90,100,1677,Jordan Orozco,Dennis Perry
2589,Power crime,Drama,2020,06-01-2020,China,1513117.32,3470013.68,5239024.66,369055.1,1447457.37,6.2,78,29670,238,Brenda Smith,Mark Morris
2590,Question alone cold,Drama,2010,15-11-2010,USA,7803944.92,16345302.29,27058007.53,2449704.99,8895623.91,3.9,48,725,768,Robert Hendricks,Stephen Cooper
2591,Describe attorney stock,Documentary,2008,03-12-2008,India,7271121.89,5120461.06,7838837.04,1161823.4,3036691.46,7.1,81,6603,140,Jacqueline Briggs,Christopher Rodgers
2592,Soldier body,Comedy,2004,24-07-2004,India,483007.8,1034105.37,1841372.83,267207.79,503330.5,5.1,51,1906,142,Sophia Gomez,Stephanie Cervantes
2593,Magazine standard,Drama,2023,03-04-2023,USA,268347.66,401920.12,800228.76,78777.65,203096.37,5.4,43,1004,108,Darrell Carlson,Jennifer Richards
2594,Whatever specific cup,Drama,2017,13-11-2017,USA,669096.7,760792.56,1202145.13,142003.55,316346.54,6.7,62,4498,50,Jessica Singh,David Clark
2595,Lawyer,Comedy,2009,05-07-2009,USA,6313125.85,8954918.82,14662089.75,1032778.81,4943664.18,6.5,51,928,656,Mrs. Hannah Campbell DDS,Nicholas Williamson
2596,Democrat senior think,Sci-Fi,2015,14-04-2015,USA,5746975.67,8198142.67,16471821.87,2087582.09,3788135.6,5.0,54,336,50,Jessica Rodriguez,Sydney Jordan
2597,Couple size certainly,Horror,1971,24-04-1971,USA,131803.16,329349.51,585022.27,78220.61,132105.7,4.1,32,2136,50,Brenda Smith,Tracy Klein
2598,Kitchen fish,Comedy,2023,24-10-2023,USA,6110129.29,12606238.42,30379570.74,3385362.48,5670288.6,5.9,47,478,737,Chad Peters MD,Rodney Smith
2599,Win,Drama,1990,15-04-1990,USA,531467.07,693353.95,1536915.05,187917.37,286438.83,6.1,55,322,130,Melissa Cohen,Mrs. Margaret Smith
2600,My experience plant result,Action,2025,15-03-2025,Australia,4386718.4,2144713.2,4386718.4,346377.7,974906.15,3.7,39,10635,533,Daniel Rivera,Kevin Fernandez
2601,Dog many,Action,2001,09-03-2001,USA,6001966.9,18223218.35,28413085.38,2970028.97,8435551.58,5.8,59,33823,949,Albert Phillips,Brandi Moon
2602,Everything pick region,Drama,2019,19-02-2019,France,100000.0,69639.39,100000.0,18499.49,37247.99,8.2,97,10683,63,Terry Lawrence,Stephanie Ferrell
2603,Daughter part rich,Drama,2005,08-07-2005,UK,39946532.59,74153259.48,176483645.0,14416789.22,38008717.41,7.6,74,4210,53,James Miller,Melissa Mcgee
2604,From push while,Horror,2016,15-10-2016,Germany,75594981.48,98610284.75,167512600.4,27258598.98,40100562.2,6.3,57,803,50,Jerry Owens,Jorge Thompson
2605,Benefit article,Horror,1974,03-07-1974,USA,1841418.94,1601988.68,2883453.02,267853.24,750188.79,5.0,28,7225,298,Janice Taylor,Jorge Thompson
2606,Agent fine,Drama,1997,06-02-1997,China,2449326.78,5241931.89,11305363.1,1026252.14,2216071.08,5.3,60,5807,583,Brooke Morales,William Crawford
2607,Bring see,Drama,1959,21-10-1959,USA,836830.26,739549.35,1635143.33,167659.05,423925.45,7.6,80,2300,334,Courtney Reynolds,Daniel Hughes
2608,Note argue,Drama,2012,12-05-2012,USA,248271.47,321959.55,803623.27,39494.05,139272.41,4.5,53,3204,174,Jerry Owens,Mrs. Stephanie Palmer
2609,Think game my,Drama,2000,12-02-2000,USA,2155259.93,4743218.53,7592601.5,928006.35,2581727.85,6.6,55,3466,1667,Hannah Camacho,Olivia Ortiz
2610,Pressure and,Action,2005,16-06-2005,USA,18028751.9,12161822.39,18028751.9,2233934.85,7186864.77,6.2,74,815,147,Charles Lopez,Paige Gonzalez
2611,Return natural lot,Thriller,1990,06-04-1990,USA,3378112.3,3835772.8,9445752.32,1080030.0,1686062.4,3.8,46,1329,77,Suzanne Gonzalez,Jennifer Richards
2612,Every indicate,Action,2017,21-12-2017,USA,1048482.39,1321115.12,2526458.47,195431.25,551919.3,7.2,72,684,98,Dr. Michael Monroe,Sandra Farmer
2613,For international,Comedy,2011,05-07-2011,USA,3398216.77,3714609.57,7211681.83,588023.92,1973321.47,4.7,57,10595,50,Andrew Chambers,Theresa Cooley
2614,Everyone throw,Romance,1978,29-03-1978,USA,38047043.93,81437577.73,133700861.9,22569057.16,45695910.62,7.8,73,76796,424,William Banks,Jennifer Cook
2615,Lose campaign open young,Horror,2009,01-02-2009,USA,5591649.86,11535834.23,18622703.04,2936914.84,5037136.22,6.0,72,1173,50,Charlotte Williams,Jennifer Hall
2616,Newspaper offer,Drama,2003,19-10-2003,Australia,717137.88,1948055.82,3357980.55,357684.24,807302.25,3.5,42,446,151,Abigail Robles,Lisa Castro
2617,Hour occur,Thriller,2023,26-11-2023,Japan,3843641.06,1990927.63,3900940.59,304743.31,1013957.02,7.1,89,1831,7979,Nicholas Murphy,William Washington
2618,Upon herself not,Romance,1969,31-08-1969,USA,100000.0,57351.29,107269.72,11098.88,31921.21,6.6,65,301,1791,Daniel Brown,John Jones
2619,Actually they training,Comedy,1988,01-01-1988,USA,2757708.38,5935411.13,9917255.5,1488141.92,3237698.12,9.7,88,6807,15610,Joshua Baker,Miss Jennifer Parsons
2620,A his area,Horror,2023,09-01-2023,Canada,12772485.21,18229852.29,43934640.03,3339733.84,10132059.69,6.8,88,4259,340,Charlotte Williams,Andrea Bowers
2621,Expert population,Thriller,2023,07-09-2023,Australia,7178923.22,17121759.72,34219924.78,2536433.83,10089411.43,6.0,69,2424,223,Karen Barrett,Jorge Thompson
2622,Back have hope,Horror,1986,17-02-1986,UK,4732683.12,12099006.98,22843904.97,2308454.15,6508412.04,7.0,63,1247,1954,Charles Lopez,Gina Fernandez
2623,Likely near talk,Comedy,1981,06-12-1981,USA,16009503.2,22598580.13,36888682.49,2909401.42,10143138.08,7.7,79,16880,252,Amber Anderson,Kathryn Stevenson
2624,Discuss hope house,Romance,2018,16-11-2018,USA,6339046.96,13527262.05,24683632.27,2582430.71,6843988.23,7.3,71,3211,259,Mr. Jorge Anderson,Jeffrey Haley
2625,Reflect ready fish,Drama,1966,20-10-1966,USA,2616138.4,6538792.48,11741173.69,1641351.03,3104849.99,6.6,66,283,1080,Mark Moody,Tracy Williams
2626,Boy total song,Action,1973,02-09-1973,USA,2051121.35,5245701.99,8591064.65,1531100.69,3048189.36,3.5,56,5963,61,Jessica Gonzalez,Chelsea Armstrong
2627,State paper decide,Comedy,2020,27-11-2020,USA,686078.09,434550.68,686078.09,113108.23,227353.96,7.2,70,33601,50,William Banks,Mrs. Margaret Smith
2628,West,Horror,2009,14-02-2009,USA,650559.21,1042589.37,1521447.71,311104.98,429393.02,5.6,57,3512,375,Mr. Drew Clark Jr.,Julie Hoffman
2629,Use individual,Horror,2015,28-09-2015,India,9804569.03,27883176.15,44009611.08,5895613.82,11944403.57,6.4,89,24116,11627,Tara Underwood,Monica Nelson MD
2630,Try consumer,Drama,2025,02-08-2025,USA,4632647.87,10379136.58,18105173.5,1357326.88,5937010.47,6.2,62,1447,231,David Morris,Samantha Sanders
2631,Color ahead,Documentary,2002,25-06-2002,USA,178568.43,99681.0,213453.94,21282.39,43979.34,2.5,22,4846,318,Sonya Clark,Eric Cooper
2632,Fine court fight,Drama,2025,17-08-2025,Australia,13761136.73,26700747.41,46835325.69,5604822.61,11940163.72,8.1,79,10081,72,Tracy Tucker,Dennis Perry
2633,Cover if allow,Horror,2011,20-11-2011,India,1618769.98,939693.27,2185547.31,114893.93,554138.33,8.4,78,4051,110,Samantha Campbell,Robert Reynolds
2634,Reflect,Drama,1968,21-11-1968,USA,78339528.36,114861405.3,214052863.6,20220364.08,63212264.74,7.6,77,96560,90,Jerry Owens,Tricia Thomas
2635,Bad part guess,Horror,1978,01-11-1978,USA,104252328.9,166208813.6,286573911.5,45146237.31,99089934.62,9.9,90,20719,131,Caitlin Brewer,Cindy Barnes
2636,Article decide ahead,Documentary,1993,20-12-1993,UK,3031297.45,4715100.09,7874977.2,1226315.04,2638030.01,5.1,45,6625,507,Gary Simmons,Larry Bishop
2637,Bar kind right,Drama,2019,28-04-2019,China,7117419.76,8658946.08,13986408.85,1975344.1,4612574.96,7.1,51,9281,1456,Troy Cochran,Nicole Morales
2638,Morning middle investment,Action,2008,01-04-2008,USA,411025.09,472832.46,795167.33,63361.28,202102.07,8.4,64,5060,143,Alyssa Adams,Daniel Callahan
2639,Official,Horror,1997,18-08-1997,China,222894.83,296853.47,574926.99,44419.47,177569.01,5.6,58,12749,399,Judy Walker,Donald Franco
2640,That college,Action,2017,30-03-2017,USA,15877345.37,15652541.55,25388690.11,4168124.41,8752727.11,5.5,57,100,73,Matthew Beck,William Washington
2641,Force hundred today,Romance,2020,20-01-2020,USA,247576.13,154256.62,255001.29,26343.47,70871.57,5.9,65,7571,50,Amanda Cantrell,William Prince
2642,Include too,Horror,1969,07-09-1969,USA,6980148.81,10506389.58,18431749.95,1295964.65,5626139.13,8.4,87,4526,50,Jason Jones,Casey Lloyd
2643,Top keep,Drama,2025,03-07-2025,USA,2435367.38,5732993.15,9573370.84,1526329.12,2501932.27,7.4,61,836,123,Chad Peters MD,Julie Hoffman
2644,Onto visit,Romance,2024,11-06-2024,India,3440932.28,5832033.71,8954698.23,754665.42,3192412.45,3.7,27,2976,1493,David Perez,Dennis Rogers
2645,Can money,Action,1979,09-06-1979,USA,16412711.84,20640730.96,50763768.31,5798926.13,8307799.34,7.7,66,11185,253,Lisa Atkins,Melissa Mcgee
2646,Every energy actually,Drama,2020,04-10-2020,USA,2914503.22,9175047.97,14429845.09,1478957.7,5425071.4,8.9,75,3099,1193,Francisco Ford,Michael Martinez
2647,Stage short,Drama,2019,06-07-2019,USA,300000000.0,368958489.0,539640121.2,83112067.63,194213982.7,6.6,75,3254,9697,Christian Hernandez,Derek Jones
2648,Couple throw,Drama,1985,07-10-1985,USA,284098.41,213642.65,494537.13,23622.58,103009.8,6.7,72,1062,716,Bryan Murray,Melissa Lopez
2649,Role entire system,Comedy,1992,31-01-1992,USA,271551.3,523181.82,783567.55,83717.83,306627.96,4.8,57,2909,122,William Carpenter,Amber Willis
2650,Laugh professor stop,Thriller,2024,22-01-2024,USA,25676546.85,20513383.4,36129914.87,2552215.02,11041086.74,5.7,49,1903,403,Megan Sharp,Stephanie Moore
2651,Message should already,Drama,2022,03-02-2022,USA,49668803.87,105868863.9,206657014.7,18519985.61,56194876.78,7.9,77,56057,380,Jessica Gonzalez,Amanda Rivas
2652,Including conference two,Documentary,1955,13-04-1955,USA,444903.3,774603.66,1684046.59,223157.42,312008.92,8.9,96,3397,189,Rachel Kirby,Brittany Kelly
2653,Send authority,Romance,2016,18-09-2016,USA,3090394.3,1410220.49,3324230.68,385546.92,574144.14,7.3,73,13629,73,Melissa Cohen,Amy Gomez
2654,Carry list thing,Action,2014,17-02-2014,USA,2175350.22,4362063.46,6582143.42,1122360.97,2418643.65,5.1,29,30740,520,Benjamin Hudson,William Prince
2655,Carry man,Sci-Fi,2020,01-02-2020,USA,7816889.83,14275419.93,21785781.14,1664113.53,7175179.22,5.8,54,3711,4689,David Lee,Jeffrey Holloway
2656,Bank Mrs seem,Drama,1971,13-04-1971,USA,34222490.54,65989888.07,104246907.6,6846501.29,30565803.61,7.3,50,9764,241,Barbara Torres,April Murphy
2657,Say final positive,Comedy,1962,21-04-1962,Canada,5458691.28,8782114.46,17874772.17,1257032.49,4944024.12,8.3,72,470,1191,Christian Hernandez,John James
2658,Require song,Romance,2015,05-06-2015,USA,2465695.88,5175053.92,11238141.94,769533.15,2738139.64,5.2,66,1698,565,Ryan Tate,Casey Collins
2659,Treat,Thriller,2025,27-08-2025,USA,3711755.61,10517328.63,15241096.03,2727789.15,4711576.43,9.0,69,1817,609,Jeffrey Myers MD,Douglas Davis
2660,Technology realize,Drama,1999,01-03-1999,USA,2174266.26,1235595.11,2949613.33,346718.2,554011.69,6.6,65,3318,602,Jennifer Willis,Mark Smith
2661,Remain all watch,Action,2012,02-06-2012,USA,2234348.12,4760659.88,7317788.6,869832.8,2187130.2,7.4,94,12495,50,Joseph Willis,John Sullivan
2662,Mention less never,Drama,2022,10-11-2022,USA,6727334.96,11798692.57,29479047.28,3501732.03,5539986.53,6.1,55,36723,352,Elizabeth Lane,Jennifer Moore
2663,Red hot majority,Sci-Fi,2021,27-09-2021,USA,4596776.99,12021614.58,19566681.74,2746268.61,6156229.31,8.4,65,3619,2846,Melanie Olson,David Perez
2664,Sign factor,Action,1994,20-08-1994,USA,1249617.91,2805247.52,5962170.37,285177.31,1276054.14,4.4,50,7660,105,Jessica Gonzalez,Kelly Horn
2665,Professional talk item,Romance,2012,05-06-2012,USA,3615744.21,5043509.05,10244649.99,1022791.68,2183073.38,7.3,68,884,336,Patricia Munoz,Tricia Thomas
2666,Card rate,Drama,1959,17-08-1959,USA,4534272.51,7156250.39,12080321.26,881867.34,2899116.23,8.4,90,48057,149,Joshua Baker,Sandra Brown
2667,Really would sing,Drama,2002,27-06-2002,UK,1254081.38,2043208.91,4434152.97,387546.81,1170694.52,5.9,34,16895,56,Kimberly Barker,Sherry Turner
2668,Consider network western,Drama,2014,14-01-2014,USA,68658726.22,160759363.2,281471166.2,20566864.15,95023476.66,6.7,69,3285,50,Kim Watkins,Pamela Lopez
2669,Science stage,Thriller,1974,01-05-1974,USA,9727592.77,32410493.17,47463040.48,3564220.8,15578152.72,7.5,63,1265,1186,Dr. Michael Monroe,Sierra Brooks
2670,Chair day everyone,Action,2007,22-11-2007,USA,2927729.2,9156154.79,13304138.84,2484960.1,5379473.5,6.9,66,10486,692,Karen Smith,Jonathan Lee
2671,Effect,Horror,2016,24-05-2016,USA,2969390.53,1712394.96,2969390.53,498787.57,738646.51,7.3,75,2145,56,Michael Richards,Christopher Rodgers
2672,Half strategy available,Drama,1971,22-09-1971,USA,2535640.31,1110542.34,2535640.31,331012.65,464840.42,6.3,67,2050,225,Janice Taylor,Alexander Haley
2673,Effect sport,Drama,1962,13-07-1962,USA,4215894.02,12261286.59,18869824.6,2452854.72,6963385.43,6.8,67,1233,487,Chad Peters MD,Ashley Pena
2674,Debate clear light do,Drama,2015,24-07-2015,USA,16563346.57,47728662.2,77480232.22,10617037.88,22549684.64,6.2,64,1841,95,Michael Richards,Robert Reynolds
2675,Time wrong,Thriller,1984,09-07-1984,India,3320591.41,1911994.5,3320591.41,357315.75,865776.83,4.6,61,685,2434,Dr. Jonathan Long,Adam Montes
2676,Day news last,Sci-Fi,2010,19-10-2010,USA,15853140.65,27291501.05,48587114.2,4813254.79,13562885.93,7.0,82,13167,1018,Darrell Carlson,Jennifer Hendricks
2677,Great probably,Action,1990,29-03-1990,USA,14566345.55,15708424.69,33621261.12,2130654.06,6849015.7,7.6,76,23288,1096,Joseph Willis,Brian Mccormick
2678,Conference hospital know almost,Drama,2014,26-02-2014,USA,5005019.4,3056708.62,5005019.4,784316.31,1685235.98,8.1,68,37534,10332,Ashley Medina,Melissa Mcgee
2679,Book area hard term,Romance,2023,21-09-2023,USA,1061563.65,2507985.81,4245008.85,506432.39,1093212.59,6.4,74,13381,220,Brian Robinson,Jorge Kennedy
2680,Piece computer away,Documentary,2006,31-01-2006,USA,2467209.0,1466859.47,2467209.0,416692.56,777848.09,7.1,64,10894,50,Chad Peters MD,Brian Gentry
2681,Paper individual question,Drama,1999,05-03-1999,USA,23255118.71,35943466.81,75634859.97,9624102.47,15353778.27,8.6,85,327,654,Renee Campbell,Robert Reynolds
2682,Offer clearly,Drama,2022,10-01-2022,Canada,29620475.2,70781191.75,126050036.5,13194621.08,32485339.53,4.9,62,331,50,Jacqueline Briggs,Anthony Cross
2683,Article region,Horror,2019,31-03-2019,USA,472714.23,829903.56,2033735.83,245920.33,366031.89,5.8,63,300,50,Patricia Munoz,Brenda Gomez
2684,Right action they,Sci-Fi,1972,16-02-1972,USA,624353.41,1274939.99,1950964.46,259669.65,511415.74,8.1,76,31076,2803,Michael Richards,Pamela Lopez
2685,Sort major them,Documentary,2010,03-01-2010,USA,32689747.24,86710487.67,160537787.9,21569140.12,40547482.81,6.4,68,9205,348,David Perez,Donald Franco
2686,None voice game some,Horror,1987,21-04-1987,USA,5312859.2,8539961.67,18431980.48,2374579.73,4857533.24,4.5,37,14803,52,Karen Robinson,Sharon Riley
2687,Artist recently interest on,Action,2007,22-12-2007,USA,10428922.91,5700090.4,11240504.88,1255736.23,2399706.84,6.0,38,18073,569,Seth Whitehead,Stephanie Cervantes
2688,Gun firm,Documentary,1969,25-10-1969,USA,645751.16,796806.97,1653152.25,88322.47,322093.78,7.7,63,2993,59,Manuel Benton,Lauren Richards
2689,Project figure,Sci-Fi,2025,23-09-2025,USA,6456964.89,3795597.06,6456964.89,787033.44,1908406.97,7.7,74,812,455,Karen Robinson,Kevin Fernandez
2690,Human reality,Action,1999,24-10-1999,USA,913723.28,1560209.4,3833009.39,317911.07,889624.07,6.2,63,584,267,Caitlin Brewer,Melissa Morales
2691,Her character,Drama,1963,06-08-1963,South Korea,8777772.21,9971639.45,17997554.75,2545841.54,4933109.55,4.5,40,5213,147,Charles Lopez,Alyssa Wolfe
2692,Sometimes doctor increase,Horror,2000,13-05-2000,USA,5160048.86,4148632.15,8407025.07,972401.64,1838784.33,3.8,31,4211,1679,Dr. Michael Monroe,Rachel Howard
2693,Property painting because,Sci-Fi,1978,07-07-1978,USA,825032.17,638396.46,1352042.73,175591.98,288734.79,8.5,60,5697,496,Tara Underwood,Jonathan Lee
2694,Boy tell discuss,Thriller,1981,12-01-1981,Australia,6290575.71,7633475.45,11251665.06,1246905.76,3143462.7,5.8,63,1370,50,Caitlin Brewer,John Strickland
2695,Challenge see,Sci-Fi,2025,27-05-2025,USA,11575206.07,5684266.94,13519678.6,1072704.53,2314936.35,7.8,64,28034,4060,Robert Webster,Richard Mata
2696,Race professional,Thriller,1998,08-01-1998,France,7351529.24,9041194.67,19672128.79,1714753.25,5297396.42,6.2,61,28124,674,Karen Barrett,William Crawford
2697,Discussion beautiful rock market,Action,1983,30-09-1983,USA,300000000.0,761646553.1,1161095642.0,123477552.0,311911491.8,8.3,85,436,2082,Anthony Henry,Andrea Bowers
2698,Respond art specific,Horror,2013,22-02-2013,USA,12924949.36,16639213.41,39815510.55,4164393.78,9561403.6,8.8,80,1010,1593,Brooke Morales,Alison Clark
2699,Glass medical,Drama,1981,26-06-1981,USA,5124753.25,5962531.89,10314964.86,1147379.96,3263209.98,6.1,69,541,141,Robert Hendricks,Nicholas Richards
2700,Call fire trouble,Comedy,2025,10-05-2025,USA,2267406.61,1319424.26,2267406.61,194497.76,544801.77,7.0,66,6390,10196,Albert Phillips,Samuel Bond MD
2701,Food prevent,Romance,2021,15-12-2021,USA,2672416.66,7506610.55,13031340.38,1912537.01,3332441.28,6.2,66,100,502,Michael Richards,Catherine Rogers
2702,Among religious night,Comedy,2003,08-01-2003,USA,7898787.06,23987234.47,35825222.58,6422747.16,12319005.89,5.4,37,2559,740,Vanessa Fox,Elizabeth Holmes
2703,Conference where college state,Romance,1971,28-03-1971,USA,552120.54,1410034.68,2106877.12,381449.55,604114.53,6.9,65,1166,1907,Jeffrey Myers MD,Olivia Allen
2704,Foot doctor under style,Thriller,1977,29-08-1977,USA,214618.5,241048.33,478049.4,66523.59,122318.0,8.0,78,624,1020,Albert Phillips,Melissa Melendez
2705,Return natural lot,Drama,1963,11-04-1963,USA,38294795.17,83766305.51,138082795.0,12696125.09,47188548.14,5.9,70,21107,760,Daniel Rivera,Tracy Klein
2706,Worry church never,Romance,2019,12-12-2019,USA,100000.0,45535.92,105432.69,5801.91,25854.91,5.4,51,5878,50,Bethany Rodriguez,Douglas Davis
2707,Night industry,Documentary,2016,20-02-2016,India,139992.87,117070.24,186441.77,22625.28,66518.27,6.9,72,4399,1018,Troy Cochran,Cynthia Little
2708,Walk floor,Documentary,2000,20-10-2000,USA,273568.1,509084.97,1010249.23,136193.47,259655.84,5.5,58,3788,1325,Philip Simmons,Kathy Marshall
2709,White practice,Action,2025,27-06-2025,USA,1014892.41,1372719.64,2132251.64,254516.17,694828.97,5.5,71,3251,50,Christian Hernandez,Brian Gentry
2710,Challenge important,Thriller,2020,08-01-2020,USA,1519326.42,2586753.41,4329393.91,639641.5,1239647.13,8.3,99,153,145,Karen Barrett,John Jones
2711,Lose draw,Drama,1971,22-01-1971,USA,833288.8,1593522.53,3915437.39,437027.81,938219.75,7.6,65,3465,41011,Kimberly Barker,Christopher Hurst
2712,Tv now one,Sci-Fi,2021,23-05-2021,USA,1731411.24,2091624.54,4328673.13,584484.94,933534.93,6.8,62,15573,528,Paul Weiss,Robin Dawson
2713,Agent fine,Comedy,1965,10-04-1965,USA,1413786.01,1923285.47,4029531.12,546014.24,1082934.09,6.0,70,20560,50,Sharon Wilson,Joseph Gonzalez
2714,Morning position require,Romance,2022,21-12-2022,USA,1575624.97,2580504.74,5917752.02,663157.56,1541312.08,5.4,53,4052,9744,Jennifer Willis,Thomas Sims
2715,Lot natural,Action,1981,08-09-1981,USA,6891544.57,13683283.69,19872212.04,1455929.59,6704891.32,7.7,78,3436,690,Ashley Medina,Teresa Davis
2716,Continue vote,Drama,2019,05-01-2019,USA,7576610.77,6483216.4,12187043.4,1925685.68,2928193.86,8.4,87,1694,842,Tracy Tucker,Stephen Clark
2717,Sure,Drama,1990,27-03-1990,USA,4341479.94,2219913.2,4926487.43,451466.7,1287430.39,6.6,53,10501,3545,Kristina Moore,Olivia Ortiz
2718,Less lose,Action,1976,07-02-1976,India,9039249.01,19073255.78,28172512.9,2096620.57,10330070.95,8.1,98,632,322,Lori Callahan,Amber Willis
2719,Wait,Romance,2019,10-07-2019,USA,1042255.08,481336.08,1190043.77,92844.86,221063.9,6.3,52,316,168,Carolyn Schwartz,Amber Willis
2720,Industry instead,Romance,2006,04-01-2006,USA,4330463.47,13160276.09,20692459.48,3627325.3,5819720.14,5.3,56,1894,9265,Jessica Rodriguez,William Ramirez
2721,Discussion beautiful rock market,Sci-Fi,2024,01-07-2024,UK,2926351.36,5519839.33,13453388.06,721675.01,3195796.87,6.8,56,1165,83,Sonya Clark,Mrs. Margaret Smith
2722,Health go decade,Action,1987,23-08-1987,France,5551727.44,17616120.27,27158167.86,4925687.33,8012726.17,8.6,77,287,786,Troy Cochran,Alyssa Wolfe
2723,Source sport bed,Drama,2012,01-09-2012,USA,11958290.09,22878495.93,37362924.09,4982844.59,10596490.51,7.9,69,2634,50,Jeremy Ray,Becky Kerr
2724,Half form,Action,2023,23-07-2023,USA,11302295.61,20642539.91,30460064.84,3365548.42,8707292.04,5.9,66,92951,13681,Charlotte Williams,Laura Wilson
2725,Within garden Mrs hear,Drama,1982,25-05-1982,USA,2154520.88,2358073.44,3760685.1,452149.34,1000038.33,6.0,61,28476,1241,James Cross,Jimmy Smith
2726,Film beyond,Drama,1996,23-05-1996,USA,1602226.87,1897606.3,3217918.75,359712.89,1091269.63,5.7,55,1872,50,Jessica Singh,Jacqueline Cooper
2727,Vote run,Comedy,2020,28-05-2020,USA,477356.92,1133102.43,2033433.96,130997.34,652578.63,5.5,61,691,16175,David Hall,John Strickland
2728,Long remain computer time,Comedy,1981,09-12-1981,USA,1345690.57,2484906.9,4101222.69,500908.28,1321007.11,4.6,52,141,50,Jennifer Atkinson,Jason Chavez
2729,Small majority,Drama,1991,13-07-1991,Australia,5967697.46,4073426.1,5967697.46,942920.36,1710497.59,7.0,62,9573,2035,Jason Jones,Christopher Benson
2730,Ask man hundred mind,Romance,2011,23-02-2011,Germany,437468.71,474206.57,903978.49,50964.39,244294.33,4.8,61,1513,3080,William Carpenter,Kristy Faulkner
2731,On,Drama,2003,17-02-2003,UK,8710610.0,13509575.6,20791455.77,1501564.57,5516037.84,4.3,43,1294,756,Tyler Sanchez,Sarah Nelson
2732,This edge south see,Comedy,1993,21-01-1993,USA,739745.7,2132761.49,3198187.88,351144.58,1136157.71,4.0,41,875,8937,Jordan Orozco,Darren Jones
2733,Message according information poor,Action,2007,28-04-2007,USA,5355763.12,2903923.93,5355763.12,535942.75,1646701.46,6.5,64,7859,3846,Melissa Cohen,Donald Benson
2734,Focus analysis,Action,2016,25-09-2016,Canada,2715387.21,2225911.72,3900855.31,541846.43,1029802.59,5.2,50,100,467,Kelsey Ellis,Samuel Bond MD
2735,Low challenge consider describe,Action,1990,21-12-1990,Australia,12295115.73,23533336.58,52335490.23,4575398.05,10343970.89,5.1,49,4883,50,Thomas Peterson,Brittany James
2736,East fear paper,Horror,1970,01-04-1970,USA,16783956.51,14616160.36,29577344.97,3808931.75,8567861.23,6.1,74,25238,1163,Jason Jones,Thomas Hill
2737,Stage sit,Drama,1979,16-12-1979,USA,1385505.39,3208981.31,5188803.05,397350.99,1455955.03,5.4,51,1500,351,Karen Barrett,Alexandra Benitez
2738,Him part into,Action,1994,26-03-1994,USA,574352.44,803743.87,1185853.22,87984.93,352694.2,4.9,50,1973,5943,David Morris,Eric Nelson
2739,Doctor government true,Comedy,1968,25-10-1968,USA,1738154.75,1080370.62,1738154.75,176568.34,488975.85,4.7,40,550,368,Jennifer Atkinson,Catherine Willis
2740,Ever rich home,Drama,1991,20-07-1991,India,100000.0,211831.89,412349.66,45041.55,103622.2,4.6,54,32124,4401,Shannon Ross,Sarah Ross
2741,Though capital expect,Drama,2023,05-01-2023,USA,5080889.84,9625547.04,22516628.68,1598950.6,4651457.69,5.5,70,15603,461,Diana Davis,Mary Wolfe
2742,Affect some,Horror,2018,07-11-2018,USA,155701.13,80138.82,155701.13,11453.52,33088.97,8.1,83,1138,483,Carolyn Schwartz,Patricia Keller
2743,Get realize,Thriller,2019,22-06-2019,Australia,457614.44,586599.68,1094182.87,79784.89,322641.05,5.6,54,835,400,Judy Walker,Robert Reynolds
2744,Country cause purpose,Drama,2004,22-01-2004,India,8867696.52,5582302.34,8867696.52,1063376.39,2476735.31,5.9,62,4897,50,Anthony Rowland,Monique Harris
2745,Important,Drama,2021,09-05-2021,USA,1502825.24,946283.05,2239917.92,209723.17,434025.42,7.3,71,70090,50,William Banks,Melissa Mcgee
2746,Reach mention method,Horror,2023,31-12-2023,Australia,629701.08,1779556.85,3010334.09,285733.16,1033813.43,8.2,76,3602,97,Jessica Rodriguez,Elizabeth Holmes
2747,Daughter letter throw,Sci-Fi,1962,30-11-1962,USA,29869748.39,32218102.15,72293714.65,3356465.25,13385864.74,6.0,58,1836,188,Tracy Tucker,Jennifer Leach
2748,Relationship red,Comedy,2023,17-01-2023,USA,13717326.67,12862903.04,25829261.19,1339327.22,7175385.75,4.7,45,20007,339,Tracy Tucker,Shawn Washington
2749,Issue pattern,Comedy,1976,22-10-1976,USA,48841198.16,86207583.81,177967677.7,15101405.84,38273320.93,5.9,49,9735,146,Brandon Fuller,Eric Perry
2750,Go series true,Horror,1998,04-10-1998,USA,2396319.49,1235086.18,2592704.4,239427.27,705181.4,6.9,69,880,99,Joshua Baker,Duane Fletcher DDS
2751,Unit vote,Romance,2018,16-02-2018,Australia,20489755.48,48782820.01,101949675.7,6881002.78,26471601.67,6.7,57,235,1368,Jacqueline Briggs,Rodney Smith
2752,Thus free where,Thriller,1979,01-09-1979,UK,306668.49,165499.48,306668.49,35005.61,85360.16,4.7,48,4370,2603,Bethany Rodriguez,Robin Dawson
2753,Specific movie responsibility response,Romance,1976,10-03-1976,Japan,9432640.09,9244852.35,22242641.69,2713940.01,4210077.12,7.9,91,2877,66,James Wright,Ryan Hood
2754,Democratic television window authority,Comedy,1950,19-11-1950,USA,3306102.13,6326034.38,10271673.34,807089.26,3632053.69,6.2,66,425,970,Daniel Brown,Amanda Jenkins
2755,Other Democrat,Comedy,2024,06-08-2024,USA,14228079.6,13219974.17,23203871.87,2477492.94,6222962.48,6.9,63,1588,265,Kelsey Ellis,Melissa Mcgee
2756,Prevent truth,Thriller,2009,20-06-2009,USA,5004857.08,7505020.43,16882592.94,1725588.54,3220908.83,7.3,72,9734,128,Kimberly Barker,John Strickland
2757,Must staff name,Sci-Fi,2009,26-07-2009,USA,1531586.68,3302376.55,6772639.16,862783.05,1730931.25,5.7,45,4536,115,Joseph Willis,Cameron Pineda
2758,Guess set under act,Drama,2023,19-10-2023,USA,1423697.01,1859944.22,4096098.82,213980.12,958528.12,7.2,70,854,50,Karen Barrett,Lauren Horton
2759,Goal third,Romance,1996,29-11-1996,USA,1470805.12,700239.72,1673812.37,93347.13,417485.67,10.0,98,5588,3778,Caitlin Brewer,Jeffrey Holloway
2760,Family civil raise,Drama,1971,31-01-1971,USA,270463.0,788183.07,1325729.94,205472.95,334593.7,5.6,66,2382,50,Christopher Roach,Ronald Herrera
2761,Meet good government,Sci-Fi,1990,08-01-1990,USA,7325714.26,5317771.51,12544743.71,757409.89,3179820.83,5.6,53,6682,29541,Elizabeth Lane,Kevin Fernandez
2762,Reduce move then,Documentary,2025,28-01-2025,USA,453715.35,785040.28,1266559.72,151974.58,430909.5,8.4,95,8328,50,Rachel Hayes,Sandra Spears
2763,National wall those,Drama,1992,14-02-1992,USA,6848380.67,3240294.46,6848380.67,595793.53,1889494.43,6.3,59,5752,6928,William Banks,Johnathan Chen
2764,Rather only life,Drama,1957,26-08-1957,USA,215479.92,107854.05,243061.38,15227.87,59347.86,4.5,35,20979,1304,Sonya Clark,Amy Gomez
2765,Nothing already city,Documentary,2009,10-09-2009,USA,3695528.06,4217331.4,7234013.07,1187864.16,2365856.37,7.6,61,5592,307,Robert Webster,Melissa Lopez
2766,Significant night,Action,2009,04-05-2009,USA,1189181.08,3136892.09,5382628.89,522370.97,1299773.12,8.7,79,54623,2123,Melissa Hernandez,Alan Mullins
2767,Society whom Mrs,Action,1970,19-01-1970,Australia,2658483.32,4388855.68,6749170.62,964612.15,1968654.8,5.9,53,3445,1215,Anthony Henry,Jorge Thompson
2768,Garden,Thriller,1987,05-09-1987,USA,4568503.0,2871189.16,4568503.0,293733.75,1155499.81,8.5,67,1571,333,Diane Skinner,Casey Lloyd
2769,Natural worry,Drama,1980,15-06-1980,USA,3823218.99,7263372.42,11897837.97,1769495.42,3590460.62,7.3,69,14401,976,Melissa Hernandez,Heather Williams
2770,Choice language management,Horror,2023,15-06-2023,Australia,1167925.46,1088104.08,2557702.57,116364.52,643786.01,7.8,72,2758,951,Francisco Ford,Lynn Pierce
2771,Clear year,Comedy,1966,18-04-1966,UK,855154.69,1696754.54,4220341.02,409329.74,829012.64,5.5,63,5696,1493,Nicholas Murphy,Dennis Rogers
2772,Day key,Comedy,2013,25-11-2013,USA,28488587.12,43536870.11,69365532.8,4578949.13,20479059.77,7.0,75,4842,335,Suzanne Gonzalez,Carolyn Calhoun
2773,Former approach history,Horror,1997,17-10-1997,UK,8482292.31,22915332.35,34436850.1,2325968.96,10280159.83,8.4,87,5993,8278,Daniel Rivera,Mrs. Margaret Smith
2774,Unit ok,Horror,2024,18-08-2024,USA,25701218.54,46067769.71,108589788.4,9215002.27,26969266.14,6.9,88,2929,3790,Susan Farley,William Crawford
2775,Value newspaper,Romance,1979,23-07-1979,USA,1124752.62,2477560.49,5354959.01,525207.72,1162420.73,5.9,47,1021,50,Adam Brown,Michelle Thomas
2776,Job attention provide,Action,1982,18-05-1982,USA,12940926.8,30566884.36,57149363.03,8835505.0,13502928.35,6.9,85,35147,336,Melissa Cohen,Alexander Haley
2777,Through enter person,Action,1996,15-04-1996,USA,5267533.96,3159095.65,5267533.96,816420.26,1314528.55,3.1,34,4533,50,Jonathan Evans,Ashley Pena
2778,Court available will,Drama,2005,03-11-2005,USA,621998.28,695088.96,1098374.79,115740.86,289806.98,8.0,80,4580,271,Matthew Beck,Kimberly Wolf
2779,Beyond,Comedy,1990,11-01-1990,USA,8776746.9,23112816.23,42791844.69,3130206.47,13485977.76,6.1,64,639,56,Gary Simmons,Greg Ball
2780,Walk paper scientist hot,Comedy,2009,22-08-2009,USA,1718646.81,3708339.65,6715365.89,640551.29,1803032.48,4.3,41,583,1349,Melissa Cohen,Benjamin Walters
2781,Change available,Drama,2013,02-04-2013,USA,2085031.41,6186702.4,9267216.92,657139.81,3484323.13,7.9,83,193,443,Manuel Benton,Kevin Fernandez
2782,Church,Thriller,2001,28-11-2001,USA,6339305.16,4736275.47,7617854.07,625285.08,2320708.79,5.3,52,2022,86,Philip Simmons,Kimberly Ray
2783,Experience science,Thriller,2002,19-11-2002,USA,165052.49,139961.02,314460.91,34789.51,80150.42,9.4,100,3730,50,Ryan Tate,Johnathan Chen
2784,Organization produce,Drama,1976,11-02-1976,UK,1245589.45,1078506.82,1650446.79,137349.43,519816.91,4.4,55,10876,61,Charles Lopez,Jeffrey Smith
2785,Message remember model everything,Romance,2015,22-07-2015,India,9704695.82,17050357.13,28569723.24,3004768.73,7865669.35,6.0,74,2332,967,Amanda Cantrell,Stephen Cooper
2786,Friend still glass,Drama,1995,07-05-1995,USA,4425136.64,7861822.25,11961222.14,1211138.48,3932716.99,5.8,50,21448,950,Mr. Jorge Anderson,Tonya Campbell
2787,Among,Romance,2011,27-12-2011,USA,2969386.68,5954819.02,11954504.51,913328.27,3476168.15,4.6,28,2610,50,David Perez,Jennifer Moore
2788,Shake still beautiful,Drama,2012,17-02-2012,USA,4698702.22,7321414.87,10809555.43,2110625.97,3848656.05,7.2,65,3683,427,Christopher Roach,Morgan King
2789,Continue knowledge house,Comedy,2003,17-09-2003,USA,2094972.35,5228489.79,9042184.28,1106124.39,2209858.35,5.4,60,6478,50,Brenda Smith,Amanda Lawson
2790,Stay tend,Horror,2001,02-01-2001,USA,1581763.2,1572624.7,3156137.62,201425.38,878981.92,5.3,56,1776,162,Amanda Cantrell,Sharon Riley
2791,Group can security line,Horror,1967,08-02-1967,USA,1246283.23,3786821.67,6088685.54,893887.64,2107799.83,6.7,58,10862,234,Jeffrey Myers MD,Brian Mccormick
2792,Nature down song,Comedy,1952,17-04-1952,USA,1395478.15,1190930.43,1996479.37,243841.61,602872.73,7.5,88,2137,794,Hannah Camacho,Douglas Bullock
2793,Center without,Drama,2020,08-06-2020,USA,1470078.27,2394582.07,3694298.03,640120.14,963176.27,6.2,66,632,2252,Mary Mitchell,Rebecca Mejia
2794,Hundred toward man,Sci-Fi,2012,28-04-2012,Japan,64104445.59,97381737.95,142866391.3,18516756.79,44000804.13,8.0,89,2405,115,David Rosales,Steven Green
2795,List power,Sci-Fi,1996,18-05-1996,South Korea,2232332.0,4262922.18,6249761.36,1191255.95,2444814.9,7.6,81,3207,105,William Banks,Richard Mata
2796,Present job level,Thriller,1983,05-09-1983,USA,5385833.27,5707464.29,8909150.54,1089721.66,2345594.29,6.3,77,11000,491,Jennifer Atkinson,Dustin Jackson
2797,Write ten their,Horror,2013,11-07-2013,USA,157576.84,112852.02,220166.01,13124.52,65221.24,6.4,71,3831,50,Jennifer Willis,Kristy Faulkner
2798,Think song operation,Drama,1968,31-03-1968,India,64412750.31,104357909.6,160275193.6,25704272.14,42006628.63,6.3,58,2302,4479,Thomas Peterson,Johnathan Chen
2799,Activity,Drama,2000,20-08-2000,USA,5715220.09,10175137.71,21612032.51,2007018.92,5185689.37,4.9,54,6208,461,Brooke Morales,Jennifer Richards
2800,Sing professor,Comedy,2025,07-12-2025,France,6869550.97,5566343.76,11963117.23,1235468.54,3088105.74,6.7,63,2564,1135,Kelsey Ellis,Seth Smith
2801,Almost interesting,Comedy,2003,22-02-2003,USA,4813603.71,9113147.72,22232156.13,1405940.92,4277110.88,7.1,82,783,1885,Karen Robinson,Sharon Brady
2802,According assume figure,Comedy,1999,24-05-1999,USA,4376055.86,7229907.45,16793448.1,2091830.99,3271208.41,7.4,60,624,127,Patricia Munoz,Elizabeth Holmes
2803,Particularly civil,Drama,2007,02-01-2007,USA,6466068.7,3535207.19,7213506.75,412041.28,1444652.88,6.6,56,27599,941,Karen Barrett,Sharon Rodriguez
2804,Speech about someone,Action,2011,20-06-2011,USA,954078.91,1746975.88,2527154.91,502755.63,1017046.04,4.4,42,1188,1324,John Jones,Benjamin Mitchell
2805,Range experience time,Drama,2003,18-05-2003,USA,8113635.05,16105033.64,31414051.26,2518020.63,9390965.22,5.3,69,32034,4859,Amanda Montgomery,Danny Kline
2806,Themselves author agent,Horror,1985,28-08-1985,Japan,5432231.21,6215849.79,13583152.96,1629140.01,2892321.7,5.5,64,8418,43056,Stephanie Hayes,Kimberly Wolf
2807,Us they some,Drama,2004,26-01-2004,USA,100000.0,213871.34,461721.78,38263.38,109538.97,6.8,71,2600,1599,Mrs. Hannah Campbell DDS,Kathryn Stevenson
2808,Network,Action,1981,19-02-1981,USA,2808486.96,7099043.45,13189294.83,816997.87,3753889.61,6.8,75,2714,533,Mr. Drew Clark Jr.,Michael Torres
2809,Know manage,Thriller,1963,05-02-1963,Canada,2439054.07,5617951.28,11458652.61,1656796.7,3099893.6,5.8,66,331,50,Rachel Kirby,Becky Kerr
2810,Course at,Comedy,1964,27-12-1964,USA,1018570.63,2508110.25,3619462.71,657596.22,1287590.92,7.4,61,585,2431,Tyler Sanchez,Mark Crosby
2811,Treatment social teacher,Action,1995,24-06-1995,USA,1789692.22,3593337.55,6013437.83,823741.72,2108368.7,5.2,57,699,26902,Jennifer Atkinson,Mathew Castillo
2812,Quality report,Thriller,1996,04-11-1996,Japan,5460513.87,4572129.5,6638466.28,731421.54,2512450.13,9.4,91,4712,50,Lori Callahan,Brandon Davidson
2813,Son the dog,Comedy,1966,02-08-1966,USA,278917.62,433327.35,689685.3,107632.51,194517.0,5.2,60,14257,169,Brenda Smith,Melissa Melendez
2814,Wish,Comedy,1965,07-05-1965,USA,7932609.59,15133496.96,33846654.82,2733022.23,8161040.65,6.9,74,443,301,Darrell Carlson,Mathew Castillo
2815,Six perform PM,Comedy,1999,26-03-1999,USA,8074304.87,15175359.25,24858473.94,1736365.61,9013085.07,7.5,79,140,1415,Amanda Montgomery,Kathy Marshall
2816,Dream increase source,Documentary,2023,01-12-2023,USA,795694.33,981705.37,2024870.56,159782.98,426021.76,8.2,85,6746,1215,Maria Lane,Jason Chavez
2817,Trade boy impact,Action,2019,19-07-2019,UK,8370678.78,10496703.12,15392997.2,2986821.01,4958419.28,7.4,67,5218,87,Shannon Ross,Pamela Frey
2818,Majority mission,Action,1990,30-01-1990,USA,5407769.92,12267167.86,19402988.44,3384755.07,6545166.13,6.8,83,92982,1014,Jonathan Evans,Meredith Williams
2819,Security place choose,Sci-Fi,2012,23-01-2012,USA,1314549.29,2534951.72,6144812.56,698508.79,1072057.8,7.5,79,921,1476,Lisa Atkins,Christopher Patterson
2820,Finally including forget,Action,2008,28-04-2008,France,23679815.17,12008882.79,23679815.17,2170423.95,5007924.17,8.0,94,3911,421,Melissa Hernandez,Derrick Smith
2821,Somebody word,Action,2003,10-02-2003,USA,8823535.41,12334255.04,30088845.98,2118574.81,5956027.5,5.6,57,1175,94,Benjamin Hudson,Laura Wilson
2822,Mr think full,Comedy,2002,25-06-2002,Australia,2140873.09,3353204.4,7663226.69,601299.43,1492794.79,5.8,63,7667,1155,Amanda Montgomery,Kathy Marshall
2823,Hold personal degree member,Action,2012,25-03-2012,USA,313350.92,424529.42,893313.42,103296.86,174413.86,5.5,44,6574,616,Adriana Campbell,John Strickland
2824,Pull gun provide,Drama,1996,08-01-1996,USA,851076.17,2053794.7,3601743.52,528690.65,1028272.21,6.4,78,12120,3148,Jennifer Willis,Jorge Thompson
2825,Before occur,Comedy,2019,29-01-2019,UK,1587787.92,1082181.26,2684405.97,280351.05,453188.57,5.8,51,922,293,Lisa Atkins,Deanna Johnson
2826,Wait,Drama,1963,06-12-1963,USA,12033823.3,14888555.91,22510394.84,2829577.91,8725634.65,8.1,80,370,6357,David Lee,Nicole Turner
2827,Guy center alone,Action,2011,09-02-2011,Canada,1115786.26,1319793.93,2695387.74,194752.88,632230.36,4.7,36,19463,685,Anthony Henry,Brandon Green
2828,Economic scientist,Romance,2009,19-12-2009,USA,7260119.92,4260759.62,7260119.92,784440.37,2127387.28,4.8,39,1647,123,Stephanie Hayes,Andrew Lyons
2829,Moment daughter,Drama,2022,11-03-2022,USA,530798.45,1045959.05,1624897.48,276087.55,456606.95,9.4,85,6061,3317,Karen Robinson,Carolyn Calhoun
2830,Success cover process,Horror,2019,09-05-2019,Japan,813380.22,1051804.15,1666403.28,156847.87,496904.74,5.5,66,100,6307,Renee Campbell,Cynthia Little
2831,Budget toward short,Thriller,1993,27-09-1993,USA,2679026.79,6266544.19,9763660.89,1317950.46,3364053.46,7.2,91,52482,276,Mary Mitchell,Sherry Turner
2832,Find step,Horror,2017,16-03-2017,Canada,29758684.44,45849226.98,88375110.61,12372243.6,21819511.62,7.2,58,14580,2170,Lisa Atkins,Christina Buchanan
2833,Next view authority study,Action,2025,11-01-2025,USA,6817566.2,4670314.41,6817566.2,1289449.29,2478596.85,5.2,37,3002,990,Amanda Cantrell,Stephen Cooper
2834,Research goal,Drama,1982,23-06-1982,USA,1300714.93,1529081.06,3156836.19,187933.45,640423.38,7.7,77,32125,50,Paul Rogers,Joel Hunt
2835,Clearly city,Comedy,2006,28-02-2006,Australia,5156518.9,5758336.86,9760152.34,1248481.51,3074000.15,7.6,85,544,390,Patricia Munoz,Daniel Thompson
2836,Next develop,Drama,2011,26-06-2011,USA,5040103.96,9111087.79,20941564.35,2582497.61,3864846.77,5.6,43,13152,213,Michael Manning,Veronica Mills
2837,Yes region,Sci-Fi,2005,22-12-2005,USA,100000.0,86807.07,161720.9,15158.42,42250.02,6.5,73,4428,486,Diane Skinner,Stephen Clark
2838,Physical themselves money,Action,1994,25-02-1994,USA,15573804.4,29557419.07,50943241.56,3651098.72,12976254.15,7.2,94,2729,263,David Rosales,Meredith Williams
2839,Throughout help able,Drama,2020,10-08-2020,Canada,769756.58,1018408.62,2181671.68,262002.4,425132.77,5.9,48,714,938,Benjamin Ray,Jeffrey Smith
2840,Structure process,Drama,1980,30-09-1980,USA,1488217.0,661133.99,1488217.0,149999.37,313297.46,6.9,64,1030,1942,Oscar Santos,Brandon Davidson
2841,Final thank key,Comedy,2024,07-01-2024,France,7231250.71,4959263.94,10614901.34,886214.51,2516397.1,5.6,47,21988,332,Samantha Campbell,Nicole Turner
2842,Real picture,Comedy,2018,16-04-2018,Canada,9364074.24,12570472.45,22673485.18,1526537.94,5990127.28,5.6,50,360719,588,Bethany Rodriguez,Jeffrey Holloway
2843,Force available,Drama,1991,10-02-1991,USA,145362.39,141562.18,236880.28,32114.93,66938.46,3.9,47,5496,2529,Melanie Olson,Catherine Rogers
2844,Method,Drama,1966,01-01-1966,UK,17958832.75,28284133.84,50769456.14,6561409.09,15508659.53,3.3,32,1898,9387,Jeremy Ray,Nicole Turner
2845,Responsibility world,Action,1986,12-03-1986,Australia,8363699.4,10120552.08,18333195.55,2939265.43,6029972.45,5.9,48,953,624,Megan Sharp,Morgan King
2846,Firm on,Comedy,2023,06-10-2023,Australia,11212319.15,15555680.69,24434873.83,2410694.4,6736580.16,6.3,75,4865,182,Andrew Chambers,Dr. Edward Smith
2847,Technology often,Thriller,2007,25-07-2007,USA,387422.36,350593.0,869794.47,88220.83,145653.15,9.7,100,1815,576,Heidi Cisneros,Krystal Cross
2848,Base close,Comedy,2011,28-10-2011,USA,6016130.31,7524674.41,15593855.29,799572.1,4054118.41,5.8,45,1207,1741,Lisa Atkins,Samantha Sanders
2849,Course become should couple,Drama,2007,02-03-2007,USA,4063904.39,8526934.78,12270516.49,1320916.74,4413969.64,5.3,64,3241,52,Adriana Campbell,Sabrina Massey
2850,Discover phone,Action,2000,06-04-2000,India,300000000.0,569851267.8,936162265.5,80435931.34,288419804.6,8.2,96,20102,348,Robin Hooper,John Ross
2851,Interesting suddenly now career,Sci-Fi,2019,06-07-2019,USA,1256895.9,2564824.68,5123150.74,496132.06,1245978.13,9.5,100,5008,3303,Megan Sharp,Andrea Bowers
2852,Price assume instead practice,Thriller,2008,28-12-2008,USA,678855.67,1637698.14,2575205.1,240144.87,905240.85,7.7,69,3792,288,Thomas Peterson,Carl Schneider
2853,Want sister,Romance,2004,24-03-2004,UK,394515.77,954808.24,1891977.78,248061.4,417257.9,4.6,66,36623,50,Donna Wagner,Joy Huber
2854,Avoid similar,Comedy,2015,22-03-2015,USA,1050316.5,466921.95,1050316.5,126758.71,195589.07,6.2,61,4102,253,Diana Davis,Amanda Jenkins
2855,Single dream,Horror,2014,14-04-2014,China,4458579.25,7831440.56,14083337.99,1993880.52,3915495.96,4.4,44,10922,50,Donna Wagner,Miss Jennifer Parsons
2856,Red process matter,Comedy,2023,27-08-2023,USA,22360951.38,39551256.43,71322957.81,4668226.29,21604922.31,7.8,69,1315,2277,Susan Farley,Kimberly Ramirez
2857,Wife tax,Comedy,1980,01-06-1980,USA,9305468.0,23538840.31,46517772.03,4147528.81,13708746.32,6.9,56,5981,302,Dr. Michael Monroe,Ronald Thompson DDS
2858,From cold law,Thriller,2012,10-02-2012,USA,54555121.93,128632861.6,254055901.6,29912892.92,76626187.83,4.8,47,777,5074,Paul Rogers,Daniel Callahan
2859,Think game my,Romance,2008,14-09-2008,China,7036606.01,5104145.48,7562825.91,1036964.77,2124032.6,3.7,35,2893,1284,David Charles,Melissa Morales
2860,Look behind today,Documentary,1987,29-03-1987,USA,4640012.27,7435887.4,15640398.08,1717175.47,3495077.8,6.3,58,765,1101,Vanessa Fox,William Washington
2861,Space contain,Horror,1976,21-05-1976,USA,3118623.15,5037720.17,7856471.97,528203.26,2190363.03,6.8,79,368,347,Vanessa Fox,Veronica Mills
2862,Letter interesting,Thriller,2008,28-09-2008,USA,6802218.11,3305107.37,6802218.11,891362.66,1675963.7,5.1,28,1604,50,Daniel Rivera,Catherine Rogers
2863,Book forward,Action,1997,12-07-1997,USA,5346908.83,15022285.42,24525892.19,4324464.89,6635193.41,9.5,100,1575,376,Crystal Harris,Laura Wilson
2864,Offer along decade development,Drama,2025,18-11-2025,USA,5194455.64,5072435.68,9185844.41,998073.18,2379230.31,6.5,76,1553,50,Joshua Baker,Olivia Allen
2865,From Republican maybe you,Action,1978,29-08-1978,USA,5023227.88,11255873.4,24504582.23,2195926.24,6629788.87,6.6,74,1729,273,Seth Whitehead,Russell Martin
2866,Response main,Drama,2017,24-08-2017,USA,3290390.03,3422405.54,8399788.79,380437.01,1382014.53,6.0,45,1697,1487,Paul Rogers,Dawn Blake
2867,Alone onto end,Horror,1970,25-05-1970,USA,7007917.78,19447393.38,35035742.15,4295904.52,9649453.51,7.9,67,17234,1059,Amber Anderson,Rebecca Mejia
2868,Continue forget I,Romance,1954,13-04-1954,Australia,2216855.94,3407348.61,6500299.72,650391.04,1594259.5,6.7,62,2113,206,David Charles,Mckenzie Perez
2869,Others in policy,Thriller,1995,27-11-1995,USA,41212987.31,106147463.8,155710187.0,27787955.79,45547083.48,5.5,64,3788,135,Jordan Orozco,Chelsea Armstrong
2870,Around over data,Drama,1987,27-07-1987,USA,689302.87,493566.91,763690.93,129431.49,250034.65,4.4,43,4522,349,Mr. Jorge Anderson,Brian Gentry
2871,Behind need him,Drama,1997,26-07-1997,Japan,7187164.96,5038562.03,8337466.16,781917.82,2429612.94,5.7,63,526,4617,Diana Davis,Karen Shaffer
2872,My itself and leave,Drama,2019,09-07-2019,Canada,1345227.6,1599854.73,3630406.74,349149.36,860541.62,6.0,61,638,1707,Jeremy Davis,Tricia Thomas
2873,Consumer miss themselves,Comedy,2007,20-05-2007,USA,3437735.51,4758963.19,9711782.81,591628.97,2007097.6,6.6,73,4233,322,Jeffrey Neal,Lynn Pierce
2874,Series education although,Horror,1989,20-08-1989,USA,2044606.91,2896464.72,4466117.25,758850.02,1258469.11,3.4,33,20382,50,Hannah Camacho,Chad Santiago
2875,Compare look rather free,Action,2009,06-06-2009,USA,328843.73,781564.35,1268100.0,181298.13,327447.48,8.7,90,33929,387,Amanda Cantrell,Michael Hughes
2876,Population point,Documentary,1998,25-05-1998,USA,795041.3,1260627.95,2074828.57,325820.51,508310.41,7.4,79,612,120,Patricia Munoz,Dawn Blake
2877,Fear hour,Horror,2005,12-03-2005,USA,4013640.0,8770331.16,17553583.08,2301300.45,3941195.25,6.2,41,6531,2914,Robin Hooper,Deanna Johnson
2878,Lawyer itself,Action,2008,04-06-2008,Japan,4601568.11,10235222.11,20063653.06,2543444.41,5712473.19,6.4,49,1053,449,Jonathan Evans,Thomas Sims
2879,Fast beat,Drama,2016,29-09-2016,UK,11050963.81,7589843.63,14629746.62,2043293.31,3806822.78,3.0,31,2023,723,James Cross,Alexandra Benitez
2880,Road service course,Drama,1957,04-06-1957,USA,45268340.54,109180950.4,167572716.0,22147259.42,55045109.44,3.8,17,30713,50,Oscar Santos,Ashley Gilmore
2881,Feeling woman,Drama,1954,22-10-1954,USA,100000.0,102682.89,214584.93,27766.04,45922.56,5.7,75,1947,1183,Robin Hooper,Darren Jones
2882,Sea save start,Action,2013,13-04-2013,USA,18769934.58,28773865.7,68128906.76,7778071.97,12271969.57,6.1,71,3455,4040,Brenda Smith,William Ramirez
2883,Fire report,Sci-Fi,2016,30-08-2016,France,577960.2,347984.43,577960.2,46556.33,153421.78,7.3,67,15531,1167,Heidi Cisneros,Karen Shaffer
2884,Cell smile,Horror,2004,04-09-2004,UK,59969698.97,25954086.06,59969698.97,6648094.21,15108016.25,7.6,68,8593,5863,Denise Horne,Jennifer Hendricks
2885,Approach pull my,Drama,2012,19-06-2012,Australia,2163131.49,3799896.39,8368387.53,740069.45,1975460.49,4.9,57,276,60,Darrell Carlson,Casey Collins
2886,Why my language,Action,2017,21-04-2017,USA,5909612.92,11861715.8,25006169.49,2997870.04,6875212.26,5.2,40,1269,51,Paul Weiss,David Clark
2887,Decade nice security,Comedy,2022,25-12-2022,USA,3898388.83,8550273.28,13954744.23,1356942.94,3599592.23,8.0,67,9757,218,Oscar Santos,Rebecca Mejia
2888,Establish better,Action,2001,04-10-2001,UK,10141287.88,8617185.44,16117511.23,1582320.97,3987812.72,8.7,80,1989,50,Bethany Rodriguez,Nicholas Richards
2889,Better decide,Thriller,1961,10-11-1961,India,100000.0,78277.43,177447.61,16709.25,37205.95,5.5,36,48443,40756,Christian Hernandez,Pamela Frey
2890,Throw culture treat,Drama,2012,18-05-2012,USA,5559480.7,7789452.14,15661696.08,1924333.65,3523828.13,7.3,93,1632,51,Daniel Rivera,Julie Hoffman
2891,Kid process,Drama,2014,27-11-2014,USA,3040762.88,6067905.39,10380100.85,693935.71,2610602.51,6.8,60,14319,72,Melanie Olson,Lawrence Thomas
2892,Pull use authority,Horror,2007,23-04-2007,USA,2232907.65,3910580.63,9581233.43,711690.91,1653001.17,5.5,56,5369,1656,Heidi Cisneros,Jacqueline Cooper
2893,Exist include which,Documentary,1963,04-05-1963,USA,1426313.9,1965540.66,4420388.61,468032.76,788227.5,7.8,94,12394,132,Donna Wagner,Lauren Horton
2894,Number man,Action,1973,22-10-1973,India,2121330.19,1676452.39,3071378.93,174483.19,872727.82,5.0,82,1420,568,Paul Weiss,Melissa Melendez
2895,Country thing,Action,2000,14-04-2000,USA,3441060.72,2382963.65,3441060.72,363405.6,1374073.28,6.8,81,1869,1831,Robert Webster,Teresa Davis
2896,Authority audience,Horror,2001,17-02-2001,USA,6400402.88,4293988.6,6400402.88,1122040.19,2000230.62,4.8,38,52577,50,Daniel Rivera,Krystal Cross
2897,Chair key,Comedy,2010,17-08-2010,Japan,1917975.29,4283849.03,7092298.57,548629.86,1985444.04,8.9,95,6197,50,Sonya Clark,Dennis Rogers
2898,Seek religious enter,Comedy,2004,22-04-2004,USA,21983517.53,22387775.8,38953300.97,4039207.35,13218160.03,6.1,62,1150,2012,Melissa Hernandez,Lisa Castro
2899,Those successful,Romance,2001,11-11-2001,USA,738386.57,1461761.33,2509419.67,374795.14,855022.86,6.3,76,1686,14039,Nicholas Murphy,Jessica Scott
2900,Baby space,Horror,1996,16-04-1996,UK,3408170.46,6858005.66,10042629.56,1488699.92,3541061.15,5.6,57,5657,197,Jacqueline Briggs,Carl Schneider
2901,Campaign dream save,Drama,2018,28-10-2018,China,5065739.71,2530718.14,5065739.71,445740.93,1212537.35,6.4,53,2806,50,Jessica Rodriguez,Christopher Hanson
2902,Owner teach rate need,Comedy,2013,28-02-2013,USA,159689.61,215564.96,480448.45,41512.43,104231.95,7.9,74,3296,113,Susan Farley,Daniel Thompson
2903,Tree western admit president,Thriller,2012,14-08-2012,USA,179292.38,370405.8,736087.65,44000.17,182900.1,6.6,75,5623,217,Kelsey Ellis,Adam Montes
2904,Mrs step,Drama,1990,07-12-1990,USA,6624973.52,3530252.72,7991545.6,974630.4,1719689.85,2.9,9,1394,474,Barbara Torres,Isaiah French
2905,Apply test account,Comedy,1977,27-08-1977,USA,4039937.32,6209852.43,10936295.91,841594.41,2822742.25,9.2,82,4131,388,Elizabeth Lane,Sharon Brady
2906,Draw surface without,Comedy,2004,05-10-2004,USA,7726046.95,22774073.6,32926232.96,6050878.32,11059485.42,4.1,54,652,744,Mr. Drew Clark Jr.,Jeffrey Holloway
2907,Resource president last,Drama,1991,18-07-1991,Japan,1124635.41,1539681.9,3828225.3,440177.88,787187.67,6.4,67,6995,5733,Mr. Jorge Anderson,Meghan Johnson
2908,Realize team,Thriller,1973,10-11-1973,India,13162563.79,17329360.28,34685595.13,2708345.1,7534176.6,6.0,50,728,1235,Sean Howard,Richard Mata
2909,Keep realize its,Drama,2002,17-02-2002,USA,17813965.76,20962843.26,43719818.61,2331656.07,10982997.03,6.7,65,24862,3328,Jerry Owens,Andrew Walker PhD
2910,Hard southern blue,Horror,2013,09-01-2013,USA,473241.74,1002847.48,2300592.31,195515.63,501012.13,6.6,59,1758,3334,Michael Richards,Christina Jones
2911,Ball not,Thriller,1994,04-10-1994,USA,17890883.26,21951287.61,44288261.9,4940395.88,10681473.25,4.4,37,1091,2936,Nicholas Murphy,Amanda Jenkins
2912,Manager common as,Comedy,1981,01-01-1981,Canada,8997319.81,15044500.95,25340571.64,3103000.65,8998418.74,5.6,70,21719,50,Brian Robinson,John Sullivan
2913,Officer big,Action,2017,31-05-2017,Canada,10058908.16,23978143.03,40267854.56,6556510.49,14060615.01,8.0,73,2558,79,Andrew Chambers,Richard Mata
2914,Environmental wide ground,Action,1999,02-07-1999,USA,3003379.95,4213188.76,8854474.23,907512.89,1765470.09,5.9,36,34998,269,Tracy Tucker,William Ramirez
2915,Lawyer size,Comedy,1998,17-07-1998,USA,4109981.37,5268999.47,10345327.81,880698.14,2594433.71,6.4,65,1163,1037,Nathan Bolton,Kimberly Johnson
2916,Rather result kind,Horror,1958,21-12-1958,USA,8213696.49,4538553.59,8213696.49,576292.21,2627235.38,4.7,41,5069,417,John Jones,Jeanette Archer
2917,Open follow compare entire,Comedy,2000,25-04-2000,USA,187392.75,242345.54,596997.09,62455.54,145355.63,9.9,93,5192,244,Sharon Wilson,Elizabeth Shannon
2918,Music while,Sci-Fi,2010,29-10-2010,Canada,19859951.6,34767617.55,58476840.66,3524943.68,15618727.29,9.5,100,2003,151,Kelsey Ellis,John James
2919,Then past,Horror,2016,12-10-2016,France,7244157.81,12660470.4,24619050.91,3400216.85,6472335.14,4.7,38,2414,2903,Raymond Morris,Rodney Smith
2920,Go,Action,2021,12-05-2021,USA,3809690.75,6005102.7,10088754.91,1701225.22,2661411.43,7.1,74,8572,1699,Ashley Medina,Amanda Lawson
2921,Unit recently instead,Comedy,2009,29-04-2009,India,2931666.9,1977359.7,2931666.9,409954.26,824056.83,2.6,46,13259,50,Jennifer Henry,Timothy James
2922,Friend assume back forward,Romance,2013,14-04-2013,USA,123064.49,212121.6,428956.25,42574.86,114800.87,4.7,37,769,469,Chad Peters MD,Richard Mata
2923,Fire work father,Drama,1955,05-12-1955,USA,60865791.27,59993826.04,109932597.6,8529295.1,35663613.41,5.2,71,43085,684,David Hall,Amanda Jenkins
2924,Sing they office,Drama,1999,27-02-1999,USA,21417706.83,33819717.09,49979316.56,6701478.46,18975683.31,8.7,88,645,85,Bryan Murray,Seth Johnson
2925,Consider either,Drama,2013,28-09-2013,USA,877941.51,629189.91,1068780.32,94897.95,335974.78,5.4,35,5303,589,Brooke Morales,Lauren Horton
2926,Him main,Comedy,2021,28-08-2021,USA,28783381.51,53619259.44,100133603.0,7001789.71,26800901.99,10.0,100,4666,242,Judy Walker,Christopher Tucker
2927,Table your,Action,2018,01-07-2018,France,123011736.7,380066074.1,583542084.1,56101759.36,178194927.2,8.8,88,1180,83,Sara Higgins,James Nichols
2928,Find,Drama,1969,03-08-1969,UK,96301104.72,71034385.42,145347707.8,13528675.31,33698945.35,8.8,91,3085,164,Jeffrey Neal,Kimberly Ray
2929,Guy above,Horror,1952,19-09-1952,China,5949224.63,15089862.01,24065941.96,1559153.59,7964588.23,3.5,52,6174,467,Karen Robinson,Nicholas Williamson
2930,Answer,Romance,2024,04-10-2024,USA,453552.41,760450.67,1675445.09,183731.86,316608.44,6.6,55,2303,50,Mary Mitchell,Christopher Hanson
2931,Fine court fight,Comedy,1994,25-03-1994,USA,4481742.07,9353266.81,14106884.02,1896779.79,4494314.37,7.7,100,8673,321,Troy Cochran,Daniel Thompson
2932,Laugh several,Thriller,2021,09-06-2021,South Korea,60972982.35,43717022.85,105194570.3,7295387.76,19717418.8,5.1,21,302,3435,William Carpenter,Andrea Bowers
2933,Give others authority,Drama,1973,20-02-1973,USA,6855114.53,4725194.36,6855114.53,929781.77,1990725.0,3.2,38,851,1311,Tyler Sanchez,Derrick Smith
2934,Modern,Documentary,1986,26-09-1986,USA,23116152.83,42051321.63,63856564.97,6185188.26,22149567.28,8.3,76,15462,1097,William Carpenter,Matthew Simmons
2935,Whom people among,Horror,2022,23-10-2022,USA,6152657.48,9311418.76,14659239.67,1188851.15,4212426.51,5.2,54,1316,2254,Ryan Tate,Carolyn Calhoun
2936,Data media,Drama,2025,27-09-2025,Canada,7873094.38,6383535.45,14907771.76,1097745.77,3150060.27,4.9,39,8369,50,William Carpenter,Russell Martin
2937,Explain special something seat,Drama,2011,25-04-2011,USA,11419985.11,7185567.42,17772936.29,1603705.02,4250104.94,8.7,85,644,54,Charlotte Williams,Ariel Mills
2938,Difficult beautiful table,Action,2002,13-07-2002,UK,585492.04,647123.86,983241.65,149798.41,338742.61,8.3,92,443,55,Darrell Carlson,Ashley Reeves
2939,Daughter part rich,Comedy,2024,31-10-2024,USA,18386767.72,50696955.39,74426104.61,6016238.74,26160184.89,7.5,73,3106,139,Renee Campbell,Ariel Mills
2940,Play relationship thing include,Action,2000,13-12-2000,USA,289938.45,457919.58,1041795.21,72888.8,225380.3,6.2,60,2257,20366,Diane Skinner,Kimberly Wolf
2941,Like large,Comedy,2008,12-09-2008,USA,1723699.2,3344921.49,5996274.66,894946.26,1463003.21,5.5,55,11517,1254,Courtney Reynolds,Christopher Rodgers
2942,Away wind social,Horror,2011,11-07-2011,China,2648957.2,2573570.22,3742147.49,293939.62,1108536.14,3.0,46,49604,85833,David Charles,Jennifer Hendricks
2943,Actually fact,Documentary,1998,16-09-1998,USA,3342269.41,3222482.28,6504198.64,495185.24,1417036.28,8.5,93,1837,461,Tyler Sanchez,David Castillo
2944,Send rate magazine,Comedy,2002,15-09-2002,USA,1107558.56,516397.64,1107558.56,145172.09,215258.26,6.8,77,2925,50,Jonathan Evans,Anthony Cross
2945,Capital,Comedy,1994,23-11-1994,USA,3519984.57,1432313.64,3519984.57,194192.09,809210.73,8.3,84,35188,184,Diana Davis,Daniel Thompson
2946,Across,Comedy,2021,03-10-2021,USA,5800463.42,10985747.92,21089619.6,2949695.95,4895509.86,10.0,98,1268,293,Kim Watkins,Sandra Brown
2947,Truth hard state call,Drama,1970,15-06-1970,USA,2196666.0,2252362.47,5305471.14,361788.72,1106632.28,6.9,57,264,4841,Vanessa Fox,Benjamin Walters
2948,Realize give,Action,2012,30-05-2012,USA,205504.89,377679.59,943447.35,56361.16,186887.77,7.8,99,2393,214,Chad Koch,Amy Gomez
2949,Step into which,Drama,2019,20-06-2019,France,5727309.92,3026068.11,6048503.46,883907.54,1616774.88,7.7,83,305,6258,Carolyn Schwartz,Michael Gomez
2950,Man leader,Drama,2025,16-07-2025,USA,7200760.01,12516707.75,23230228.73,3029200.52,7186348.37,5.7,49,1195,21152,Thomas Peterson,Stephanie Cervantes
2951,Relate provide record,Drama,1987,15-10-1987,USA,16764203.97,24303514.3,50046102.7,5896673.16,13055718.7,7.3,80,15233,199,Adriana Campbell,Sheila Dunn
2952,Our,Drama,1966,13-07-1966,China,6728988.61,16486418.95,32671768.15,3019617.71,7774144.75,6.2,70,896,226,Jeffrey Myers MD,James Nichols
2953,Break member contain,Romance,1991,13-05-1991,USA,7920447.55,22617540.96,37466731.97,6537153.28,10191495.2,7.2,61,5990,180,Jessica Gonzalez,Nicole Turner
2954,Position arrive discuss,Action,1957,23-12-1957,USA,2169280.65,1746287.01,2558100.4,472704.36,950101.38,6.7,62,7004,9930,Tara Underwood,Gabriel Mathis
2955,Suffer statement check,Romance,1986,31-03-1986,Canada,41327380.75,73596413.26,150280479.0,20433194.14,32209705.42,5.2,43,2291,3102,Claudia Smith,Thomas Hill
2956,Everything produce piece,Drama,2010,11-04-2010,China,27063530.81,36471694.15,66492052.36,5590571.87,15282923.73,6.5,73,1679,7118,Diana Davis,Teresa Davis
2957,Agency,Action,1980,26-02-1980,Germany,21391445.99,17641942.54,33432688.68,2278358.67,7772086.81,5.6,38,6203,88,Judy Walker,Monique Harris
2958,Really tree,Horror,2015,04-04-2015,USA,7453478.48,9855178.67,15129886.64,2088501.23,4105694.07,7.2,77,28145,50,Charles Lopez,Sharon Rodriguez
2959,Behind,Action,2007,25-01-2007,USA,12651180.54,26316217.26,38120616.41,5590478.92,15010240.11,7.1,71,3793,81,Benjamin Ray,Melissa Cunningham
2960,Can money,Horror,1998,19-12-1998,USA,1137263.37,1771046.39,3450530.16,442738.44,878145.43,6.0,42,5204,2039,Hannah Camacho,Sarah Nelson
2961,Drop government people,Comedy,2018,23-02-2018,USA,15946722.66,16795942.81,27927065.3,4317181.36,6872332.71,6.0,59,7651,687,Anthony Rowland,Sarah Nelson
2962,Occur between,Horror,1966,18-01-1966,USA,1570127.12,3177966.39,7037155.12,564510.29,1420059.36,3.4,21,2487,207,Melissa Hernandez,Lisa Castro
2963,Southern civil,Sci-Fi,1980,11-11-1980,USA,2123375.43,1463060.95,2423000.71,331630.82,871238.42,3.9,30,1937,1486,Heidi Cisneros,Jimmy Miller
2964,Write claim,Romance,2024,02-12-2024,USA,556652.9,1363086.84,2056572.29,146027.4,733023.69,6.4,66,17158,153,Lori Callahan,Eric Nelson
2965,Ahead also,Drama,2000,05-03-2000,USA,2275213.92,1390277.79,2803311.47,336983.11,636518.55,7.0,71,3471,194,Mark Moody,Richard Davis
2966,Fight future less,Drama,2024,26-02-2024,USA,344766.78,614836.41,961909.49,144742.75,313599.65,6.5,51,46683,50,Lisa Atkins,Christopher Benson
2967,Face pressure,Horror,1979,01-02-1979,India,285935.08,237615.86,579326.69,40919.55,141579.91,7.1,86,14931,377,Mary Mitchell,Alexandra Benitez
2968,Give then such,Comedy,1979,13-12-1979,USA,274650.34,506239.81,1177228.43,82059.55,298398.73,5.3,50,474,4789,Nicholas Murphy,April Murphy
2969,True store thank,Action,2022,23-08-2022,USA,475812.94,678785.22,1267909.54,155730.6,367644.82,4.9,26,13683,633,Benjamin Hudson,Sharon Brady
2970,Pull,Action,1972,14-03-1972,Japan,27518003.36,36846332.39,67486803.69,4148706.5,21337924.82,7.6,83,3471,484,Mr. Jorge Anderson,Gina Fernandez
2971,Six senior since,Drama,2025,18-12-2025,USA,100000.0,217953.9,371871.16,28350.05,118026.43,7.8,72,1345,1260,Adam Brown,Chad Santiago
2972,Financial east conference,Drama,1952,25-12-1952,USA,4331772.73,6512401.23,15951228.3,1562663.85,3765947.75,6.8,75,25464,11964,Patricia Munoz,Diane Jacobs
2973,Surface when,Drama,2007,16-12-2007,Canada,1437197.22,1032108.54,2520882.49,178047.84,615655.05,5.9,83,13016,238,Charles Lopez,Dr. Edward Smith
2974,How gun interview,Comedy,2006,12-07-2006,UK,1193694.95,1194211.17,2769471.13,168890.24,654481.68,8.1,78,14404,642,Daniel Brown,Dominique Aguirre
2975,Skill alone,Drama,2023,03-11-2023,USA,667661.97,1595959.47,3193308.35,327651.06,890846.59,5.1,50,391,95,Darrell Carlson,Derrick Smith
2976,Republican very,Drama,1981,16-12-1981,USA,14535577.76,12259940.63,22378661.37,2051008.4,5415844.44,6.7,58,1042,1490,Crystal Harris,Ashley Reeves
2977,Forget between two,Documentary,1971,01-04-1971,USA,19296212.91,31684229.94,78434780.16,6089791.87,16719378.0,4.8,45,3620,10870,Jeffrey Myers MD,Teresa Davis
2978,Chance skin tell,Thriller,1988,09-12-1988,USA,5137387.34,4264545.1,9725448.99,1203188.52,2507972.98,5.9,62,58437,413,Claudia Smith,Theresa Cooley
2979,Leave special tough,Drama,2021,13-11-2021,USA,3110197.82,3416663.1,5272357.09,571196.27,1476959.27,8.0,84,6341,142,Mark Brooks,Lauren Richards
2980,Write ten their,Drama,2023,05-02-2023,USA,233111.27,216751.35,355895.09,37831.29,103486.89,6.8,63,636,83,Elizabeth Lane,Patricia Keller
2981,Factor others town stand,Thriller,1991,09-07-1991,USA,1587546.74,2573555.1,6168934.23,518597.66,1170111.11,6.9,64,2382,261,Gary Simmons,Seth Smith
2982,Seek crime,Comedy,2018,23-06-2018,USA,105570613.6,224089191.7,388793673.9,48942591.61,122061040.8,8.0,82,405,1649,Mr. Drew Clark Jr.,Shannon Hunt
2983,Dog project remember decide,Comedy,2015,18-07-2015,USA,4684744.36,11283374.08,22246394.39,3101111.69,5729811.62,6.0,72,19086,154,Adriana Campbell,Nicole Turner
2984,Involve stuff black,Drama,2002,14-12-2002,Canada,1074297.23,716610.92,1256273.47,188917.98,404594.73,8.9,87,342,4397,Megan Sharp,Eric Cooper
2985,Pattern popular education,Drama,2014,27-01-2014,USA,785751.73,505209.27,815442.68,53134.95,202894.56,6.1,62,16655,138,Crystal Harris,Olivia Allen
2986,Group behavior,Sci-Fi,1981,30-03-1981,Germany,390633.35,489242.98,850150.29,106203.93,202680.66,7.3,63,4381,50,Patricia Munoz,Jorge Thompson
2987,On leader,Comedy,1975,07-07-1975,USA,11916252.89,14411248.64,28210281.37,2533291.38,8020440.87,9.1,96,5066,564,Albert Phillips,Mr. Michael Snyder
2988,College foreign,Romance,2001,28-11-2001,USA,1157679.04,1715248.1,3865810.62,320601.14,992277.87,7.8,77,3122,257,Rachel Hayes,Seth Smith
2989,Professional special church,Drama,1963,06-07-1963,China,613662.8,964312.24,1994751.29,158953.74,474878.93,7.4,79,9655,50,Albert Phillips,Daniel Thompson
2990,Nation system anyone,Romance,2014,30-09-2014,Japan,11348122.95,5759898.67,12506055.56,1120051.68,3032370.7,8.3,88,174,338,Roberto Underwood,Shannon Hunt
2991,Paper,Comedy,2013,27-02-2013,India,146125996.9,58744525.84,146125996.9,10328680.54,30151244.23,5.6,41,30991,26374,David Hall,Kathryn Stevenson
2992,Evening decide summer,Drama,1992,08-01-1992,USA,18387950.47,49219171.26,75997705.92,6571743.01,28700531.73,7.1,100,5234,798,Samantha Campbell,Sandra Spears
2993,If situation prevent,Action,2016,03-05-2016,Japan,531308.81,334727.64,650584.6,71952.74,174342.18,9.6,97,2171,84,Kimberly Barker,Stephanie Moore
2994,Little oil war,Action,2022,11-07-2022,USA,2242843.08,1879532.37,3713634.26,537119.92,1005745.78,6.1,66,2942,20238,Amber Anderson,Benjamin Walters
2995,Color ahead,Drama,2024,10-01-2024,Australia,36470490.23,68422150.97,113018367.6,15006853.48,32135814.84,8.4,83,1118,4802,Jeffrey Myers MD,Mrs. Stephanie Palmer
2996,Role happy,Thriller,2009,06-10-2009,India,1530379.67,2861847.0,7043642.82,767562.43,1212301.01,8.7,88,20064,536,William Carpenter,Richard Mata
2997,Animal buy than,Romance,1954,25-05-1954,USA,11346008.22,19640028.83,28658446.77,3245121.34,10348883.9,7.4,69,14837,50,Melissa Cohen,Dennis Perry
2998,Concern citizen economy,Comedy,1977,01-09-1977,USA,45187108.92,18323072.33,45187108.92,3871960.01,8071823.23,6.3,56,4311,50,Darlene Murphy,Victoria Phillips
2999,Particular would,Horror,1982,16-12-1982,USA,30300150.9,86390983.49,142247282.3,16676660.27,36355815.26,4.4,43,100,517,Anthony Henry,Lauren Horton
3000,Section little history,Drama,2023,16-12-2023,USA,5252337.58,14448060.66,24629708.43,2197141.29,6146576.31,7.8,75,1486,433,Sophia Gomez,Melissa Lopez
3001,Range role fall,Thriller,1968,29-07-1968,USA,10715565.22,27921590.58,51404385.9,5393725.69,13177220.79,7.1,81,12704,188,Caitlin Brewer,Jeffrey Sharp
3002,Myself oil man,Drama,2022,25-01-2022,USA,1139909.13,1864812.91,4385824.44,289750.72,881527.17,6.8,69,2810,960,Alyssa Adams,Krystal Cross
3003,Church care,Sci-Fi,1984,26-06-1984,USA,848222.51,571382.31,848222.51,73651.8,290641.86,5.5,41,911,50,Mary Mitchell,Terry Martinez
3004,A,Drama,1999,11-08-1999,USA,811042.49,1538429.64,2909613.35,306386.16,889318.75,6.9,75,1155,834,Gary Simmons,Sharon Rodriguez
3005,Especially society,Sci-Fi,1979,31-10-1979,USA,9830761.18,5956223.81,9858753.11,1072048.33,2853055.43,6.4,55,9577,100,Hannah Camacho,Darren Jones
3006,He sort ground,Drama,1991,15-02-1991,USA,1328087.75,1092384.45,2225477.36,120438.22,551321.02,10.0,100,2109,410,Kayla Young,Sabrina Massey
3007,Quality prevent,Comedy,1960,02-11-1960,USA,719701.62,701155.94,1603599.08,182948.53,303952.87,7.0,74,45599,721,David Hall,Ashley Juarez
3008,Fly sign put,Drama,2025,08-07-2025,USA,3654632.35,10838420.64,16488306.35,2483372.95,5462961.93,8.5,80,1374,67,David Charles,Jeffrey Sharp
3009,Wear process space,Thriller,1987,09-11-1987,USA,31329919.06,38809829.79,66072205.07,6462719.65,19225405.86,6.2,70,160,231,David Hall,Olivia Ortiz
3010,Actually want last,Drama,2022,20-09-2022,China,1314120.55,3832015.05,6052950.62,711783.79,2035100.74,9.6,100,1524,2395,Emily Miller,David Lopez
3011,Without across one,Comedy,2011,14-10-2011,USA,911054.77,2661510.8,4005396.22,652550.45,1106513.84,5.5,53,1540,289,Janice Taylor,William Crawford
3012,Important standard book,Romance,2025,31-07-2025,USA,37185222.23,19597501.46,40649359.84,2143126.52,9840137.22,3.8,47,3261,344,Diana Davis,Tonya Campbell
3013,Decade election above,Horror,1984,17-06-1984,Canada,1850716.67,3521890.8,8604142.54,571913.87,1440780.24,8.3,72,905,316,Daniel Brown,Richard Davis
3014,Gas drop,Drama,2001,04-06-2001,USA,1020031.7,2111844.19,4889322.42,346320.54,1081100.24,6.8,72,1257,5036,Jessica Gonzalez,William Washington
3015,Case couple,Documentary,1998,19-08-1998,USA,633903.96,930838.23,2199846.19,243288.44,509634.37,6.8,77,3216,173,Barbara Torres,Cody Peters
3016,With only kind,Drama,2019,09-12-2019,India,712265.29,543447.57,1317480.07,100224.13,268069.65,4.9,41,158,947,Andrew Chambers,Johnathan Chen
3017,Onto grow,Comedy,1996,02-04-1996,USA,3981055.51,5774385.88,8759494.1,881290.59,3233002.59,7.0,66,1308,27548,Tara Underwood,Jennifer Cook
3018,Like view,Drama,1976,21-10-1976,Canada,5567197.58,3971896.39,6478905.24,1097337.98,1839572.27,5.3,46,10843,66,Jeremy Ray,Paige Gonzalez
3019,Spend guess over,Horror,1960,11-10-1960,USA,1963239.97,4148629.69,8618138.0,870079.34,2154058.87,6.7,67,39701,2081,James Cross,Jeanette Archer
3020,Country cause purpose,Action,1981,01-05-1981,USA,4177624.02,2529803.61,4465346.75,571794.36,1021205.2,6.7,60,623,132,Jessica Gonzalez,John Sullivan
3021,Something since,Drama,2025,13-12-2025,USA,6256039.43,8021992.84,12367252.88,1121503.72,4189867.88,9.6,70,853,126,Heidi Cisneros,Donald Benson
3022,Simple,Action,2024,20-10-2024,India,149906.73,262039.8,587842.42,66243.89,154349.9,5.6,64,28037,50,Diana Davis,Jennifer Moore
3023,Necessary beautiful,Documentary,2018,25-01-2018,USA,3031343.78,6353981.52,9950707.0,1413311.79,2702137.57,5.7,47,5630,50,Jeremy Davis,Jeffrey Jenkins
3024,Challenge know,Drama,2021,08-03-2021,USA,184568.9,111990.3,231040.39,26103.51,55038.34,3.8,45,572,212,Mrs. Hannah Campbell DDS,Marc Vasquez
3025,Picture here,Comedy,2005,10-11-2005,USA,1067978.73,1669424.81,3673849.86,307713.99,899819.51,6.7,73,6846,198,Michael Chung,William Prince
3026,Professional answer finish,Drama,1967,10-10-1967,USA,16065744.1,34247944.4,59807065.65,7841284.34,20276443.86,7.3,61,2544,3830,Tracy Tucker,Tricia Thomas
3027,Street pattern,Comedy,2019,08-09-2019,USA,2298685.08,2758433.95,4382272.29,346498.01,1340449.45,6.4,72,538,9069,William Walker,Adam Bowman
3028,Five next book,Comedy,1987,15-09-1987,USA,2986082.29,5415490.91,8941207.13,774269.94,2892025.73,4.5,44,220,651,Joshua Morales,Heather Allison
3029,Face federal sure,Drama,2019,03-05-2019,USA,9423377.01,21573537.17,33325765.32,3156449.17,10203903.26,6.2,73,12666,50,Suzanne Gonzalez,Veronica Mills
3030,Someone anyone moment,Drama,2006,26-03-2006,Australia,6200783.72,10296173.87,16078168.63,2287788.79,4120508.82,4.2,50,1067,1292,Susan Farley,Donald Benson
3031,Raise wish while,Comedy,1969,09-08-1969,USA,9245029.31,18873819.65,27351159.83,3809541.43,10367553.72,4.1,52,139,873,Renee Campbell,Kristina Krause
3032,He behavior moment,Comedy,2007,07-09-2007,USA,293646.32,724960.61,1361522.6,147101.57,321014.96,9.0,69,472,1351,Michael Ross,Tyler Cooper
3033,Practice describe,Comedy,1978,08-07-1978,USA,287847.95,519686.66,901821.29,125914.61,279340.63,7.7,82,2108,1025,Chad Peters MD,Jessica Scott
3034,Debate clear light do,Comedy,2015,31-10-2015,USA,11477020.66,28354750.5,42837240.93,3835813.17,16923403.07,4.3,36,3159,215,Bethany Rodriguez,Michael Ramirez
3035,Begin cultural company,Action,1968,03-04-1968,UK,5027370.61,3295211.36,5027370.61,473043.95,1754245.4,9.2,97,2031,1681,Jeffrey Myers MD,Brenda Guerrero
3036,Take put,Comedy,2012,23-07-2012,USA,1371467.51,1960730.29,4334545.42,460760.12,955714.57,8.8,93,15392,404,William Carpenter,Anthony Rhodes
3037,Again position idea leg,Comedy,1987,05-04-1987,USA,240727.03,575818.21,1033207.13,85136.46,303677.19,5.7,58,743,296,Amanda Montgomery,Jamie Cunningham
3038,Your what professional,Sci-Fi,2002,26-03-2002,USA,9571931.3,6201072.74,9571931.3,1431693.01,3320798.36,7.5,81,2558,24915,Amanda Cantrell,Amy Gomez
3039,Organization home,Action,1968,20-01-1968,USA,2881141.64,8930314.02,12761275.04,959404.7,5085780.39,6.1,55,40016,613,Elizabeth Lane,Michael Gomez
3040,Own memory ten,Thriller,2023,01-05-2023,USA,3609678.22,2936832.65,6137073.23,733106.94,1264912.65,9.1,100,2154,1194,Matthew Beck,Kathryn Hunt
3041,Assume yet,Drama,2015,13-03-2015,USA,3956935.76,4927375.17,9176996.24,984279.83,2458230.39,8.2,99,796,92812,Sophia Gomez,John Perry
3042,Soldier them least,Horror,1976,10-07-1976,France,22937827.79,62168705.13,92985198.09,10523705.39,31434283.69,7.4,62,186,257,Sara Higgins,Rachel Howard
3043,Lawyer must,Romance,2017,10-05-2017,USA,2099984.69,1030623.18,2099984.69,250650.85,560232.47,5.9,59,3224,123,Sharon Wilson,Sharon Brady
3044,Likely care,Horror,1982,08-05-1982,USA,6892532.97,3598943.75,6892532.97,648456.89,1496593.83,7.8,73,5168,974,Francisco Ford,Nicholas Williamson
3045,Clearly city,Comedy,2005,25-03-2005,USA,21917751.61,46332782.43,107555776.2,10596615.47,21383498.33,7.3,67,3063,1920,Anthony Rowland,Courtney Butler
3046,Sort major them,Action,1997,04-08-1997,USA,17626499.26,31812735.06,59352303.87,4753439.16,16610748.86,6.1,62,25870,50,Michael Manning,Jeanette Archer
3047,Plan official million,Comedy,2025,22-03-2025,USA,8415317.55,11445853.18,25092896.23,2012472.19,6631716.11,7.1,73,581,93,Sonya Clark,Karen Shaffer
3048,Can forget,Drama,2014,18-04-2014,USA,2185727.6,4506034.66,10756677.26,845054.78,2165992.97,8.1,82,16281,564,Jessica Rodriguez,Christopher Rodgers
3049,Address line arm,Drama,2019,19-08-2019,USA,241763.67,592545.12,944596.64,123218.36,347170.58,5.2,46,3991,141,Jonathan Evans,Lauren Horton
3050,Part position,Drama,1997,02-09-1997,Australia,23540392.3,20946603.79,42448420.69,3877265.01,9284890.48,6.2,51,4964,205,Thomas Peterson,Christopher Tucker
3051,Four professional,Drama,2011,05-09-2011,USA,9656816.97,8117088.68,11978015.43,1458259.07,3904307.52,7.4,88,18540,84,Darlene Murphy,Duane Fletcher DDS
3052,Individual foot south,Romance,2009,05-04-2009,Japan,393395.69,623747.0,1104242.82,68733.7,368514.78,5.1,63,4221,1812,Kristina Moore,Sandra Spears
3053,Month world,Action,2025,21-10-2025,USA,10947202.82,30329740.41,44343030.9,7622065.21,16076704.94,8.4,72,871,434,Jeremy Ray,Gabriel Mathis
3054,Light mind age,Thriller,1982,17-12-1982,USA,1590879.34,3357351.47,5816001.1,723243.14,1549309.58,8.4,88,2303,2466,Mr. Drew Clark Jr.,Jamie Cunningham
3055,Cell president while,Drama,1999,30-03-1999,USA,145558531.1,166048124.0,335925641.8,21934332.38,66546858.44,7.6,100,803,2796,Rachel Hayes,Jason Chavez
3056,Among term sort,Thriller,1984,04-11-1984,USA,1072675.38,2897212.78,4379139.75,639050.47,1342175.54,7.0,52,10065,236,Carolyn Schwartz,Johnathan Chen
3057,Arrive clear matter,Comedy,2018,21-10-2018,USA,1424141.16,1668603.63,2782268.42,212769.44,966799.42,5.5,72,1157,1115,Michael Ross,William Crawford
3058,Such southern,Comedy,2011,23-09-2011,USA,44551180.35,102759388.3,192244012.7,20257215.1,54680291.14,8.5,82,6445,51,Mr. Drew Clark Jr.,Patrick Barnett
3059,Middle environment standard,Thriller,2020,07-04-2020,USA,484663.12,971523.65,2246202.92,286223.3,582474.34,10.0,82,6468,50,Charlotte Williams,John Ross
3060,Weight about low,Comedy,1989,08-04-1989,USA,4354194.09,2388032.96,5744053.91,525774.96,1306868.77,5.5,63,8816,141,Sara Higgins,Dr. Edward Smith
3061,Fine court fight,Horror,1985,20-07-1985,USA,2073752.89,1009188.37,2073752.89,110463.12,455348.65,6.1,65,1653,126,Amanda Cantrell,Olivia Ortiz
3062,Total,Action,2021,26-01-2021,USA,457239.15,910991.54,1658674.26,94468.46,396500.63,5.4,50,6776,1080,Jordan Orozco,Paige Gonzalez
3063,Simple reason her,Sci-Fi,1993,19-06-1993,USA,1249267.14,1573306.08,2373853.36,275008.79,894222.26,7.2,68,15000,90,Michelle Collins,John Strickland
3064,Western imagine try,Comedy,1958,04-11-1958,USA,5054929.73,5731916.8,10847016.71,1529070.01,2523275.55,7.5,84,9825,50,Renee Campbell,Seth Smith
3065,Chair,Horror,1951,22-04-1951,USA,5808322.03,8754348.94,13802362.51,1120250.96,4474875.64,10.0,100,10586,895,Julie Maxwell,Daniel Thompson
3066,However chair yes,Documentary,1992,21-12-1992,USA,13135876.14,9187695.49,13135876.14,1662453.6,4055437.55,7.2,82,1143,58,Kevin Green,Michelle Thomas
3067,Market girl,Action,1981,23-10-1981,USA,7646483.99,5060373.69,11548384.72,1024436.64,2547043.23,6.0,45,431,4100,Denise Horne,Terry Martinez
3068,Marriage thousand,Comedy,1988,22-06-1988,USA,25057531.43,44388728.19,84694735.3,12345961.56,21866733.36,7.2,63,268,1671,Dr. Jonathan Long,Monica Nelson MD
3069,Include machine standard,Comedy,1984,22-12-1984,USA,470439.07,473121.22,1001403.98,99492.01,205412.81,4.7,36,881,511,David Hall,Lawrence Thomas
3070,Move win job,Sci-Fi,1992,09-08-1992,USA,1334527.05,2410131.59,5513884.65,242113.1,1129552.42,5.1,46,5028,471,Sean Howard,Jimmy Smith
3071,Indeed support,Comedy,1976,23-01-1976,India,4937986.66,4058625.92,8315976.65,598425.35,1710121.08,8.1,92,233,2866,David Charles,Kevin Fernandez
3072,Speech meet owner,Drama,1972,02-10-1972,USA,2234100.97,7410259.02,11082778.47,1725945.2,3933568.88,3.1,42,8349,92,Francisco Ford,Thomas Hill
3073,Meet meeting,Comedy,1973,16-01-1973,USA,3147537.82,1844608.05,4059966.76,302039.53,749557.73,7.9,73,5397,402,Kristina Moore,Leonard Contreras
3074,Word many story,Sci-Fi,2016,16-08-2016,China,3504865.55,7053744.91,14189514.92,1337275.84,3034174.09,7.8,93,39358,50,Joseph Willis,Jonathan Lee
3075,Attack where society,Romance,2010,29-08-2010,Canada,9525636.24,24683019.14,37163106.23,7404338.42,13006186.47,4.7,49,1859,282,James Miller,Joshua Walker
3076,Development character over,Drama,2008,07-03-2008,USA,25724194.08,40733681.78,90370038.02,7046556.7,24307693.74,4.0,44,655,169,Joshua Morales,Sharon Brady
3077,Nothing,Comedy,1963,29-06-1963,USA,9383200.4,4167169.77,9383200.4,967708.89,1994736.42,6.6,53,296,2140,Michael Chung,Carla Dougherty
3078,Free up,Romance,1995,10-07-1995,USA,589223.74,264322.81,589223.74,43691.39,135629.64,7.4,63,4758,5417,Nicholas Murphy,Jeanette Archer
3079,Between although,Thriller,1999,04-07-1999,USA,6180732.92,7635044.16,12719095.51,1710808.09,3442747.9,7.9,68,367,94,Megan Sharp,Duane Fletcher DDS
3080,Center identify,Action,2004,22-01-2004,USA,7225933.82,23545173.52,33851363.03,3161265.9,13534960.32,7.8,93,879,208,Adriana Campbell,Russell Martin
3081,Difficult fish buy,Comedy,1967,10-07-1967,UK,1871107.08,4236901.3,7449236.55,1167108.12,1894251.43,4.7,37,2693,621,Jerry Owens,Sydney Jordan
3082,Sister or,Horror,1978,25-01-1978,China,892607.29,2017487.54,2981277.03,602941.44,1074307.48,8.3,72,13995,195,Chad Koch,Gina Fernandez
3083,Project age hundred,Romance,2024,24-01-2024,USA,1249840.56,938971.23,1620149.62,114373.29,561628.07,8.2,80,2121,9370,Jennifer Willis,Laura Wilson
3084,Learn community,Drama,1991,08-08-1991,USA,8083155.34,14873257.68,26446125.11,2626934.82,6177903.45,5.7,60,1039,50,Mr. Jorge Anderson,Jorge Thompson
3085,Know center,Sci-Fi,2013,08-08-2013,USA,3450216.4,6732715.49,9738463.41,1583646.08,3642450.06,4.0,44,1674,407,Jennifer Henry,Samuel Bond MD
3086,Like national such,Drama,2018,17-04-2018,USA,1555403.01,3034674.24,6103422.66,384585.05,1511013.03,7.1,77,7708,479,Roberto Underwood,Brian Mccormick
3087,Town son,Drama,1967,14-02-1967,China,1171466.05,1648048.24,2575811.74,281344.95,796217.35,4.3,44,62006,422,Thomas Peterson,John Jones
3088,Sign other,Romance,2009,15-10-2009,UK,10388596.34,15208276.63,34415758.56,2014300.37,7263450.06,6.5,71,2200,194,Andrew Chambers,Michael Hughes
3089,All statement animal,Action,1994,09-02-1994,USA,370565.23,670467.66,1618432.02,171262.25,274507.99,7.6,74,19778,50,Raymond Morris,Karen Shaffer
3090,Away lot every call,Horror,2023,22-11-2023,USA,1327306.94,2423752.24,4008574.58,694476.23,1127301.08,7.5,66,2775,1635,Terry Lawrence,Mckenzie Perez
3091,Hot politics,Romance,2020,03-07-2020,USA,100000.0,49884.91,108434.49,9491.05,20397.33,4.5,44,5837,141,Denise Horne,Rebecca Mejia
3092,As force painting financial,Documentary,2019,20-07-2019,USA,2174227.47,5621513.77,8429580.84,969517.51,2855121.84,7.7,84,133,3322,Amber Anderson,Mr. Michael Snyder
3093,Despite who,Romance,1993,27-03-1993,USA,220755.21,106741.24,220755.21,21867.29,53391.38,7.6,79,4120,51,Janice Taylor,Peter Sanders
3094,Stage short,Action,1971,28-03-1971,USA,874033.1,1744789.09,3251813.41,432333.97,956509.14,5.3,57,2368,83,Sonya Clark,Kimberly Ramirez
3095,Break member contain,Drama,2021,15-10-2021,UK,846976.0,575539.0,846976.0,66064.41,305474.45,7.0,64,9216,126,Oscar Santos,Diane Jacobs
3096,General window probably,Romance,1999,10-05-1999,USA,2708740.9,6048726.04,12032465.71,1391198.01,3528690.56,8.5,99,1317,596,Caitlin Brewer,Jeffrey Smith
3097,Tv reveal PM,Comedy,2008,04-12-2008,USA,5083403.4,3481308.36,5083403.4,723063.42,1566802.04,4.8,60,926,95,Tracy Tucker,Kelly Horn
3098,All player,Horror,1984,08-02-1984,USA,7730613.42,14771540.49,35811063.78,2129711.26,6688917.95,6.1,78,1457,1366,Renee Campbell,Michael Torres
3099,Guy customer apply effort,Documentary,1980,03-04-1980,USA,12576541.46,32639448.9,60550733.26,3422259.08,19503487.11,8.4,64,10418,3401,Francisco Ford,Jennifer Moore
3100,Type about,Drama,2018,26-10-2018,USA,5006768.39,9384204.9,15512326.46,1817046.84,4644498.38,7.6,83,1967,50,Kim Watkins,Samuel Wyatt
3101,Story when should,Drama,2013,06-04-2013,USA,2197656.55,2047741.44,3796616.34,442900.56,1207406.47,6.1,58,4869,2594,Terry Lawrence,Pamela Lopez
3102,Develop up,Action,2002,08-12-2002,USA,848661.76,495890.97,1128140.49,123331.56,227575.94,5.7,57,1827,2448,Darrell Carlson,Mark Jones
3103,Market very,Drama,1979,11-03-1979,USA,215200.84,619681.07,938532.73,168533.9,365224.75,8.5,87,1206,67,Lori Callahan,Sharon Rodriguez
3104,General including,Drama,2006,20-02-2006,Germany,76079755.77,119375950.7,180758240.7,14820522.37,62942546.08,5.3,54,1962,50,Jessica Rodriguez,Samantha Vargas
3105,And son,Drama,1981,14-07-1981,USA,18857568.46,36678440.52,82630961.68,7351226.65,21679010.31,5.3,71,4252,61,Tyler Sanchez,Adam Williams
3106,Age role number,Comedy,1984,22-10-1984,USA,4682138.68,3644505.57,8203791.33,743611.11,1905779.04,5.4,54,8030,321,Elizabeth Lane,Sandra Brown
3107,Individual treat,Comedy,2021,28-06-2021,USA,4395647.38,6333445.25,13615958.78,1666988.79,3468268.39,6.0,60,2420,3708,Matthew Beck,Christopher Tucker
3108,Message body,Comedy,1963,17-01-1963,Germany,1570034.75,2737420.07,5508876.59,634366.4,1559049.2,5.2,65,8798,1084,Jerry Owens,Christina Jones
3109,Country table coach,Drama,1979,23-10-1979,Canada,2938186.83,1541967.42,2938186.83,413176.74,894555.05,6.2,59,284,285,Manuel Benton,Sharon Brady
3110,Pass stock,Horror,1975,02-11-1975,USA,2486242.48,5654962.3,11855957.4,1458777.87,2458677.35,8.1,87,3303,3739,Jacqueline Briggs,Brian Rodriguez
3111,State paper decide,Documentary,1981,20-06-1981,China,5292767.78,9934374.13,19999746.44,1790031.28,5025226.16,5.5,46,162539,50,Christian Hernandez,Sharon Brady
3112,Cut grow character,Thriller,1968,19-09-1968,USA,41122787.05,58454996.09,102002407.9,10164183.07,30415910.82,6.9,56,35820,107,Christopher Roach,Timothy George
3113,Coach throughout drug particular,Drama,2005,01-09-2005,China,17730059.77,30497190.97,56103385.09,4976798.01,16374682.45,8.4,88,902,1113,Mr. Jorge Anderson,April Murphy
3114,Sound per,Comedy,1998,31-10-1998,USA,3275802.0,3591261.45,8325251.65,1011914.88,1839760.13,6.8,78,40777,93,Kayla Young,Amber Willis
3115,Wife tax,Drama,2011,09-10-2011,USA,5295340.42,15164561.38,24658786.02,3888713.73,8704142.42,7.5,67,24412,347,Barbara Torres,Theresa Cooley
3116,What pressure,Horror,2022,19-12-2022,France,576125.99,343949.19,576125.99,39369.2,149766.98,4.3,29,17659,787,Oscar Santos,Michelle Anderson
3117,Middle military house,Drama,1984,17-05-1984,France,128537.73,147247.05,270501.12,37577.84,80902.73,6.4,54,14265,3988,Vanessa Fox,Samantha Sanders
3118,Arrive during positive,Thriller,2003,27-01-2003,Canada,471854.86,276158.96,563856.35,77561.26,147479.4,4.7,45,1418,410,David Charles,Kathy Marshall
3119,Air program itself,Romance,2015,08-07-2015,USA,10398070.73,24480831.34,45443811.06,6999398.85,11048872.32,5.2,53,178,50,Jacqueline Briggs,Christopher Hanson
3120,Side become official,Comedy,2022,24-06-2022,India,38915024.28,49663880.88,76059569.33,7478787.08,24051799.31,6.8,70,8292,553,Eric Ramirez,Ashley Gilmore
3121,Culture institution ready,Drama,2005,04-09-2005,USA,8491408.59,11548911.22,19404698.2,3120709.15,6218426.38,7.7,78,3753,100,Brandon Fuller,Jessica Scott
3122,Chance rise themselves plan,Comedy,1951,07-03-1951,USA,5252768.89,10155133.67,17270441.57,2914140.67,5433961.38,5.5,63,2443,1985,Karen Barrett,Michael Hughes
3123,Guess Democrat with,Action,2004,15-06-2004,USA,2489714.91,1967212.75,3769748.09,372952.57,991088.83,7.6,91,1140,2061,Rachel Hayes,Duane Fletcher DDS
3124,Great provide bill,Comedy,2009,06-05-2009,USA,9977087.73,23755637.42,34944176.05,3585897.55,12169552.27,7.6,79,480,933,Jessica Rodriguez,Brandi Moon
3125,Health guy bring,Action,1994,07-02-1994,India,13490882.91,18987269.29,27463478.12,5590404.2,10751299.49,8.1,89,302,3611,Alyssa Adams,Tracy Klein
3126,Shake look,Horror,2006,23-11-2006,USA,2186439.8,3636283.14,8554740.91,823972.56,2113658.71,7.0,83,719,1113,Janice Taylor,Seth Smith
3127,Statement seek,Sci-Fi,1976,20-03-1976,USA,2304673.0,1409870.63,2304673.0,264343.66,579753.64,6.1,67,19022,1263,Amanda Montgomery,Timothy James
3128,Purpose future possible,Comedy,2008,25-03-2008,USA,346201.78,818971.11,1467089.2,149728.65,350380.76,7.6,69,166,50,Robert Webster,Eric Nelson
3129,Successful onto unit voice,Horror,1973,30-05-1973,USA,222571.82,316969.49,640883.1,35545.63,145123.03,5.2,51,1456,61,John Jones,Dawn Blake
3130,Project left all,Horror,1978,11-10-1978,USA,22325522.64,49682360.59,97172770.28,5502083.71,29396751.57,4.8,45,1496,353,William Walker,Lauren Horton
3131,Ball election project smile,Action,2008,02-04-2008,USA,735188.93,392567.28,735188.93,50572.11,206258.88,6.6,56,42879,2191,Matthew Beck,Miranda Armstrong
3132,Middle military house,Romance,1995,04-07-1995,Australia,11725846.86,7610354.88,17568025.57,1433787.45,4154846.2,6.7,74,4286,7104,Jennifer Willis,Jamie Chavez
3133,Behavior vote prepare,Romance,2011,28-04-2011,USA,601318.29,396877.42,788533.64,80156.34,185694.67,7.5,77,7524,344,Darrell Carlson,David Lopez
3134,Community list,Action,1974,21-09-1974,China,11678772.69,11167500.74,18345643.81,2641121.05,6365004.16,7.1,78,2765,4532,Jason Jones,Lucas Collins
3135,Hand size,Drama,2004,19-07-2004,Canada,21095914.54,28157114.42,67974382.09,3630040.76,12778654.8,6.6,69,421,3280,Renee Campbell,Stephanie Cervantes
3136,Become machine,Romance,1995,22-08-1995,South Korea,2214213.22,4620889.12,9967758.34,694312.81,2720149.54,8.5,94,2885,986,Melissa Hernandez,Daniel Callahan
3137,All appear,Thriller,2025,17-12-2025,UK,728717.31,1758443.58,2771950.8,227807.98,848794.27,4.5,35,13378,206,Charlotte Williams,Donald Benson
3138,Amount course pull,Drama,2021,17-12-2021,USA,150868.94,299984.67,695341.3,51978.21,147764.31,2.8,42,9448,189,Daniel Brown,Robin Dawson
3139,Themselves college,Thriller,1976,05-01-1976,USA,5414204.13,5650757.84,9450413.25,585794.53,2961131.85,5.9,39,2252,18117,Charles Lopez,Veronica Mills
3140,Son way,Thriller,2002,15-01-2002,India,625645.52,946653.83,1867643.44,114207.64,512165.23,5.8,69,725,62,Bryan Murray,Tonya Campbell
3141,Send between,Comedy,1982,24-09-1982,USA,12180296.72,18007032.59,38972673.4,3961027.75,9370991.59,7.1,77,768,65,Brandon Fuller,George Green
3142,Someone individual administration,Romance,1988,25-02-1988,USA,20450164.25,8548442.18,20450164.25,1043575.83,3608869.88,3.3,25,100,57,Gary Simmons,Darren Jones
3143,Certainly continue beyond,Comedy,2010,19-10-2010,Canada,3471675.71,4993585.25,7403365.35,604393.4,2365139.52,8.9,85,1361,192,Barbara Torres,Melissa Morales
3144,Certainly space nature,Comedy,1990,12-04-1990,USA,2636754.56,1821813.68,4194968.07,333249.42,1017357.36,6.7,59,3411,1754,Darlene Murphy,Chelsea Armstrong
3145,Determine trade,Comedy,1989,16-09-1989,USA,790326.68,515702.42,790326.68,135318.36,210581.15,7.6,69,2274,369,Jennifer Miller,Jennifer Hall
3146,Others purpose head,Action,2023,16-03-2023,USA,271616.34,292055.35,589958.37,49836.08,154728.06,9.7,93,2022,50,David Hall,Andrea Bowers
3147,Manage those senior,Romance,2024,29-08-2024,USA,48719352.43,32878830.09,48719352.43,8528048.4,16350590.14,6.5,69,398,984,Judy Walker,Ashley French
3148,Direction information majority their,Horror,1996,25-07-1996,China,2727629.02,1393962.07,2727629.02,173878.05,800077.69,5.5,31,4618,549,Kayla Young,Laura Wilson
3149,Free at hold,Sci-Fi,1981,18-06-1981,USA,6531043.05,21716321.89,31077159.81,6269786.84,9925198.87,6.0,64,8228,151,Michael Richards,Kristin Cook
3150,System thank ago,Thriller,2016,16-11-2016,China,1676560.38,4034881.97,6797006.45,1037822.09,1619776.37,7.1,71,116,59,Jennifer Atkinson,Brittany James
3151,Attorney push campaign everyone,Comedy,1960,13-05-1960,USA,2208437.34,2534282.07,5507700.13,530355.56,1259227.36,5.3,56,100,211,Renee Campbell,Dustin Jackson
3152,Know manage,Drama,1994,01-01-1994,USA,3301326.21,3236487.13,7860853.56,550911.06,1912611.61,5.8,56,1321,569,Megan Sharp,Stephanie Ferrell
3153,Coach lay,Comedy,2006,01-09-2006,USA,8104296.87,5656861.08,8104296.87,779404.41,2850414.9,8.0,81,3861,56,Sonya Clark,Holly Jones
3154,Apply all service themselves,Horror,2018,15-12-2018,USA,11933974.24,19701742.64,36210388.48,5744730.77,8156994.69,5.0,59,890,29808,John Jones,Julie Hoffman
3155,Lay anyone,Thriller,1977,08-09-1977,India,1350342.66,3247871.42,5060964.05,661034.85,1877717.09,6.3,57,506,1242,Jennifer Atkinson,Stephanie Moore
3156,War base,Drama,2006,02-05-2006,Canada,896888.21,1707844.0,3582113.37,248413.83,709550.44,7.2,81,1304,1501,Michael Chung,Pamela Lopez
3157,Foreign lose important interview,Romance,2003,11-01-2003,USA,6152555.42,6305258.02,14160118.99,981751.07,3304246.27,7.1,62,8906,1402,Nathan Bolton,Lucas Collins
3158,Church nearly,Thriller,1984,24-07-1984,USA,3149396.28,7615540.08,11481581.68,1611087.56,4206924.34,6.7,70,132606,50,Julie Maxwell,Jimmy Smith
3159,Hand animal,Thriller,2010,21-06-2010,USA,2802696.54,3279152.99,5607979.93,631238.54,1592564.96,6.0,60,817,206,Michael Manning,Jeffrey Sharp
3160,Film,Drama,2024,02-11-2024,Canada,5301171.26,2231611.2,5301171.26,445387.14,1252289.73,7.0,63,2444,444,Jennifer Henry,Meghan Johnson
3161,Teacher,Comedy,2023,31-08-2023,UK,1400273.33,716909.33,1400273.33,143166.0,426880.26,6.3,52,1098,4398,Sara Higgins,Leonard Contreras
3162,Those,Drama,2018,20-02-2018,USA,2831671.21,2749736.18,5060016.62,641843.1,1604066.78,7.0,62,11369,61,Mrs. Hannah Campbell DDS,Thomas Sims
3163,Process,Action,2002,23-07-2002,Canada,5670342.55,7832287.95,12091768.2,997303.83,4622806.1,6.9,72,8369,675,Darlene Murphy,Jeffrey Haley
3164,Explain inside success,Action,1967,31-07-1967,USA,1081632.24,2692808.6,5401941.19,711422.89,1601435.07,6.5,84,7458,97,William Carpenter,Theresa Cooley
3165,Doctor purpose glass,Action,2022,14-02-2022,USA,2841467.77,2841849.97,4791348.37,501326.09,1261797.68,7.8,73,11786,978,Jeffrey Neal,Christopher Green
3166,Ahead somebody,Comedy,1950,11-10-1950,USA,346897.55,771733.68,1550065.81,205741.63,345674.14,5.1,26,2944,1107,John Jones,Jonathan Lee
3167,Lawyer,Drama,2000,04-03-2000,USA,4302262.31,6086349.48,11992817.5,1409119.28,3341137.57,6.3,68,2837,67,Seth Whitehead,John Jones
3168,Go movement visit,Documentary,2015,09-08-2015,USA,2153858.28,1288245.51,2153858.28,132886.95,561060.12,4.5,34,6302,135,Karen Robinson,Brandon Mcguire
3169,Government store bed thought,Drama,2012,04-04-2012,USA,6772180.69,16247791.46,25300314.21,2545454.21,7324394.25,10.0,90,9733,50,Robert Webster,Michelle Anderson
3170,House go,Action,1985,26-12-1985,Canada,4432859.65,7480421.76,12147131.66,946699.75,4246412.02,7.9,67,1040,1174,Jeremy Davis,Douglas Bullock
3171,We the establish modern,Documentary,1979,23-08-1979,USA,943189.39,723200.62,1481814.07,123837.34,422808.83,6.0,74,5190,305,Elizabeth Lane,Nicholas Williamson
3172,Issue me fly,Drama,1981,14-08-1981,USA,2384044.0,4554054.37,6546685.85,1290395.99,2328780.66,7.8,61,409,271,Kimberly Barker,Alexander Haley
3173,So either movie summer,Romance,1958,15-01-1958,USA,2024461.31,2831322.2,6026160.33,704419.86,1150992.69,5.6,71,7733,606,Thomas Peterson,Anna Vasquez
3174,Floor lead painting,Drama,2022,13-04-2022,Japan,773651.66,1097485.67,1740636.57,318680.45,494021.0,7.6,80,19288,67,Stephanie Hayes,Christopher Patterson
3175,Modern conference,Horror,1998,29-06-1998,USA,1009026.17,1468874.07,2744788.81,159749.52,712854.15,6.5,60,4904,243,Jennifer Willis,Dominique Aguirre
3176,Say issue,Action,1972,04-04-1972,USA,1099998.88,908104.58,1945419.07,166772.39,430950.02,7.1,70,7409,1123,Daniel Rivera,Mckenzie Perez
3177,Night accept,Sci-Fi,2009,12-03-2009,USA,4005501.86,9924585.0,19772263.44,2563534.29,4973038.14,9.0,91,365,619,Stephanie Hayes,James Nichols
3178,Speech result,Drama,1951,02-09-1951,UK,1908592.59,1804995.26,2602767.23,389127.28,767505.81,6.3,59,7959,502,Melissa Cohen,Jeffrey Haley
3179,City now scientist,Thriller,2020,01-03-2020,USA,5547767.05,4774891.59,9189635.17,780958.84,1938361.75,6.1,74,613,50,Heidi Cisneros,Jorge Thompson
3180,Draw where suffer,Action,2015,08-12-2015,USA,1818445.51,2548513.64,5990261.06,472558.0,1350258.91,6.8,75,4525,1349,Jerry Owens,Diane Jacobs
3181,Sport fear,Action,1998,09-02-1998,USA,3752761.35,6018576.18,14587804.78,1431537.57,3204841.91,4.5,43,5791,1507,David Rosales,Darren Jones
3182,First price,Horror,1979,08-05-1979,USA,4810438.62,2465304.64,4810438.62,422288.29,1037218.61,6.6,68,1615,517,Thomas Peterson,John Barker
3183,Benefit seat another,Comedy,2018,16-01-2018,USA,1991866.49,2958933.36,5401761.28,331900.77,1653558.98,4.0,52,3275,50,Abigail Robles,Lauren Richards
3184,Color certainly,Comedy,1976,01-06-1976,USA,1146005.68,917377.27,1586270.98,214266.42,489256.63,6.4,50,7633,50,Christian Hernandez,Derrick Smith
3185,Population wonder room,Drama,2006,12-08-2006,China,1054713.63,2148482.49,3802950.33,422867.47,1222179.35,3.9,42,38595,8092,Michelle Collins,Thomas Hill
3186,Thank lawyer,Comedy,2000,26-05-2000,USA,505620.67,1432858.56,2427435.53,242639.16,739720.49,7.2,82,2447,50,Joshua Morales,Mark Morris
3187,Gas physical,Action,2024,06-06-2024,USA,6301204.89,10809198.49,26908537.83,2683554.11,6038470.45,9.0,97,630,1032,James Miller,Olivia Allen
3188,With,Comedy,2018,28-12-2018,Australia,10513414.51,11600674.41,18187643.8,1535775.31,6124219.22,7.8,75,5736,1068,Tracy Tucker,Stephanie Moore
3189,Fire work father,Romance,2023,24-05-2023,USA,448169.99,572184.53,1028532.4,165128.73,308081.29,4.1,45,1520,1319,Abigail Robles,Brenda Guerrero
3190,Media interest realize,Comedy,1996,06-11-1996,USA,1525110.27,2003102.46,3350719.66,372461.34,834776.56,4.0,42,5270,3372,Judy Walker,Michael Gomez
3191,Director,Horror,1987,24-05-1987,USA,100000.0,63805.52,122374.81,7615.71,34051.29,5.5,64,154,194,Amanda Cantrell,Kimberly Wolf
3192,Under push evening,Comedy,2007,30-01-2007,USA,3992882.74,7838373.47,14373499.52,1897671.16,4654912.65,7.2,75,2108,215,Gary Simmons,Sarah Ross
3193,Mean character,Comedy,2017,14-08-2017,USA,18161596.08,32854186.16,75776882.31,3383431.16,15793522.36,7.0,62,6006,3473,Joseph Willis,Kristy Faulkner
3194,Cut lose phone those,Drama,1996,06-12-1996,Australia,4160590.68,6910214.35,16128369.53,1471445.18,3152347.66,5.7,59,3832,50,Jennifer Willis,Mathew Castillo
3195,Assume focus get,Comedy,1996,25-05-1996,USA,24066346.78,50322622.41,91985302.04,12929377.39,25554681.87,9.8,93,7387,103,Lisa Atkins,Brian Gentry
3196,Wall knowledge brother stock,Action,2006,26-05-2006,USA,1193637.39,669393.48,1193637.39,71292.74,319984.39,6.9,63,1962,50,Adam Brown,Joseph Contreras
3197,Mean need,Romance,1964,08-02-1964,UK,564088.99,528500.72,951458.2,81084.75,280448.85,9.7,100,189,943,Michelle Collins,Sharon Brady
3198,Democrat while,Comedy,1996,25-01-1996,USA,9238563.28,21777641.93,40087083.17,2479826.49,9128461.88,5.6,55,100,807,Kim Watkins,David Clark
3199,Treat different,Romance,1987,01-01-1987,USA,5820030.36,12340003.47,18224737.94,1961209.74,7179335.27,6.2,61,3111,351,Michael Chung,Andrew Lyons
3200,Policy feeling,Drama,2023,03-04-2023,USA,9499707.63,13445315.81,28886014.45,2633743.31,5821786.16,7.7,67,4167,1233,Heidi Cisneros,David Perez
3201,Increase key under,Action,1968,29-11-1968,Germany,1142281.57,815241.1,1691052.33,158101.67,372834.01,5.3,49,445,50,Kayla Young,Catherine Willis
3202,Deal hear,Drama,1984,20-05-1984,USA,625119.93,733570.67,1272078.79,130661.46,304346.79,6.9,56,17295,446,Renee Campbell,Lynn Pierce
3203,Age season hotel,Sci-Fi,2013,13-04-2013,Canada,3529315.03,5172583.01,12648647.42,1037850.2,3002292.41,8.6,98,946,51,Christopher Roach,Eric Nelson
3204,Pay college easy wear,Horror,1993,16-05-1993,USA,100000.0,212173.82,422227.89,52795.14,95273.76,6.7,47,4243,50,Darrell Carlson,Meredith Williams
3205,Right friend light,Comedy,1958,16-12-1958,USA,3572636.18,7899307.92,17389471.43,2299776.91,4302582.71,8.2,65,732,148,Heidi Cisneros,Christina Jones
3206,Particular several,Romance,1990,08-07-1990,China,546852.77,718123.35,1221842.54,126180.33,289069.66,6.1,73,100,224,Joshua Morales,Jamie Chavez
3207,Everybody raise,Thriller,2005,19-08-2005,USA,167930186.7,238050829.3,447104867.3,61664586.08,111834580.7,6.7,55,530,431,Elizabeth Lane,Darren Jones
3208,Five commercial sing,Horror,2010,26-02-2010,China,1843489.68,801418.94,1843489.68,104368.23,347055.15,7.1,73,3182,6892,Susan Farley,Shannon Hunt
3209,Bad throughout off style,Comedy,2006,29-10-2006,Australia,1518870.33,1310527.97,2685577.9,173101.55,778592.17,8.2,98,32262,90,David Charles,Larry Bishop
3210,Office show,Sci-Fi,2022,30-05-2022,USA,17590758.1,34018023.82,69852215.55,7086512.47,18250408.27,7.1,69,7801,17533,David Morris,Nicole Dawson
3211,Wish,Comedy,2004,09-08-2004,India,881083.21,2578886.77,3766387.41,576295.81,1292527.45,9.0,87,11706,552,Bryan Murray,Robin Dawson
3212,Still hold success,Horror,2022,26-09-2022,South Korea,345914.54,385736.56,584879.43,75833.42,227676.48,4.6,38,194,98,Brenda Smith,George Green
3213,Receive only present,Horror,2015,18-04-2015,USA,955451.5,2668780.3,4406396.23,416317.68,1124968.6,7.9,85,226,72,Karen Smith,Ian Williams
3214,Actually his,Drama,2022,25-10-2022,USA,869956.63,668367.64,1009631.53,83232.7,308468.84,9.2,81,1732,152,Bethany Rodriguez,Jessica Scott
3215,War official,Comedy,2005,23-05-2005,USA,1473695.04,921939.08,1473695.04,185116.3,534558.25,8.4,100,2466,444,Mary Mitchell,Jason Mercer
3216,Writer employee,Drama,1996,26-10-1996,USA,2349103.46,3992167.03,7754225.98,439994.02,2112182.06,7.3,64,11004,377,Janice Taylor,Robert Garcia
3217,Door thousand,Action,1964,21-03-1964,Japan,1240321.19,1125301.65,2351503.09,271328.47,641479.02,6.8,66,5462,208,Amanda Montgomery,David Castillo
3218,Add major determine,Comedy,2012,19-12-2012,USA,6446998.4,14971360.12,29265638.32,2703386.4,7236322.89,7.3,66,5843,706,Amber Anderson,Anthony Cross
3219,Item hour,Drama,2023,22-07-2023,USA,4527776.9,4900511.31,7695801.09,1412146.08,2846896.75,4.1,35,128231,102,Christian Hernandez,Ashley Pena
3220,Author program report,Horror,1977,14-05-1977,USA,286397.69,165573.91,286397.69,22299.39,85648.28,8.2,100,4264,1733,Mr. Drew Clark Jr.,Melissa Cain
3221,Surface mouth thing,Romance,2022,02-12-2022,China,2856455.57,4532231.14,6491656.65,1082406.18,1947210.43,7.4,82,1154,1097,Heidi Cisneros,Casey Lloyd
3222,Notice serious,Drama,1985,27-11-1985,USA,8752378.5,7690548.71,12969246.1,1527486.11,4365400.27,5.9,53,698,72,David Rosales,Greg Ball
3223,Around generation,Romance,2013,18-03-2013,USA,1820260.07,829709.5,1985687.83,119483.83,431834.18,3.4,8,428,50,Ryan Tate,Sandra Farmer
3224,Something,Horror,1986,15-05-1986,UK,1581749.4,2475384.86,4531566.64,340217.1,1325318.04,7.4,65,1915,208,Colleen Willis,Mary Wolfe
3225,Why continue,Drama,1998,11-06-1998,UK,1001267.76,1191266.46,2640748.95,240019.31,671426.56,4.3,36,679,50,Michelle Collins,Joshua Willis
3226,Stay every speech,Drama,1989,13-10-1989,USA,367398.81,347890.13,716995.51,87453.56,200171.59,7.2,72,2794,422,Brenda Smith,Rachel Howard
3227,Serve policy,Drama,2024,16-07-2024,USA,2336151.17,1531309.22,2846683.49,382292.47,768697.31,6.9,79,846,291,Matthew Beck,Jennifer Moore
3228,More too,Drama,1971,04-02-1971,France,15724721.08,25046637.9,49845637.76,4820991.31,11105199.13,9.4,96,357,11893,Mary Mitchell,Samantha Sanders
3229,Artist,Drama,2015,28-05-2015,USA,349346.61,1088792.84,1626069.26,115232.77,447954.69,5.7,54,38995,924,Mary Mitchell,Anna Vasquez
3230,Young begin,Comedy,2008,27-10-2008,USA,9346132.93,19250965.85,34976780.51,5159313.1,8875070.74,4.4,32,941,50,Donna Hall,Jamie Chavez
3231,Be recognize network,Comedy,1974,28-08-1974,USA,6576141.06,12227502.38,27178614.25,2374416.73,7186935.79,5.7,56,6063,67,Jennifer Atkinson,Ashley Pena
3232,Professional job security,Action,2008,06-03-2008,USA,3851466.94,1947599.74,3851466.94,422905.79,1011851.05,10.0,98,5265,50,Jordan Orozco,Dustin Jackson
3233,Beautiful with,Drama,2020,21-06-2020,USA,2983882.24,1318656.81,2983882.24,358923.58,542453.11,8.9,74,15431,100,Tracy Tucker,William Washington
3234,Mean science,Drama,1988,06-09-1988,USA,1052132.46,3066376.55,5143978.49,821589.11,1494769.16,7.8,73,6225,2477,Courtney Reynolds,Kimberly Ray
3235,Management light bring,Sci-Fi,1970,29-05-1970,USA,9259291.25,17198355.93,40802789.34,3239147.16,9047640.79,8.1,81,2234,50,Darrell Carlson,Tonya Campbell
3236,Thus knowledge,Comedy,1978,07-07-1978,Japan,11679801.66,25342277.42,36880118.75,4060212.95,10806587.76,8.8,100,7229,581,David Rosales,Valerie Dennis
3237,Without whole write,Documentary,1985,13-03-1985,Japan,1384565.9,2849645.7,4211560.66,453018.04,1373335.53,4.9,45,18354,156,Jordan Orozco,Joseph Gonzalez
3238,Special beautiful meet,Drama,2017,08-05-2017,Canada,11959842.5,30816022.86,55672579.1,8928977.82,14272058.27,5.0,35,364,15607,Tara Underwood,Stephanie Cervantes
3239,Since especially personal,Horror,1972,29-03-1972,USA,1284119.04,3641416.44,5206182.73,730355.7,1660911.99,6.4,55,1186,830,Faith Franklin,Ronald Thompson DDS
3240,Throughout him while,Comedy,1988,12-05-1988,USA,2093950.28,3365243.98,7507955.26,934974.96,1727253.23,6.9,79,100,62,David Perez,Joshua Walker
3241,Some future amount teacher,Thriller,2024,09-11-2024,USA,3184353.49,5945295.18,12740359.43,1098713.38,3172654.37,6.9,57,693,512,Joshua Baker,Robin Dawson
3242,Foot,Romance,2004,19-01-2004,Japan,23334824.23,51782922.73,89859113.27,12713422.27,29406080.37,5.3,43,301,319,Barbara Torres,Heather Allison
3243,Customer nature whose,Comedy,1976,09-09-1976,South Korea,1256880.06,967870.77,2221663.38,112408.97,427905.84,6.0,66,296,187,Elizabeth Lane,Seth Johnson
3244,Service leg,Comedy,1987,07-05-1987,USA,504933.2,656768.45,1412213.3,69421.38,382250.55,7.6,72,614,74,Joshua Baker,Tricia Thomas
3245,Get,Action,1967,17-04-1967,France,2340932.64,3929356.5,9665079.54,430930.77,1671285.46,4.0,35,267,76,Jessica Rodriguez,Terry Martinez
3246,Cost official,Thriller,2015,27-08-2015,USA,3743824.91,7630061.9,12399216.54,1737593.61,3335464.16,7.9,68,1082,205,Manuel Benton,Brooke Stanley
3247,Action,Romance,2004,25-09-2004,USA,731274.66,1975122.53,3010483.04,557861.27,837163.48,6.0,59,23936,233,Melissa Cohen,Lisa Castro
3248,Rule season half,Comedy,1976,11-01-1976,USA,20123565.55,27568906.21,47472568.86,7227242.2,16212081.13,6.3,57,623,5197,Michael Richards,Nicole Turner
3249,Within leg,Romance,2012,01-12-2012,USA,2802382.39,5415934.4,7942179.88,647660.9,2953682.91,6.8,54,602,279,Melissa Hernandez,Michael Ramirez
3250,Subject election,Documentary,1991,28-06-1991,UK,15181282.25,11800168.74,18506528.74,2983979.28,4763335.65,5.7,42,1460,151,Jerry Owens,Theresa Cooley
3251,Take,Action,2022,26-08-2022,USA,5288193.66,8590255.79,15481347.81,1875576.54,5114932.49,7.4,59,9827,356,Karen Smith,Nicholas Richards
3252,Tough he,Sci-Fi,1993,18-02-1993,USA,3219715.78,4898408.01,8586628.18,527308.07,2236832.04,7.1,65,410,55,Karen Robinson,Meredith Williams
3253,Final piece as,Comedy,2019,21-02-2019,USA,3884442.76,1949805.64,3884442.76,525900.84,1076341.57,6.6,51,1103,3079,Nicholas Murphy,Melissa Morales
3254,Suffer skill,Thriller,2002,30-06-2002,USA,1745753.13,1150581.83,2661055.72,139060.36,623646.32,7.1,69,2498,50,Jeremy Ray,Jamie Chavez
3255,Partner at choose,Documentary,1979,07-04-1979,France,355640.07,165624.17,381348.46,37151.89,89499.45,4.2,28,11993,99,David Rosales,William Washington
3256,Minute success task,Documentary,2025,18-06-2025,USA,100000.0,65916.06,104570.87,10863.8,34567.0,6.9,81,5756,213,Amber Anderson,Sierra Brooks
3257,Wear maintain,Thriller,2022,24-10-2022,USA,20449481.69,41862488.25,71865444.88,8042245.87,17862155.8,6.6,59,1078,1109,Donna Hall,Shannon Hunt
3258,Throw over,Horror,1964,26-03-1964,USA,327625.46,1011511.07,1467403.98,102489.32,408352.06,5.9,62,3819,954,Robert Hendricks,Victoria Phillips
3259,And until something,Drama,2007,02-10-2007,USA,112787.6,249791.95,504896.09,45790.78,99926.7,6.7,71,245,807,Alyssa Adams,Joshua Willis
3260,Turn each,Thriller,1986,02-01-1986,USA,302497.49,155908.23,302497.49,21979.97,64615.23,7.5,60,1476,136,Michael Chung,Dennis Rogers
3261,Different way,Drama,1958,20-12-1958,USA,202074293.4,369960803.6,915127491.7,61276024.07,163226577.7,5.4,59,4349,234,Carolyn Schwartz,Benjamin Mitchell
3262,Manage,Comedy,2000,13-05-2000,USA,498547.97,316794.13,498547.97,51658.26,133540.34,5.5,47,5983,118,Tyler Sanchez,Morgan King
3263,Item Congress,Drama,2004,29-07-2004,USA,1192795.14,802735.82,1192795.14,84570.1,380221.81,6.2,64,3084,1199,John Jones,Laura Wilson
3264,Sea try,Sci-Fi,1968,01-02-1968,USA,5255843.73,13482662.95,24506024.88,2801920.04,5832200.6,7.3,75,2441,95,Jeffrey Myers MD,Deanna Johnson
3265,Receive only present,Comedy,1962,23-03-1962,Canada,5851642.27,10070378.71,14657351.41,2435228.28,4402232.37,6.3,66,1265,1352,Daniel Brown,Sarah Ross
3266,Present set,Action,2008,30-03-2008,USA,544787.86,826393.14,1497485.72,156292.89,442572.64,5.4,78,3044,476,Sonya Clark,Ashley French
3267,System thank ago,Action,2010,27-11-2010,China,5936107.9,4142160.96,5936107.9,469361.39,1695407.98,7.7,92,794,101,Nicholas Murphy,Noah Harrison
3268,According seek pretty life,Action,1970,30-07-1970,USA,3861580.04,4662311.59,11647880.99,762968.88,2588546.14,6.7,62,808,236,James Cross,Theresa Cooley
3269,Necessary stage what,Romance,1970,29-06-1970,USA,1965169.22,3838452.04,7183812.05,460070.87,2170520.85,8.0,69,7219,674,Gary Simmons,Shannon Hunt
3270,Eye,Comedy,1974,07-09-1974,USA,2370031.4,1633214.77,3226047.86,226310.85,715155.01,6.0,63,4120,1740,Crystal Harris,Pamela Lopez
3271,Event usually,Comedy,1985,20-10-1985,China,626009.5,1170337.04,1723254.15,247533.32,482676.99,9.6,100,14846,450,Dr. Michael Monroe,Daryl Douglas
3272,More window,Drama,2006,29-03-2006,USA,3939242.37,2580692.41,3939242.37,493648.67,1263796.86,7.8,62,2416,3372,Nicholas Murphy,Joshua Willis
3273,However,Comedy,2018,16-04-2018,USA,902042.06,715903.17,1260413.15,182809.4,346506.77,8.3,81,3125,707,Roberto Underwood,Jennifer Moore
3274,Charge seem,Documentary,1987,25-01-1987,USA,7430903.16,4582356.94,7430903.16,875838.84,2059945.0,6.6,50,6519,163,Shannon Ross,Rachel Howard
3275,Maybe event,Action,1997,27-11-1997,USA,556871.32,1059609.63,1874565.3,210611.07,600105.23,7.2,63,2866,7809,Heidi Cisneros,Elizabeth Shannon
3276,Write recently,Drama,1952,26-02-1952,France,26701879.4,51312879.22,115317669.1,13195317.12,23206561.13,6.1,54,637,116,William Banks,Tricia Thomas
3277,Cell president while,Thriller,2005,02-03-2005,USA,845382.81,1204273.91,2201564.08,232451.62,636361.63,8.0,74,543,309,Michael Chung,Stephanie Stokes
3278,Bank best national,Romance,2004,18-09-2004,USA,35490442.31,108047749.3,156833355.1,26091653.33,63901514.68,5.9,75,1398,18382,Melanie Olson,William Crawford
3279,Night industry,Comedy,2016,17-02-2016,USA,2332664.13,5358371.8,10833664.74,1013565.25,2760287.43,7.1,64,837,50,Robert Hendricks,Jeffrey Holloway
3280,Agree day,Horror,1956,14-07-1956,USA,8103412.89,12899744.32,22343458.25,2989888.06,5960171.43,7.5,84,76186,50,Carolyn Schwartz,Jeffrey Smith
3281,Trip week successful,Drama,1951,27-10-1951,USA,1506348.62,2631614.13,4547107.82,532573.97,1257527.44,8.2,81,100,355,Jeremy Ray,Thomas Sims
3282,System nation,Romance,2012,10-04-2012,USA,10547734.53,26546806.84,46252863.55,6085259.26,15808494.43,5.1,49,15173,2171,Adam Brown,Adam Montes
3283,North issue,Documentary,1985,09-02-1985,USA,11515108.07,13347127.22,32305611.05,1611594.22,6899259.95,6.8,74,554,1261,William Banks,Tami Miranda
3284,Impact house citizen,Action,1992,21-10-1992,USA,1147350.59,1167734.14,2679497.28,122284.07,696727.19,7.9,74,7508,734,Jennifer Atkinson,Thomas Sims
3285,Truth,Documentary,2021,20-02-2021,USA,451839.91,942931.27,1494938.69,109626.1,527170.44,5.1,52,683,706,Darlene Murphy,Sheila Dunn
3286,Away cover,Action,2009,29-11-2009,USA,1504044.1,1543814.8,3349607.92,159763.95,686182.75,6.3,87,783,1226,Jeffrey Myers MD,Kevin Fernandez
3287,Must thus cultural,Drama,2019,08-01-2019,USA,27186686.84,25185115.92,38722385.73,3115449.32,14670692.26,6.3,71,2341,694,Faith Franklin,Christina Buchanan
3288,Pattern authority,Action,2016,30-09-2016,USA,474332.68,586911.16,985200.66,92831.46,345495.28,3.9,54,278,192,Hannah Camacho,Mark Morris
3289,Key return,Drama,2004,25-09-2004,USA,10973266.4,10753190.22,25222987.04,2455888.36,5288404.23,5.6,71,6113,329,Oscar Santos,Stephanie Cervantes
3290,Sport that else board,Action,1957,19-09-1957,Canada,3573125.14,2678614.58,4866988.33,479405.67,1308991.12,4.7,56,634,326,Heidi Cisneros,Adam Montes
3291,Pull use authority,Thriller,2016,16-08-2016,USA,2189073.1,2922477.41,5813726.06,792522.99,1697050.19,2.9,41,799,351,John Jones,Joshua Walker
3292,Live organization,Drama,2019,15-06-2019,USA,1007977.6,748971.59,1170022.95,206356.32,414595.39,5.9,71,73163,50,Colleen Willis,Gabriel Mathis
3293,Group hope,Thriller,1994,27-12-1994,Australia,1357592.07,867405.13,1931104.82,195227.71,436704.34,7.0,54,65572,217,Kim Watkins,Teresa Santos PhD
3294,Trial,Thriller,2011,06-08-2011,USA,625396.61,1090895.68,1805451.9,225443.65,584365.48,6.6,64,14479,180,Thomas Peterson,Vincent Suarez
3295,Cup consider capital,Drama,1958,30-03-1958,USA,19945678.39,42359906.91,79961001.72,4999906.21,22847736.98,6.3,68,11904,10878,Jennifer Miller,Corey Johnson
3296,Particular several,Action,2010,03-07-2010,USA,1452128.12,4677169.72,6949274.18,886469.91,2518268.82,7.2,77,738,1631,Julie Maxwell,Michelle Thomas
3297,Special resource,Drama,1980,30-03-1980,USA,2610799.99,5216282.49,8085830.5,756141.31,2516256.71,6.7,61,392,624,Benjamin Hudson,Danny Kline
3298,Organization this billion,Thriller,2024,18-11-2024,Canada,7669994.49,5512467.79,9265893.08,1397476.61,2214806.84,9.0,82,37617,1020,Ryan Tate,Meredith Williams
3299,Rate force,Thriller,2019,24-06-2019,USA,10286565.01,7305098.45,12518443.06,1725429.4,3249381.85,7.8,71,14514,59,Melissa Hernandez,Stephanie Cervantes
3300,Evidence under edge top,Drama,2018,27-05-2018,India,1367984.46,991830.73,2161388.4,233616.23,542845.8,4.7,22,2094,3468,Joseph Willis,Dalton Johnson
3301,Moment feel great,Comedy,2005,27-12-2005,USA,11029518.78,25805214.94,38878863.18,6967012.62,11307099.55,6.7,61,2403,311,Manuel Benton,Christopher Green
3302,Ago finally toward camera,Sci-Fi,2006,05-10-2006,USA,3183390.21,2061913.13,3339732.45,266849.0,1175078.6,7.4,82,12579,50,Jennifer Henry,Michelle Thomas
3303,Near manager,Comedy,2009,23-10-2009,Germany,238206.64,601918.38,1144800.58,126662.85,360117.34,5.6,57,810,50,Alyssa Adams,Chad Santiago
3304,Factor office,Comedy,1996,31-07-1996,USA,9027879.27,8647989.06,17061171.85,1312539.12,3891537.09,5.3,61,1969,1366,Sara Higgins,John James
3305,Those though,Thriller,2004,10-12-2004,USA,3103302.57,3162364.06,6797523.45,753560.17,1574553.17,5.2,37,2380,70,Kevin Green,Mrs. Stephanie Palmer
3306,Point everybody,Action,2016,15-12-2016,USA,3029309.75,5476357.23,13534290.37,655221.45,3114879.03,5.3,39,2606,124,Seth Whitehead,Victoria Phillips
3307,Apply fish,Horror,2016,31-05-2016,USA,5545477.83,13256952.51,19607653.38,3356969.4,5540847.83,5.8,52,1693,14314,James Wright,Joseph Gonzalez
3308,Party space,Drama,1958,17-08-1958,USA,2399978.72,3536663.45,7335760.04,460062.82,1581545.24,6.4,68,417,3087,Michael Ross,Patricia Ramirez
3309,Bank much,Drama,2023,01-03-2023,USA,100000.0,130478.63,218911.18,13648.78,54041.07,8.6,71,5969,1144,Robin Hooper,John Perry
3310,Apply soon run,Thriller,1980,03-05-1980,USA,26476500.21,55006735.57,131508149.1,11279565.46,31263621.23,9.8,100,857,2820,Jeffrey Neal,Anthony Rhodes
3311,And expert administration,Action,2022,09-02-2022,USA,3408970.25,3780968.96,7468055.08,711439.92,2217964.67,8.0,95,584,95,Janice Taylor,William Prince
3312,Only these,Romance,2012,21-01-2012,Germany,2230935.71,6407685.0,9664377.5,1298640.98,3669692.71,7.0,74,13093,197,Amber Anderson,Brian Rodriguez
3313,Tell road professional within,Drama,2011,15-02-2011,China,135208.07,84048.49,177467.82,22439.43,40505.23,7.5,79,22236,105,Donna Wagner,Sherry Turner
3314,Program world technology,Action,1986,09-03-1986,South Korea,559975.46,342817.39,559975.46,97829.49,142196.38,7.7,81,6271,253,Julie Maxwell,Jeanette Archer
3315,View,Comedy,2020,16-05-2020,UK,3573792.51,5129821.71,10207762.77,1335022.41,2347957.08,6.0,56,629,1420,John Jones,Mrs. Margaret Smith
3316,Idea traditional,Drama,2025,20-05-2025,USA,2639696.48,6970958.09,12003653.72,727838.84,3148027.94,8.3,78,10455,50,Jennifer Willis,Richard Mata
3317,Administration would election,Romance,1999,07-12-1999,USA,174928.12,361843.07,680292.09,51508.57,190245.68,7.5,58,874,51,Manuel Benton,Diane Jacobs
3318,Front hard instead,Comedy,2002,31-12-2002,India,5612145.19,7933559.23,13295528.91,857831.11,3335557.83,4.7,54,2812,4960,Karen Smith,Robert Walker
3319,Eat laugh student,Thriller,2024,09-05-2024,France,246435.07,353106.0,741956.48,87812.44,169027.18,5.2,58,1277,331,Colleen Willis,Danny Kline
3320,Almost option of,Thriller,2013,25-10-2013,USA,1913246.19,3390254.31,5544947.01,638647.97,1792725.76,8.0,92,3348,50,Thomas Peterson,Alyssa Wolfe
3321,We the establish modern,Action,1974,31-12-1974,USA,7589792.29,10135663.58,16155407.35,2655994.53,5232440.11,5.4,46,473,103382,Adam Brown,Tracy Williams
3322,History like thousand,Thriller,2009,06-07-2009,USA,14285060.71,32354866.83,48306987.52,5022810.78,16879943.72,7.2,67,3063,50,Maria Lane,Alexandra Benitez
3323,Image seat music,Drama,2007,06-10-2007,USA,998945.98,1818460.84,2748035.51,280923.98,1082709.88,6.1,66,7733,306,Rachel Hayes,Daniel Hughes
3324,Three find,Horror,2010,12-08-2010,USA,30115118.07,16100355.67,30115118.07,4512793.46,7619085.69,7.3,74,1322,465,Charles Lopez,Jeffrey Smith
3325,Fear Democrat voice,Action,1997,13-09-1997,USA,11305215.33,17417672.46,30528003.27,3429182.57,8626049.87,5.7,38,1035,888,Melissa Hernandez,Derek Jones
3326,Chance black day,Thriller,1955,07-12-1955,USA,1071177.38,1249423.98,1790328.76,270567.81,567438.47,6.3,59,4618,50,David Rosales,Joseph Gonzalez
3327,Support training,Comedy,1990,11-07-1990,UK,6582528.54,3660867.25,6582528.54,652926.08,1892624.41,5.7,59,3023,666,David Morris,Richard Mata
3328,Take score seem suffer,Drama,2003,22-02-2003,UK,20500087.67,47351811.09,95423855.54,6927576.22,23721105.63,8.4,84,1070,1016,Samantha Campbell,Melissa Cunningham
3329,Improve risk,Drama,2009,27-06-2009,USA,921692.49,2731773.49,4562469.61,484390.59,1252801.78,8.0,90,438,232,Joshua Baker,Mark Smith
3330,List past,Action,2008,04-01-2008,USA,2311826.99,2470354.36,4428660.87,315483.93,1448168.62,6.2,72,5042,407,Ashley Medina,Dawn Blake
3331,A his area,Documentary,2009,10-01-2009,USA,19133010.81,15103329.92,28540300.49,1549465.99,8288568.63,6.6,67,743,1506,Robert Webster,Gabriel Mathis
3332,Now on,Horror,1998,02-02-1998,USA,968303.57,2371118.8,4688964.98,251824.14,1102237.3,4.6,57,2471,1683,Charles Lopez,Andrew Walker PhD
3333,Middle similar,Horror,2016,03-07-2016,USA,82861899.61,130122385.8,275544009.7,29845513.52,63042988.96,4.7,35,3498,3636,Karen Barrett,Richard Davis
3334,Often able seek,Drama,1971,17-07-1971,USA,100000.0,97329.93,161230.86,14029.06,40203.92,4.1,50,3383,127,Adam Brown,Brandon Mcguire
3335,Store top establish,Thriller,2007,04-06-2007,USA,9431956.05,5197955.28,11232179.57,785278.54,3034501.76,4.1,41,1758,364,Carolyn Schwartz,George Green
3336,Understand main process,Horror,1976,17-07-1976,USA,3024488.79,2951287.09,5611777.98,758217.5,1408451.88,5.7,43,746,186,Michael Ross,David Perez
3337,She enough,Comedy,1973,06-08-1973,USA,137509868.4,136512724.9,254156667.1,34862670.04,75407799.91,6.4,69,3928,733,Gary Simmons,Nathan Nelson
3338,Learn price citizen,Sci-Fi,2005,09-07-2005,USA,11251429.06,12249381.1,26519022.58,1684844.47,7135248.61,5.8,67,5460,61,Carolyn Schwartz,Marissa Pena
3339,Let mouth,Drama,1980,29-04-1980,Canada,104755896.4,85130841.89,137146273.7,18105889.85,48560040.71,5.9,71,2163,7545,Philip Simmons,Julie Hoffman
3340,Special discuss,Comedy,2005,27-08-2005,USA,8046267.48,13302584.01,19068035.31,1366765.85,6936831.92,6.6,44,6242,471,William Banks,Leonard Contreras
3341,Sing enter,Drama,2021,21-02-2021,USA,524437.79,1594272.2,2477200.64,455600.74,932643.18,4.6,40,3110,12714,Melissa Cohen,Derek Jones
3342,Challenge drive remain,Comedy,2013,11-03-2013,USA,9609672.68,17507388.01,26910687.69,2542537.45,9922060.31,5.4,58,8947,1561,Jennifer Henry,Jennifer Richards
3343,Law fund,Drama,2006,09-03-2006,France,5715146.72,4900135.43,8441973.7,1441086.22,2040336.2,4.7,51,834,342,Joshua Baker,Matthew Simmons
3344,Daughter letter throw,Drama,2018,21-03-2018,USA,7327133.3,15972029.12,33165166.9,2404446.51,8374013.97,8.9,100,2724,50,Courtney Reynolds,Dominique Aguirre
3345,Culture however manage,Comedy,2009,08-01-2009,USA,25355746.26,43585926.72,89176777.83,5167546.53,20790440.68,7.8,82,1528,80,Joseph Willis,Patrick Barnett
3346,Hard pressure candidate,Documentary,2015,30-07-2015,USA,2391693.67,4983825.05,10805357.6,1055055.26,2055433.42,5.8,58,4858,50,David Lee,Christopher Patterson
3347,Senior,Documentary,1989,04-11-1989,USA,33036409.88,20500820.98,35915399.77,4098088.22,11496017.06,5.4,55,1693,346,Jerry Owens,Anthony Rhodes
3348,Occur guy give,Documentary,1990,29-01-1990,Canada,2123977.82,2753407.18,5300584.8,699456.05,1524529.98,6.3,77,8464,50,David Morris,Michael Ramirez
3349,See wear,Horror,1970,26-03-1970,USA,179686323.1,322618221.9,517606669.8,69983748.14,188024403.5,5.2,53,13033,1474,Amanda Montgomery,Kathryn Stevenson
3350,Control production establish,Thriller,2010,02-06-2010,USA,9123095.26,7600428.67,12608806.58,2044584.76,3991114.65,7.0,83,2934,83,Roberto Underwood,Joy Huber
3351,Some for five,Comedy,2024,15-11-2024,USA,3077404.63,5383828.84,11812883.04,901090.35,2917367.13,5.9,70,2690,145,Philip Simmons,Dr. Edward Smith
3352,Real personal sign arm,Documentary,1980,23-04-1980,USA,1451413.5,2932345.47,4208764.49,856983.98,1332511.66,5.8,66,5568,568,Jessica Singh,Christopher Tucker
3353,Language truth,Romance,2002,10-09-2002,USA,12399072.13,14518754.6,22807671.74,2963600.45,5982363.54,7.7,78,875,216,Jessica Singh,Alyssa Wolfe
3354,Argue medical event,Horror,1997,03-03-1997,USA,100000.0,255460.15,475671.34,69822.12,126151.08,6.8,66,112,1997,Mrs. Hannah Campbell DDS,Patrick Barnett
3355,College sit,Drama,2006,20-05-2006,USA,3941753.95,12409019.65,19420429.87,1773549.01,5957869.84,7.0,79,2475,1642,Chad Peters MD,Stephen Cooper
3356,Remain despite,Thriller,1990,24-06-1990,France,2275831.5,2854625.12,4372366.21,794585.72,1586684.79,5.4,50,2565,50,Lisa Atkins,Melissa Morales
3357,Realize prepare,Romance,1992,27-12-1992,USA,25712528.31,50228126.33,110813328.0,14097236.39,23202574.12,7.9,61,1446,5142,Brenda Smith,Jorge Thompson
3358,Third,Action,2007,31-12-2007,USA,870979.5,413688.97,870979.5,94636.94,212985.09,5.9,57,1678,1182,Janice Taylor,Kimberly Smith
3359,Place coach so,Action,1998,22-04-1998,India,4957382.98,12071473.82,20655729.23,2140980.78,6648083.83,6.7,65,1729,1241,Colleen Willis,Pamela Frey
3360,Officer big,Horror,1983,26-09-1983,USA,592989.38,887290.05,1848888.9,201560.28,394748.39,8.2,91,503,297,Robin Hooper,Tracy Williams
3361,Cold thousand himself,Drama,2001,12-04-2001,USA,3392096.87,4668918.82,9795682.49,1127108.22,2693037.5,4.9,45,599,156,Nicholas Murphy,Larry Bishop
3362,Bad seat lead respond,Action,2008,11-07-2008,UK,20643848.77,15481647.17,33733968.19,3368802.86,8278461.11,5.5,60,1438,5798,Jessica Rodriguez,Jorge Kennedy
3363,So entire,Action,2011,11-07-2011,USA,4915690.47,2674918.88,5418820.02,677854.37,1176077.03,9.0,100,17024,1912,Jennifer Miller,Christopher Patterson
3364,Spend tonight huge too,Comedy,2011,04-09-2011,USA,631565.26,1093708.47,2161796.68,208687.66,567226.1,4.4,28,16719,51,Charles Lopez,Eric Obrien
3365,By difference language,Romance,2010,04-06-2010,India,1345235.64,2487411.69,4802460.05,665692.76,1415780.56,6.8,60,1328,50,Mary Mitchell,Veronica Mills
3366,Class,Comedy,2022,23-05-2022,USA,2452828.85,5030235.05,9561256.71,818031.25,2989298.97,3.2,29,8610,50,Mary Mitchell,Nathan Nelson
3367,Quickly picture,Comedy,2004,14-09-2004,Australia,15427085.64,17067447.99,41004592.32,2463035.81,8980347.12,3.9,43,2143,314,Sara Higgins,Cindy Barnes
3368,Identify increase special,Action,1977,22-02-1977,Australia,1620847.74,775880.32,1670246.65,85129.07,434831.76,8.5,82,339,66,Maria Lane,Morgan King
3369,Small buy building cell,Drama,1950,15-12-1950,USA,1082318.78,629260.32,1082318.78,102923.24,295542.42,8.3,90,229,1566,David Hall,Lawrence Thomas
3370,Take put,Romance,2009,21-07-2009,China,726603.63,393595.71,726603.63,40500.49,192370.61,5.8,72,2530,60,William Carpenter,Adam Williams
3371,Wish goal moment,Drama,1998,30-10-1998,USA,3731597.66,8167526.26,12360208.92,2040657.56,4188688.52,8.5,81,738,5570,David Lee,Amanda Jenkins
3372,Thing analysis wrong magazine,Drama,2000,20-12-2000,USA,410024.93,239233.93,410024.93,34562.59,127627.07,5.8,76,215500,116,Samantha Campbell,Seth Johnson
3373,Different across,Horror,2010,14-03-2010,USA,479491.05,994924.79,1895783.64,207489.25,462143.84,6.8,72,1801,932,Mr. Jorge Anderson,Brandon Mcguire
3374,Accept past she somebody,Sci-Fi,2006,09-08-2006,Germany,36358495.39,42746784.71,72403681.46,8612325.92,17161791.39,7.7,76,37087,1009,Matthew Beck,Ryan Hood
3375,Evidence central,Thriller,1959,13-03-1959,Canada,5002526.37,3187420.64,7769968.65,825606.6,1503256.62,9.8,84,987,50,Joshua Morales,Lauren Richards
3376,Huge respond and,Sci-Fi,1951,13-10-1951,USA,3560489.01,2341530.45,3560489.01,681190.03,1082307.38,5.9,69,10172,303,Rachel Kirby,Alyssa Wolfe
3377,Create laugh thought,Horror,1975,29-12-1975,USA,1267065.83,1484178.63,3420075.97,391435.39,679359.54,6.6,65,282,141,Bethany Rodriguez,Monique Harris
3378,Return clear country,Action,2011,12-06-2011,USA,4668516.01,4701339.63,9961708.11,838626.51,2362574.94,8.5,75,19463,8102,Maria Lane,Sierra Brooks
3379,Six senior since,Horror,1954,27-09-1954,China,10655373.06,20284165.57,37846666.31,5897717.68,11753943.92,4.9,46,3905,2301,Mark Brooks,Douglas Davis
3380,Amount manager reflect detail,Drama,1982,24-09-1982,USA,30247794.7,26381070.3,41563536.88,6038421.12,12756227.14,4.5,49,1752,932,Darrell Carlson,Thomas Hill
3381,You finish,Drama,2021,25-12-2021,USA,2552842.17,4377903.75,10379422.69,1014965.58,2292088.52,7.6,91,223,277,Amanda Cantrell,Casey Collins
3382,Him positive,Horror,1974,07-08-1974,India,2313313.01,1168033.46,2313313.01,146192.97,642964.59,5.1,65,10231,15411,Melissa Cohen,Lauren Horton
3383,Other film buy,Thriller,2013,19-05-2013,USA,10593626.16,23077736.77,49646999.61,4151281.3,13768924.06,7.6,88,521,50,Diana Davis,Laura Wilson
3384,American such effect,Horror,1950,05-06-1950,USA,362232.42,825034.94,1602020.59,130289.4,384163.03,5.9,60,12258,1778,Mary Mitchell,Richard Davis
3385,Son other control avoid,Action,2011,22-12-2011,France,2650981.43,4998057.95,9675668.68,1016433.31,2015950.89,7.5,64,3049,7917,Nicholas Murphy,Kevin Fernandez
3386,Bit tend understand,Comedy,2011,07-02-2011,USA,1411530.83,593562.52,1411530.83,114408.01,319761.92,7.3,75,1545,568,Tracy Tucker,Jason Mercer
3387,Civil clearly well,Drama,1998,15-05-1998,USA,6080948.22,4868427.28,8673169.8,1013719.86,2289854.69,7.9,79,2662,50,Michelle Collins,Brian Mccormick
3388,Direction job,Sci-Fi,2014,21-06-2014,USA,834191.92,518725.62,872371.65,73703.68,287019.51,8.9,100,8064,13893,David Rosales,Kimberly Johnson
3389,His opportunity,Thriller,1990,09-08-1990,USA,1189795.27,491685.8,1189795.27,121493.6,253921.81,7.1,82,7866,980,Megan Sharp,Logan Martin
3390,Out if should,Horror,1967,07-11-1967,Australia,2889653.0,4154811.9,9166330.59,613990.41,2336592.04,6.2,76,706,1055,Jennifer Willis,Thomas Hill
3391,Change think create,Drama,2013,14-11-2013,USA,2555458.56,2319244.32,4885901.86,380126.82,1193857.75,6.4,64,142,1490,Ryan Tate,Andrew Lyons
3392,Ask girl,Drama,2011,05-12-2011,USA,4650174.44,2590099.52,5560540.24,673435.76,1125116.21,6.1,56,39335,445,Michael Richards,Anthony Rhodes
3393,Six way fear,Romance,2020,13-10-2020,USA,472850.42,1123283.52,1711471.46,122313.81,620732.05,4.4,60,4899,393,David Lee,Daniel Callahan
3394,Kitchen rich student,Drama,1991,07-08-1991,USA,1353937.4,2915820.32,5037675.66,429245.13,1519024.19,6.1,55,260,5479,Barbara Torres,Amy Gomez
3395,Dream big expect,Horror,1955,20-09-1955,China,2844658.42,5354333.13,8495431.89,784800.3,3212592.48,8.7,90,6026,18313,Claudia Smith,Corey Johnson
3396,Choose common,Drama,1994,21-05-1994,Canada,17495714.39,41287552.36,62631877.51,12302937.38,24412434.33,4.1,43,973,226,Jessica Rodriguez,Kristin Cook
3397,Contain,Drama,2014,15-09-2014,South Korea,797845.47,1719998.67,2475229.14,228481.86,989543.27,4.3,68,17518,372,James Miller,Nicholas Richards
3398,Society seat,Romance,1977,20-07-1977,USA,3999631.84,6874165.03,11928458.74,881805.39,3747168.73,6.6,65,9141,578,Stephanie Hayes,Johnathan Chen
3399,Force interview fine,Drama,2004,25-09-2004,USA,2770800.08,9527040.93,13624723.45,1687556.11,5587627.3,9.2,93,296,110,Jessica Singh,Steven Green
3400,Because on,Thriller,1998,25-11-1998,USA,2140306.65,1887139.88,3291210.4,247858.8,855715.49,4.5,61,13632,234,Claudia Smith,Christina Jones
3401,May radio citizen,Drama,2012,19-02-2012,USA,2291440.34,5100876.86,10056341.06,1117167.56,2205132.05,5.8,67,10156,243,Diane Skinner,Jennifer Hall
3402,Since help street,Thriller,1990,05-08-1990,UK,266617.05,633594.17,961106.26,67882.15,315267.44,6.5,63,257,3957,Dr. Jonathan Long,Thomas Hill
3403,Second art,Action,2022,20-08-2022,USA,9331254.23,12311117.55,25032127.17,1924290.89,5704066.11,6.4,58,211,3653,Stephanie Hayes,Diane Jacobs
3404,Challenge know,Comedy,2002,02-09-2002,USA,5914856.28,16024520.25,26892496.1,1793990.14,7840761.31,5.3,69,2409,88,Tara Underwood,Richard Miller
3405,Occur between,Comedy,1978,02-02-1978,Canada,1686670.27,1837370.34,4034331.42,221192.06,793479.65,7.0,61,1930,1734,Chad Koch,Deanna Johnson
3406,Series skin,Comedy,1974,04-08-1974,USA,71820557.1,42307194.89,90457492.32,7696082.18,22715830.18,9.1,77,1738,2462,Donna Wagner,Courtney Butler
3407,Speech,Drama,1967,16-07-1967,USA,13648951.45,36433629.05,53510720.25,3673874.78,16981981.26,6.1,73,5592,50,Karen Smith,Terry Martinez
3408,Wide enough,Drama,1977,20-10-1977,USA,615065.73,1066200.44,1744912.67,242225.83,466345.07,6.9,62,2779,52,Jennifer Willis,Ashley Reeves
3409,Commercial impact,Thriller,2001,13-12-2001,Australia,736207.28,902334.52,1851725.96,123639.74,406549.65,7.3,69,4881,114,Jacqueline Briggs,Greg Ball
3410,Should outside sister,Romance,2009,23-01-2009,Japan,185285.64,456086.77,893048.02,105639.11,217857.58,6.5,55,358,50,Emily Miller,Christina Buchanan
3411,Sing they office,Romance,1961,19-05-1961,USA,8864981.99,5100266.49,10306962.98,1501210.65,2217392.66,7.7,78,862,132,Diana Davis,Tonya Campbell
3412,Food television answer determine,Thriller,1977,18-11-1977,USA,4696086.09,6866788.7,16196942.76,1709370.11,3554529.94,5.5,50,1878,50,Nathan Bolton,Melissa Morales
3413,Night,Romance,1992,23-12-1992,USA,547276.03,757487.39,1668783.73,181343.31,308750.64,7.1,65,1378,110,Jennifer Miller,Nicole Dawson
3414,There strategy,Action,2017,25-09-2017,USA,7513294.89,6942183.87,12052692.32,1631112.62,3942802.29,6.8,70,985,161,Chad Peters MD,Ashley Gilmore
3415,In investment,Drama,2018,11-10-2018,USA,2298437.68,1867345.12,4168472.89,399966.57,1060343.01,7.5,75,4696,27612,Alyssa Adams,Kathy Marshall
3416,Future answer data,Action,2025,17-06-2025,France,7442449.1,12025881.04,24770867.65,2214746.84,5033150.03,5.3,45,834,1583,Seth Whitehead,Sarah Nelson
3417,Difference understand six,Romance,1992,03-05-1992,USA,20004499.95,9638311.45,20004499.95,1786471.61,5039248.01,7.2,75,13193,119,Anthony Henry,Sandra Brown
3418,Report,Comedy,1985,06-08-1985,USA,163002.44,194854.8,358910.21,56764.27,86189.87,7.8,90,3932,259,Suzanne Gonzalez,Deanna Johnson
3419,Room your,Thriller,2002,29-10-2002,USA,10637088.07,21503132.58,41636669.52,4017157.08,10899516.81,7.7,80,3795,582,Jerry Owens,Donald Benson
3420,For explain,Thriller,1993,16-12-1993,USA,2804593.08,1391523.09,2804593.08,372164.35,813535.75,7.5,62,1227,592,Julie Maxwell,Michelle Thomas
3421,Change who increase,Action,1988,28-11-1988,USA,5394619.09,11034794.94,22615408.51,2990628.72,6131095.24,6.9,76,1646,9255,Darlene Murphy,Tracy Klein
3422,Bank general player edge,Horror,1968,02-11-1968,USA,577132.09,868820.37,1503056.08,87881.12,428266.04,6.0,57,8056,130,Roberto Underwood,Nicole Turner
3423,Hold soldier,Romance,1984,04-03-1984,India,895508.73,1903686.04,3132707.76,286170.04,938409.63,5.1,52,2045,5685,Diane Skinner,Stephen Clark
3424,Sing give size,Romance,2014,16-07-2014,USA,1183752.58,617471.72,1183752.58,150330.06,332356.65,3.2,19,646,50,William Banks,Kristina Krause
3425,Enough forget,Thriller,2009,04-07-2009,Japan,11282044.18,8059422.67,16110774.69,1335484.8,3780578.64,4.4,31,2970,1794,Joshua Morales,Shannon Hunt
3426,Prevent coach couple,Drama,1962,17-04-1962,USA,1275063.89,892110.9,1275063.89,129309.65,480211.57,6.3,68,2915,1035,Carolyn Schwartz,Christopher Green
3427,Plant,Sci-Fi,2022,07-05-2022,USA,1708248.01,2713714.07,4980933.83,621348.4,1521028.75,5.7,49,1328,4907,Jeffrey Myers MD,Christina Buchanan
3428,Hear statement,Horror,2012,17-09-2012,USA,4027737.7,2991963.59,5550045.54,398773.85,1309312.72,7.0,74,2432,142,Benjamin Hudson,Carolyn Calhoun
3429,Network easy chair,Drama,2025,21-11-2025,USA,28178323.54,32420006.4,53207075.49,4967151.9,15589775.88,5.7,58,1041,1827,Heidi Cisneros,John Ross
3430,Sometimes edge degree,Comedy,1991,17-05-1991,India,4062169.63,5481203.88,12101552.42,553701.41,2360476.0,9.9,99,586,1512,Charlotte Williams,Benjamin Mitchell
3431,Step into which,Romance,1985,27-08-1985,USA,1825946.36,2288911.02,4676161.17,525208.64,971350.96,7.4,72,586,90,Amanda Cantrell,Becky Dean
3432,Special law husband,Action,2023,28-06-2023,USA,1989620.54,3553152.47,6461588.17,554081.8,1474174.42,5.6,67,706,89,Melissa Cohen,Sydney Jordan
3433,House sense,Thriller,2023,07-12-2023,USA,1536030.08,3333625.9,7024779.38,672640.67,1344801.95,8.4,99,6817,1091,Hannah Camacho,Daniel Thompson
3434,Mouth,Thriller,2016,22-02-2016,USA,140557.81,222690.12,532539.52,64973.26,118961.32,5.8,50,5541,562,Paul Weiss,Jacqueline Cooper
3435,Dream myself firm,Comedy,2009,06-01-2009,USA,2324487.62,3707774.75,8072176.45,751195.34,1821063.75,6.2,55,4020,74,Karen Smith,Logan Martin
3436,Them station adult,Action,2017,23-03-2017,USA,10735457.84,10800084.2,25716162.49,1793564.84,4940560.02,5.9,70,4129,2914,Michael Ross,Shawn Washington
3437,Why source,Comedy,2011,11-10-2011,USA,5027690.26,10189252.37,24889243.62,2913327.42,4621672.03,8.1,75,873,402,Denise Horne,Joy Huber
3438,Personal direction table you,Drama,1984,27-02-1984,USA,3548903.14,5962486.92,12437374.41,1562399.03,3127984.11,7.0,45,15513,50,Sara Higgins,Thomas Hill
3439,Old after,Romance,2009,11-02-2009,USA,3091416.09,6793108.35,14713050.41,776741.87,3632234.44,6.6,70,1283,79,Robert Hendricks,Robert Garcia
3440,Summer board,Comedy,2000,10-07-2000,China,4191716.21,9643427.86,17788749.25,1333414.29,4927457.38,7.7,71,10672,547,Jonathan Evans,Larry Bishop
3441,Hope television history,Drama,2016,11-09-2016,USA,11725770.56,11796001.28,25004006.02,3181614.52,6650723.95,4.8,55,10495,89,Jeffrey Neal,Benjamin Mitchell
3442,Believe model,Drama,2014,23-10-2014,Canada,692906.1,914669.19,1501825.24,105821.31,400046.07,7.5,66,12895,1080,Ashley Medina,Lorraine White DDS
3443,Enjoy assume,Sci-Fi,2017,11-06-2017,USA,1305956.13,704294.15,1305956.13,159751.84,391201.81,5.4,57,4920,97,Gary Simmons,David Martin
3444,Nature too,Comedy,1968,18-09-1968,USA,2896069.88,4914334.56,10163567.47,1257614.75,2623548.4,4.2,41,10452,154,Megan Sharp,Mrs. Margaret Smith
3445,Budget able special,Sci-Fi,2011,08-08-2011,USA,1369536.91,1523089.42,3252467.71,355529.02,776493.64,4.7,49,1363,1321,Robin Hooper,Amanda Rivas
3446,Medical expert practice,Thriller,2018,02-08-2018,USA,29063715.92,22129917.12,36258516.92,2489935.45,10443518.51,6.3,58,5771,175,Emily Miller,Marissa Pena
3447,Shoulder across debate,Drama,2018,24-01-2018,USA,4143993.54,11379351.17,16636690.14,2617894.84,4613861.82,6.5,68,1448,196,Melanie Olson,Darren Jones
3448,Say issue,Action,2000,23-02-2000,USA,1526258.27,4621488.43,7031113.34,1218868.6,2336538.15,4.7,50,591,50,Suzanne Gonzalez,Brandon Davidson
3449,Identify western information,Drama,1967,22-02-1967,USA,209806.68,334695.93,564616.57,38797.25,197721.44,3.7,25,30886,91,Donna Wagner,Alexander Haley
3450,Those factor oil,Action,2003,20-08-2003,Germany,1428018.48,2407250.0,4432466.98,435274.21,1120551.95,6.8,46,2152,431,Claudia Smith,Jimmy Miller
3451,Any single institution,Comedy,2025,10-06-2025,USA,3922160.57,5663751.59,13227095.18,751661.8,2482561.1,7.1,88,18367,233,Jeremy Ray,Melissa Morales
3452,Accept explain system,Action,2004,24-10-2004,USA,2941697.83,4931734.11,8552165.59,1100385.03,2618176.91,5.2,63,6989,637,Raymond Morris,Ashley Gilmore
3453,Since financial make key,Horror,1988,06-09-1988,USA,6488978.86,6234208.84,11943082.94,1246485.29,2618529.61,6.5,71,2676,186,Crystal Harris,Patrick Barnett
3454,Sing office hair,Romance,2013,08-10-2013,Canada,813801.45,1405929.74,2059479.31,274347.66,753508.7,7.6,76,4609,92,William Carpenter,Rachel Howard
3455,Accept team significant,Drama,2018,09-06-2018,USA,3641277.66,2399865.61,3641277.66,647032.7,1214137.84,9.4,97,2259,1728,Paul Rogers,Heather Allison
3456,All true bad,Thriller,2018,28-09-2018,UK,5868815.59,6736049.37,10033062.63,1669457.67,3948462.85,7.8,99,620,50,Benjamin Hudson,Meghan Johnson
3457,Understand main process,Drama,2011,04-08-2011,Germany,21767864.94,22621710.35,38834141.19,5000835.7,12032185.34,5.3,53,25135,177,Stephanie Hayes,Lucas Collins
3458,Memory dinner,Romance,1985,05-08-1985,USA,1227839.16,1089998.94,2344954.48,170864.05,614024.01,6.6,79,316,463,Ashley Medina,Veronica Mills
3459,Sound situation,Romance,2010,03-09-2010,USA,1909017.37,4788944.91,8900090.88,761329.45,2203325.03,6.3,66,5380,291,James Miller,Patricia Ramirez
3460,Author program report,Romance,1986,13-06-1986,USA,5273933.38,6707264.22,10619996.18,1797179.43,3025704.2,5.9,61,6226,597,Brandon Fuller,Heather Williams
3461,Though by through,Thriller,2012,30-07-2012,USA,7732093.03,10801905.16,20734218.43,1513599.73,5018809.9,5.2,30,2125,1315,Daniel Rivera,Lucas Collins
3462,Low fire strategy,Drama,2014,05-10-2014,USA,1357512.06,2792183.06,4527268.29,729165.46,1664574.18,5.2,57,2119,50,Elizabeth Lane,Cassandra Dennis
3463,Day news last,Drama,2025,01-09-2025,India,1189155.04,1280285.19,2393588.64,197650.39,640972.07,6.0,69,1030,2843,Chad Peters MD,Stephanie Cervantes
3464,Writer new exist,Sci-Fi,2001,15-03-2001,USA,13578271.54,20928734.8,47183790.17,2318554.59,11261700.61,6.3,65,249,627,Michael Manning,Casey Briggs
3465,Work know pay,Drama,2005,16-05-2005,USA,5022847.98,10705841.82,20847579.18,2011762.32,6074314.15,8.4,75,1839,1541,Bethany Rodriguez,Nathan Nelson
3466,Happy garden glass,Horror,2023,02-05-2023,France,1395264.43,899007.69,1529820.6,154220.62,463710.81,6.4,76,21550,355,Paul Rogers,Gina Fernandez
3467,Cover low parent,Action,1992,03-06-1992,USA,258698.36,330071.66,717053.18,57876.26,192525.09,5.6,46,1090,943,Jeffrey Myers MD,Nathan Nelson
3468,Understand home help,Horror,1996,13-01-1996,USA,1014298.13,2434097.09,3771189.14,685903.48,1315335.25,6.2,63,1062,217,Faith Franklin,Joseph Gonzalez
3469,Provide according wish,Comedy,1981,10-05-1981,UK,3456992.46,5156921.26,11223526.15,586670.36,2611374.05,6.5,76,6602,464,Rachel Kirby,Miranda Armstrong
3470,Actually want last,Sci-Fi,1997,13-05-1997,USA,2567179.81,3088067.39,5995396.47,795231.44,1671924.99,8.7,73,4341,472,Adam Brown,Kelly Horn
3471,Agreement senior,Romance,2013,29-05-2013,USA,7005512.39,4797039.38,8100422.98,1157306.86,2346415.61,3.8,27,28005,103,Sophia Gomez,Eric Perry
3472,Claim ask,Comedy,1999,07-06-1999,USA,46713955.81,23451568.12,46713955.81,3793387.45,9907183.56,6.7,51,1439,75,Stephanie Hayes,Eric Cooper
3473,These work everything,Thriller,2007,25-11-2007,USA,1544396.63,4810604.88,7686872.32,1332076.26,2577433.74,6.4,62,765,1545,Robert Webster,Christina Buchanan
3474,Debate capital year,Documentary,1997,21-08-1997,USA,6279130.11,8465364.39,19234746.57,2064936.55,3728797.39,6.9,82,73587,221,Troy Cochran,Elizabeth Shannon
3475,Consider either,Comedy,2001,27-11-2001,USA,4512863.62,9188023.94,18063738.82,1095471.41,3914702.78,5.3,54,2851,50,Jeffrey Neal,Jimmy Smith
3476,Represent moment car,Comedy,1999,10-03-1999,India,32563240.47,89785202.0,153191890.4,23974496.89,53836674.71,4.2,33,1079,859,Joshua Morales,William Prince
3477,Candidate body bag,Drama,1958,26-06-1958,USA,14540526.24,18236876.8,40103795.81,2676379.26,8968057.05,5.7,57,6877,105,Michael Richards,Stephanie Stokes
3478,Want sister,Comedy,2000,21-05-2000,USA,2187827.89,2606656.59,4877866.01,554844.69,1223339.05,7.3,71,2219,173,Christian Hernandez,Sherry Turner
3479,Out turn couple,Thriller,1976,28-10-1976,UK,6922499.16,5574942.75,11237917.79,1109034.07,2814927.14,6.9,63,3594,255,Jennifer Miller,Catherine Rogers
3480,Get,Horror,2013,25-09-2013,China,138225.07,110312.86,223652.76,17843.98,59692.95,4.9,59,2144,50,Karen Robinson,David Martin
3481,Face,Drama,2003,04-12-2003,USA,22065081.56,34739059.94,81343157.88,9233829.07,15791298.35,7.1,60,1588,687,Joshua Baker,Melissa Cunningham
3482,Take,Documentary,2019,02-03-2019,USA,2846954.12,7474770.67,10964272.61,1336601.1,3389557.02,5.6,64,10270,1829,Chad Peters MD,Jennifer Richards
3483,Send between,Action,1979,14-05-1979,USA,4583801.64,3069358.35,4583801.64,500283.76,1684202.13,7.7,98,2955,50,Jessica Gonzalez,Carla Dougherty
3484,Age left be state,Action,1980,07-07-1980,USA,1707839.0,872739.51,1707839.0,130103.69,439749.91,6.1,78,3405,18226,Melissa Cohen,Christopher Hanson
3485,Open base,Action,2012,13-08-2012,USA,70044530.88,155209696.7,323322575.3,34807467.66,88222513.9,6.4,59,26093,1999,Sharon Wilson,Robin Dawson
3486,Low challenge consider describe,Thriller,2013,02-03-2013,USA,11584378.2,14525304.17,29139539.47,4057430.44,6188442.94,4.9,48,362,44100,Christopher Roach,Christopher Tucker
3487,Glass nice,Drama,1987,03-09-1987,China,8983024.37,18635846.53,30629608.8,3578370.55,7840398.66,9.0,75,145,1024,Samantha Campbell,George Green
3488,Nature ready,Action,2002,05-06-2002,France,3621846.42,6558088.33,12012315.61,1963105.64,3388020.97,4.0,42,12571,2077,Kristina Moore,Deanna Johnson
3489,Run serve,Sci-Fi,2005,23-10-2005,USA,2620242.35,5883185.29,12472620.65,588890.0,3048104.31,6.7,78,26662,716,Julie Maxwell,Pamela Lopez
3490,Know center,Romance,2002,05-02-2002,USA,1496715.94,3029581.22,5167294.03,360098.59,1575054.85,7.8,91,1001,687,Barbara Torres,Paige Gonzalez
3491,Hair attorney study,Drama,2025,21-03-2025,USA,12684246.66,10944846.27,24763334.21,1369247.16,5750774.95,6.2,65,1146,69,Susan Farley,Rodney Smith
3492,Send hold,Action,1989,03-05-1989,USA,11379950.22,20822056.13,41968298.93,2091294.51,12210404.75,4.9,51,1565,426,Charlotte Williams,Sharon Brady
3493,However sure name,Thriller,2005,12-03-2005,USA,31264664.72,19081856.48,31264664.72,2849401.16,8927766.68,8.9,74,17944,465,Gary Simmons,Brandon Davidson
3494,Animal design part morning,Comedy,1992,28-07-1992,USA,850921.42,1382099.06,2392679.39,344379.42,656302.16,5.5,57,2200,1675,Sonya Clark,Leonard Contreras
3495,Recognize degree,Drama,1981,12-08-1981,France,627427.33,414054.22,909881.32,123496.89,177829.32,8.5,88,3595,489,David Perez,Brian Gentry
3496,Better hold,Documentary,2003,07-10-2003,USA,49622703.18,29679220.01,54261410.04,4037692.03,12678598.55,6.3,73,1785,24060,Jerry Owens,Matthew Simmons
3497,High family teacher,Comedy,1988,15-06-1988,USA,3397178.93,7561011.18,14521544.81,1267714.1,3602001.67,6.7,59,1544,2616,Mrs. Hannah Campbell DDS,Andrew Lyons
3498,Spring week cold,Horror,1985,05-08-1985,USA,278605.05,830571.35,1224119.94,159671.02,395720.13,7.4,77,10414,1516,Jessica Gonzalez,Jason Chavez
3499,Compare tend,Sci-Fi,2016,17-11-2016,USA,12321145.01,6539049.48,16101224.88,1642274.17,3380460.37,9.3,85,6721,890,Renee Campbell,Ashley Pena
3500,Story move measure,Drama,1981,09-09-1981,China,3496494.6,9734972.4,16204437.03,2916943.01,4405648.73,4.8,54,15506,197,Robert Webster,Robert Garcia
3501,Range both,Thriller,2005,15-06-2005,USA,18675743.54,33687975.73,80808818.63,6248539.0,14402070.81,5.7,53,592,2218,Hannah Camacho,Christopher Benson
3502,Card ok,Drama,2012,13-05-2012,Australia,1041048.52,470515.91,1107638.46,108294.51,214850.01,9.1,91,8722,342,Michael Richards,Patrick Barnett
3503,Organization money item,Drama,1985,20-08-1985,USA,3039969.35,6382572.32,9435050.28,851517.84,3394869.96,6.1,75,4026,303,Jennifer Willis,Scott Anderson
3504,Actually,Horror,2007,02-08-2007,USA,13409811.9,27138504.02,56109399.91,7016441.82,12249307.37,4.7,62,3501,1336,Kayla Young,Ronald Thompson DDS
3505,Enough forget,Horror,2016,28-12-2016,Japan,12327577.81,10470215.69,18098682.71,1802679.22,4612287.79,5.9,64,2915,8039,Amanda Montgomery,Derek Jones
3506,Upon decade,Drama,1959,08-10-1959,UK,7179367.17,16440745.17,28190852.45,4544218.98,7550776.86,6.8,65,2129,3628,Lisa Atkins,John James
3507,War official,Comedy,2020,15-09-2020,USA,2402574.73,4333622.36,7096947.91,689094.53,2162848.05,6.7,66,550,1092,Paul Weiss,Anthony Rhodes
3508,Worry month,Sci-Fi,1985,02-10-1985,USA,81445236.5,188996331.3,332916777.9,37363643.86,105516469.8,5.4,48,14846,1647,Brian Robinson,William Brooks
3509,Million stop hit,Horror,2019,17-10-2019,USA,16295664.69,16311399.79,27329706.92,2493547.95,9712595.04,6.2,47,234,1448,Michael Manning,Sheila Dunn
3510,Their,Sci-Fi,2011,16-11-2011,UK,155553.9,388957.05,767889.0,49833.98,217293.31,7.9,80,50544,188,James Cross,Donald Franco
3511,List past,Comedy,1983,20-09-1983,USA,7454590.17,19593843.16,36595129.25,5741779.8,8398699.18,6.4,54,988,728,Jennifer Miller,Michelle Anderson
3512,Next,Comedy,2010,12-10-2010,USA,56241329.84,106846577.7,242296011.7,15727459.62,49377244.45,5.8,74,2150,523,Donna Hall,Jonathan Lee
3513,Consider wonder,Action,2023,26-09-2023,USA,19798620.04,19468441.07,34353597.21,4481759.76,9806395.57,6.7,64,1398,470,Thomas Peterson,Sharon Rodriguez
3514,Individual treatment culture,Comedy,2004,15-12-2004,USA,1487326.67,2443505.06,4072840.39,691285.2,989741.33,4.6,27,2452,619,Stephanie Hayes,Nicole Morales
3515,Level fund threat,Comedy,1985,28-08-1985,South Korea,550378.65,1689315.24,2557869.83,235740.49,951166.0,6.7,82,493,50,Patricia Munoz,Sharon Riley
3516,Theory shake,Action,2011,28-04-2011,USA,4094697.65,4280998.14,9725357.99,483861.02,2346872.85,6.0,55,1979,50,Roberto Underwood,Jennifer Hendricks
3517,His opportunity,Thriller,2021,04-07-2021,USA,66082800.38,130769492.9,206960293.0,24448993.43,61163970.98,8.6,90,2140,3091,Charles Lopez,Mark Morris
3518,Part eight,Action,1996,13-10-1996,USA,5776409.52,7458000.37,11001774.75,769997.42,4198003.75,5.9,47,1316,241,Charles Lopez,Peter Sanders
3519,After appear western,Comedy,2018,10-05-2018,USA,703281.22,466752.7,703281.22,70607.39,228506.05,8.1,86,1107,205,Darlene Murphy,John Perry
3520,For near,Thriller,1978,05-03-1978,China,630015.55,694654.09,1044882.65,199700.25,304479.8,7.6,60,6424,2282,Joshua Morales,Nicole Turner
3521,Action,Thriller,2020,10-01-2020,India,3118114.39,6097124.05,13704523.79,1086328.54,2710256.03,5.4,51,12689,700,Sharon Wilson,Michael Torres
3522,Off available,Comedy,1990,14-02-1990,Australia,5156354.18,3761615.51,7171690.15,797537.52,2030598.0,4.0,46,399,173,Mary Mitchell,Ronald Herrera
3523,Different special let,Drama,2024,09-06-2024,USA,6569237.91,5465177.09,9790721.8,725869.46,2723254.99,9.5,100,238,87,Colleen Willis,Timothy George
3524,Through stuff,Thriller,2011,07-01-2011,USA,8011894.3,8141403.2,12033886.25,2107665.51,3769966.9,7.2,67,1492,355,Nathan Bolton,Ian Williams
3525,Past,Romance,2015,10-10-2015,USA,12473056.14,32893216.28,53229085.41,5506242.72,16227909.73,7.3,76,20082,3214,Jeremy Ray,Anthony Cross
3526,Keep crime kind,Documentary,1994,04-04-1994,Germany,18652045.24,50200154.64,87975656.65,5801286.78,20269076.64,8.1,87,8785,852,Kimberly Barker,Ronald Thompson DDS
3527,Such employee,Comedy,2007,30-07-2007,USA,23147311.11,39477813.77,69017890.02,10037307.71,18362525.69,7.3,68,2905,472,Jeremy Davis,Amanda Jenkins
3528,Interview system I personal,Horror,1988,28-05-1988,UK,10811023.45,27073077.37,39680063.25,6012280.44,13340030.26,9.6,88,14288,927,Carolyn Schwartz,David Hart
3529,Gun church quickly,Action,2017,03-11-2017,USA,311886.44,373134.04,830905.05,90701.94,214577.85,5.0,45,533,288,Kim Watkins,Joseph Contreras
3530,Mention cold case view,Drama,1972,14-02-1972,France,472615.65,191352.85,472615.65,45260.18,92780.75,5.8,55,10788,1059,Judy Walker,Jimmy Miller
3531,Congress,Drama,2021,25-12-2021,USA,10215636.77,4877685.79,10704889.22,594734.51,2160016.4,7.5,62,10348,3138,David Perez,Daniel Thompson
3532,Also only issue,Romance,1961,30-08-1961,India,7331331.6,4666134.73,9959970.64,1316375.91,2013633.99,5.3,53,4750,50,Raymond Morris,Brian Mccormick
3533,Type ever cultural,Action,2007,10-12-2007,USA,2661846.59,3250302.86,5333126.87,763599.8,1632490.5,7.3,82,1948,137,Donna Hall,Lucas Collins
3534,Factor,Horror,1985,23-07-1985,USA,53785420.79,85584931.98,177970398.5,14813040.97,48130863.07,5.6,43,3687,3910,Vanessa Fox,Paul Glover
3535,Task they,Drama,1998,24-07-1998,USA,1851013.04,2495096.82,5305296.18,500298.49,1308421.92,4.4,37,6474,524,Renee Campbell,Jacqueline Cooper
3536,Letter black show,Horror,1953,01-04-1953,USA,9373992.14,10003617.8,16725849.7,1497153.53,5346933.4,6.5,75,395,2299,Robin Hooper,Scott Anderson
3537,Direction magazine,Romance,2023,20-07-2023,India,1048882.58,2791741.95,5041926.96,770895.35,1165032.24,6.2,88,43960,744,Michael Chung,Nicole Turner
3538,Study new,Action,1974,31-03-1974,USA,17471702.34,7200211.28,17471702.34,2065274.89,4033557.5,5.7,51,70835,3141,Melissa Hernandez,Kelly Horn
3539,Wait opportunity management,Thriller,1974,02-05-1974,USA,6276569.0,15786412.36,31266779.5,4426993.71,7333762.73,6.8,57,16507,654,Claudia Smith,Brenda Gomez
3540,Low might side,Drama,2017,01-04-2017,USA,5030206.38,2549500.9,5030206.38,418011.21,1238496.31,9.3,92,3462,589,Suzanne Gonzalez,Christopher Patterson
3541,Worry deep interesting,Romance,2011,13-02-2011,USA,2360041.62,4955469.63,7470879.44,528583.07,2463853.47,4.3,40,7578,137,Maria Lane,Christopher Hurst
3542,Soon method,Sci-Fi,1979,09-11-1979,USA,1755111.52,1950659.87,3605739.36,294916.25,846540.92,5.8,54,1413,1719,Faith Franklin,Meghan Mcintosh
3543,Center office work,Sci-Fi,1981,25-12-1981,USA,19269495.85,44514536.78,86621379.27,8255713.61,23715614.3,6.3,67,40307,50,Barbara Torres,Brooke Stanley
3544,Agree position,Documentary,2025,07-07-2025,USA,4260157.13,5830582.39,13827204.39,1123796.1,3025937.15,7.0,66,483,50,Amber Anderson,Mrs. Stephanie Palmer
3545,Seat skin,Sci-Fi,2012,05-08-2012,France,12384626.22,7823826.26,12384626.22,1513470.85,3573267.77,6.5,60,2915,684,Kim Watkins,Sandra Spears
3546,Certainly pressure cold,Horror,2013,09-07-2013,USA,556966.83,1795500.42,2671578.53,529244.99,985039.21,8.2,76,323,831,Jonathan Evans,Teresa Santos PhD
3547,Bill surface,Drama,1989,18-07-1989,Australia,6585010.41,6184891.18,13277066.62,1455522.1,3666787.78,7.1,74,3151,139,Ashley Medina,Nicole Turner
3548,Material including,Romance,2022,06-08-2022,USA,10327457.54,33556845.58,49691431.14,5123875.7,15320189.37,5.5,71,2885,10270,David Rosales,Andrew Walker PhD
3549,Standard ready another,Drama,1990,15-06-1990,USA,9956523.65,16955283.78,39914376.95,4932954.21,10062811.22,7.9,95,21618,173,Brooke Morales,Meredith Williams
3550,Goal president,Drama,2008,24-02-2008,India,46287146.85,96560537.99,169967491.7,28379784.84,47927330.02,7.0,68,5068,74,Abigail Robles,Tracy Klein
3551,Want major save,Drama,2022,06-10-2022,USA,2656215.74,5160066.81,9886130.67,602624.82,3095520.28,5.4,63,1500,104,Andrew Chambers,Derek Jones
3552,Major people others,Sci-Fi,1980,21-05-1980,USA,2766593.54,4476748.9,7667968.6,694125.91,2051682.67,8.8,90,3217,199,Tara Underwood,Christopher Benson
3553,Bring,Drama,2018,04-04-2018,UK,354362.1,692898.25,1179742.8,145140.59,303030.28,7.1,73,178,50,Samantha Campbell,Donald Benson
3554,Thousand of happy,Thriller,1954,17-02-1954,USA,21572871.09,52223421.53,92466037.78,12557816.87,26281174.56,4.9,53,6600,3480,Sharon Wilson,Jamie Cunningham
3555,That past five,Romance,1980,29-06-1980,USA,2855923.19,1812577.85,3049836.02,513769.02,846277.95,4.2,32,10387,83,Renee Campbell,Donald Franco
3556,Lawyer size,Action,2024,15-11-2024,USA,62368260.11,123879366.4,276993700.4,33807983.53,54973977.65,5.4,53,350,167,Maria Lane,Marissa Pena
3557,Interview be pretty,Romance,2011,06-04-2011,France,1099379.68,2317334.08,3966571.54,391941.72,1062060.38,3.9,47,2142,796,Faith Franklin,Jennifer Moore
3558,Senior indicate example,Action,1960,27-06-1960,USA,3415515.21,3653762.06,6798720.53,1019209.65,2023198.44,7.2,82,4077,60,David Rosales,Jennifer Hall
3559,Country cause purpose,Drama,2013,29-12-2013,USA,107950948.2,69982937.6,170379836.2,9256711.64,30165763.06,6.3,62,301,50,Seth Whitehead,Carla Dougherty
3560,Explain method,Action,2000,01-04-2000,USA,4862401.49,4978325.82,11455486.77,945553.01,2804773.42,6.5,83,7144,362,Diana Davis,Samuel Bond MD
3561,Worker compare school,Drama,1979,14-03-1979,USA,2762746.18,3894591.52,7074398.06,815581.06,2053605.43,5.2,62,7120,58,Jennifer Miller,Larry Bishop
3562,Network head,Drama,2021,25-08-2021,USA,2416438.31,2064559.21,3364531.26,603067.12,826925.71,7.4,73,16497,53,Sara Higgins,Michael Hughes
3563,Specific method individual position,Action,1975,07-12-1975,USA,3854332.24,4368041.25,8733659.67,504826.83,2319880.53,6.9,84,639,50,Andrew Chambers,Catherine Rogers
3564,Believe international,Comedy,2019,19-02-2019,Germany,5871645.72,6977614.05,16101004.81,1443654.49,3289372.93,5.2,45,17820,4181,Troy Cochran,Elizabeth Holmes
3565,Phone too account,Comedy,2000,19-09-2000,USA,2486779.31,2874640.19,4139777.37,665295.89,1273644.4,7.6,82,3468,53,Gary Simmons,Adam Williams
3566,Card arm,Thriller,2009,12-12-2009,USA,275815.27,295815.5,493120.56,49763.02,161771.43,7.7,54,4571,552,Bethany Rodriguez,Joseph Leon
3567,Change available,Thriller,1978,25-03-1978,USA,504098.61,234484.06,504098.61,50578.2,128822.68,8.4,100,15646,67,William Banks,Mark Crosby
3568,Small deal,Horror,2020,14-06-2020,USA,797061.52,854234.4,1513309.81,110233.02,373671.51,6.8,58,4129,5933,Michael Richards,David Lopez
3569,Check letter,Comedy,2017,24-05-2017,Canada,735752.53,2053989.46,3330157.97,567241.72,967906.49,7.1,81,2054,70,Sophia Gomez,Jorge Thompson
3570,Return past per,Documentary,2012,26-12-2012,USA,2286871.27,4279452.37,9986516.54,773883.24,2532632.88,5.7,85,6493,468,Lori Callahan,Mckenzie Perez
3571,Common weight citizen,Drama,2024,09-01-2024,USA,6213886.78,11177791.65,19375725.52,2491657.0,5015125.49,6.0,60,1307,170,Christopher Roach,Kristy Faulkner
3572,Tough argue our,Thriller,1967,30-10-1967,USA,4415178.36,6403204.67,10823199.79,930046.58,3544811.93,4.1,45,27565,2129,Jeremy Ray,Anthony Cross
3573,Before,Thriller,1975,05-11-1975,USA,154956.03,251835.43,445043.84,48049.41,122379.64,4.2,36,20148,133,Rachel Kirby,Jennifer Hall
3574,Start road city,Comedy,1980,23-03-1980,USA,6804256.84,3654899.4,6804256.84,973153.35,1718518.2,8.2,75,316,91,Kristina Moore,Kelly Horn
3575,Firm evening,Horror,2002,13-07-2002,USA,1388356.77,4560518.47,6802448.33,943376.76,2141392.47,7.4,71,3134,170,Roberto Underwood,Nathan Nelson
3576,Ok culture far either,Horror,2012,19-10-2012,USA,6735465.87,5453075.74,13367577.08,1312505.07,3029765.32,6.0,61,1241,499,Courtney Reynolds,Jason Mercer
3577,Get hear,Comedy,2024,22-06-2024,USA,30781672.18,52404978.23,87418001.86,7400879.99,26844623.56,6.3,54,100,173,Ashley Medina,Gina Fernandez
3578,Garden prepare both,Horror,1992,01-04-1992,USA,283004.79,282277.08,466971.97,80983.35,157172.1,4.4,52,117,2537,Ashley Medina,Mrs. Margaret Smith
3579,Citizen specific system,Action,2021,02-09-2021,USA,5188725.59,5344129.13,12038698.33,1013985.64,3076664.17,7.3,79,1306,649,Thomas Peterson,John Strickland
3580,Class natural matter I,Comedy,1974,05-02-1974,USA,9962805.3,26718521.47,47398326.96,6317791.94,15217002.7,6.5,61,10289,7090,Jennifer Willis,Ashley Pena
3581,Everyone drop,Sci-Fi,1994,15-09-1994,USA,7901103.2,4275317.72,9656235.07,428089.13,1932280.14,5.8,55,11143,806,Sean Howard,Becky Kerr
3582,Perform tree remember,Horror,2006,01-07-2006,USA,31887261.18,23561262.83,34722794.3,5926839.78,11302637.46,6.0,66,100,518,Jessica Singh,Casey Collins
3583,Beautiful price,Horror,2006,01-01-2006,USA,1678884.4,1188229.99,2577210.25,277954.53,703478.21,7.1,65,1126,50,Susan Farley,Amber Willis
3584,For rock administration final,Horror,1993,21-09-1993,USA,12760168.76,15304921.73,26252791.5,3628899.97,9160663.76,4.8,36,1697,912,Diana Davis,Rodney Smith
3585,Cover gas,Action,1999,23-06-1999,USA,1902662.48,3628332.2,7591943.38,521881.62,2160632.62,7.7,76,392,140,Caitlin Brewer,Kristy Faulkner
3586,And claim voice piece,Documentary,2010,16-11-2010,USA,17545603.76,14075118.66,24978069.57,4221469.28,8011139.53,6.4,51,476,22109,Jessica Gonzalez,Richard Miller
3587,Vote run,Comedy,2001,25-10-2001,USA,12597947.08,12239857.78,28989211.17,3614567.1,6456811.62,5.6,68,1737,67,Daniel Brown,Thomas Hill
3588,Throw culture treat,Sci-Fi,1993,18-10-1993,UK,5373183.48,14064522.33,26533892.63,3371229.74,7755332.43,6.9,62,297,50,Anthony Henry,Jimmy Miller
3589,Cut high,Horror,1997,31-01-1997,USA,943898.66,2106201.09,3603390.98,355488.42,1221216.16,5.4,60,23691,255869,John Jones,Daryl Douglas
3590,Process take television,Comedy,2020,01-10-2020,USA,42154366.59,31230757.27,57802711.64,8870125.52,13228515.48,5.5,75,4224,157,Tara Underwood,Sabrina Massey
3591,Culture maybe hundred education,Sci-Fi,2010,05-08-2010,China,786070.96,1007132.27,1681024.82,232070.45,577403.88,7.1,65,18527,1855,Susan Farley,Courtney Butler
3592,Charge pass themselves,Action,2007,21-04-2007,China,6278720.42,7173172.09,15831968.86,1121539.66,2920949.14,5.3,38,2696,147,Paul Rogers,John Strickland
3593,Movement sometimes writer,Horror,2015,01-09-2015,USA,3950032.55,8172632.14,17680445.36,1635617.47,4524593.95,5.2,50,9843,998,Michael Manning,Brenda Guerrero
3594,People reveal certain,Drama,1977,10-11-1977,USA,23507401.32,46987181.02,74653769.9,11764870.44,24575399.24,6.8,84,35135,175,Samantha Campbell,Tyler Cooper
3595,Air meeting college,Comedy,1969,03-08-1969,USA,158627286.7,166313600.8,408780798.3,45914630.28,80075689.02,7.5,89,436,90,Mr. Drew Clark Jr.,Anthony Rhodes
3596,Such southern,Sci-Fi,2005,03-07-2005,USA,5113093.98,11369311.68,20428574.45,2555955.37,6067516.67,5.1,51,9373,249,Janice Taylor,Ashley Pena
3597,Environment,Drama,2018,02-11-2018,USA,1795572.66,4126713.25,6393167.2,1232183.59,2174201.59,4.1,32,539,148,Jordan Orozco,Steven Green
3598,System movement real,Romance,2002,01-05-2002,USA,448942.98,908790.05,1456008.47,133865.93,508485.55,5.5,63,1048,322,Amber Anderson,John Jones
3599,Dream business,Drama,2009,30-10-2009,USA,17693272.45,39582808.92,74888001.5,6792989.38,23043555.34,8.3,63,24230,468,Mr. Drew Clark Jr.,Tonya Campbell
3600,Employee why break,Action,1974,21-03-1974,USA,2056200.53,5048968.32,7569264.6,1112001.04,2664942.92,5.4,50,573,121,Jeremy Ray,John Perry
3601,Remain remain energy,Thriller,2013,17-07-2013,USA,1425614.51,1760448.56,3578417.11,442476.51,1017702.5,7.4,79,17130,870,Tyler Sanchez,Christina Jones
3602,Air act feel,Action,1996,04-07-1996,USA,5893323.56,8994497.61,13668345.84,1176663.16,3944124.62,5.3,50,437,2213,Jessica Gonzalez,Patricia Keller
3603,Meet,Comedy,2015,03-07-2015,India,17218395.16,16607796.82,35264487.62,4270961.63,6677652.88,7.1,67,2299,62144,David Hall,Jacqueline Cooper
3604,Successful local,Romance,2009,24-01-2009,India,11056410.96,11648565.83,18342049.61,2144715.65,5927182.28,6.1,53,22599,50,Troy Cochran,Dominique Aguirre
3605,Wife garden,Drama,1986,27-04-1986,USA,25636066.0,48940812.45,106010990.6,6164468.38,25838161.51,6.9,74,60115,203,Kayla Young,Jennifer Richards
3606,Across amount bed,Comedy,1969,08-05-1969,UK,2549353.33,3755376.36,7950495.34,943366.4,2114119.18,4.7,50,20049,159,Sonya Clark,Teresa Davis
3607,Religious brother economy,Drama,2012,22-02-2012,USA,3089378.91,9687997.04,14406031.5,2258612.48,5428935.7,8.4,80,881,50,Manuel Benton,Brian Rodriguez
3608,Mind,Action,1983,10-07-1983,Canada,893632.04,617519.03,893632.04,151077.25,255783.3,8.0,83,762,50,Kimberly Barker,Patricia Keller
3609,Debate amount especially,Drama,1975,28-09-1975,USA,4416389.82,2699375.23,5053629.83,506834.55,1423990.86,7.0,57,7940,845,Robin Hooper,Joseph Gonzalez
3610,Star someone realize clear,Comedy,2023,06-11-2023,Germany,475088.67,1242420.69,2272240.58,321265.51,705587.67,7.2,72,15937,1441,John Jones,Darren Jones
3611,For culture than investment,Documentary,2025,08-07-2025,USA,790975.8,1558710.01,3495196.28,359436.34,680616.48,4.1,35,12015,12959,David Hall,John Strickland
3612,Use least article,Thriller,1995,02-03-1995,USA,907414.65,572711.18,907414.65,109795.82,230015.15,8.6,80,3386,189,William Banks,Jacqueline Cooper
3613,Few radio media,Action,1995,15-03-1995,USA,4162469.73,8408717.6,13878744.01,2288202.68,4602047.32,7.6,71,5505,50,Philip Simmons,Elizabeth Shannon
3614,None itself,Drama,1988,20-02-1988,Canada,10407712.26,22099213.48,48160056.14,3836089.47,8995713.45,7.0,86,2060,263,Mrs. Hannah Campbell DDS,Sherry Turner
3615,Door network,Action,2015,01-11-2015,USA,389669.67,730386.82,1135240.91,203517.34,363665.58,7.9,75,3805,3694,Janice Taylor,Jorge Kennedy
3616,How student stuff share,Romance,2021,22-07-2021,USA,3007566.28,5243907.18,12373611.58,717130.71,2139322.08,5.1,43,9086,50,Mark Moody,Noah Harrison
3617,Support perform,Horror,2005,13-05-2005,USA,900999.4,1883140.47,2711995.75,380543.7,1107252.16,4.7,55,492,558,Dr. Michael Monroe,Olivia Allen
3618,Painting must,Romance,1993,04-07-1993,USA,10851134.86,27707085.54,48405142.03,3697494.47,15658718.58,9.2,91,11378,937,Mr. Drew Clark Jr.,Duane Fletcher DDS
3619,This sport,Horror,1965,27-03-1965,USA,951364.34,869724.57,1449520.79,212425.74,491895.51,6.1,63,1377,2396,Colleen Willis,Dawn Blake
3620,Shake still beautiful,Comedy,1971,04-08-1971,USA,26378299.66,71624999.88,125297813.9,13284785.63,34143098.33,6.9,72,2615,50452,Dr. Michael Monroe,Joseph Contreras
3621,Record edge store,Horror,1961,01-07-1961,USA,2414324.86,1963507.53,3028406.74,258888.43,1062831.7,6.2,72,3792,1203,Donna Wagner,Kimberly Ramirez
3622,Defense,Comedy,1986,30-11-1986,USA,9080830.09,12807125.45,30869814.41,3324482.46,5686717.0,6.9,77,2651,2111,Melissa Hernandez,John James
3623,Seem late college,Comedy,1984,26-07-1984,France,5616433.9,5870717.15,8992649.66,1751479.74,2558593.5,6.7,60,587,265,Terry Lawrence,Michael Hughes
3624,Argue part return,Horror,1984,06-07-1984,France,23642544.18,71689226.63,114403571.8,9581808.64,30523953.19,7.9,85,2322,71,Adam Brown,Brandon Davidson
3625,Friend analysis,Drama,1983,23-02-1983,USA,254327.23,206062.23,371151.59,36715.0,89183.17,7.4,75,727,3963,Carolyn Schwartz,Eric Perry
3626,Particularly with,Horror,2008,14-04-2008,USA,988272.3,1345053.13,3150660.47,334755.29,704291.12,8.3,96,1343,5620,Darrell Carlson,Eric Nelson
3627,Against explain year,Drama,2010,22-01-2010,USA,1188434.42,1961564.46,4759320.06,551097.05,1054520.9,5.9,77,2185,616,Robert Hendricks,Adam Montes
3628,Hotel possible,Horror,2005,13-01-2005,USA,4555654.83,5973020.48,8705891.11,894811.69,3058364.25,7.1,60,1711,105,Charlotte Williams,Greg Ball
3629,Lawyer discover shoulder answer,Documentary,2015,09-07-2015,USA,7427445.07,11349568.32,16890451.07,1801571.3,5765981.6,6.3,50,1004,17608,Jennifer Atkinson,Olivia Ortiz
3630,Hotel because,Romance,2012,07-09-2012,India,137791974.1,303364663.0,458662824.2,53891433.41,146035937.6,3.9,32,5973,229,James Wright,Rebecca Mejia
3631,With particularly,Romance,1987,23-06-1987,UK,24288513.85,10278234.37,24288513.85,2341107.38,4979520.12,9.6,90,23478,3018,Jeremy Davis,Vincent Suarez
3632,Return line,Drama,2018,22-01-2018,Germany,7413901.38,4715381.93,7413901.38,743031.18,2704404.77,6.6,44,187,453,David Rosales,Nicole Dawson
3633,Source something,Comedy,2009,03-05-2009,USA,3875000.16,2476615.64,3875000.16,471020.29,1097618.09,7.7,95,39276,72,Emily Miller,Brenda Wheeler
3634,Maintain minute,Romance,2002,18-09-2002,USA,168526.97,108003.19,209891.75,26387.41,62905.17,7.3,74,1986,126,David Hall,James Erickson
3635,Practice describe,Horror,1964,13-06-1964,USA,2085874.72,5985061.63,9384704.18,889402.93,2977875.47,5.6,66,2687,312,Kelsey Ellis,Heather Williams
3636,Partner recent too,Comedy,1998,20-07-1998,France,3307096.5,2931594.53,4470722.45,794521.05,1258174.81,8.0,87,4079,3610,Robert Hendricks,Dawn Blake
3637,Bad ground floor why,Drama,1998,04-09-1998,USA,1983369.64,5708532.15,8559257.04,1627679.89,2336712.67,7.6,63,6845,432,Melissa Cohen,Joshua Willis
3638,Anything society skin,Comedy,1996,15-06-1996,USA,7907848.22,5032705.44,10906567.41,1182220.09,2389567.96,7.6,69,1956,50,Brandon Fuller,Benjamin Walters
3639,Actually within save,Sci-Fi,1989,18-05-1989,UK,2004494.06,3589100.25,5654481.82,922050.26,1478747.07,5.6,61,774,97,William Carpenter,Melissa Mcgee
3640,Sure last recognize,Drama,1990,14-07-1990,USA,1269415.45,1585019.7,2472801.35,394039.95,785637.14,7.1,76,1072,8199,Karen Barrett,Casey Collins
3641,Mind matter,Drama,2015,28-08-2015,USA,18390406.91,13062366.61,25345929.53,2673104.87,7251790.37,9.7,73,5904,60,Mary Mitchell,Timothy George
3642,Will win,Thriller,2014,13-05-2014,USA,10958879.35,13988283.36,29120043.0,4102532.14,5661805.71,6.3,56,1230,127,Gary Simmons,Tracy Williams
3643,Almost effect yard,Thriller,2006,02-01-2006,USA,359254.41,426256.55,647053.3,80498.24,184626.93,6.3,61,1513,324,Stephanie Hayes,Daniel Hughes
3644,Enough need,Thriller,2003,14-01-2003,USA,143939.54,449994.22,647883.85,117569.19,198601.33,7.3,63,1649,181,Ryan Tate,Robert Reynolds
3645,Glass every debate,Horror,2009,23-09-2009,USA,1270156.71,1021805.57,2001178.64,293662.98,508631.17,5.4,34,7565,12551,Terry Lawrence,Kimberly Ray
3646,Produce serve,Documentary,2023,12-01-2023,India,1682912.95,1306556.55,2054352.34,287612.88,752601.89,6.2,48,1353,50,Lisa Atkins,Nicole Morales
3647,Challenge know,Comedy,2007,09-01-2007,India,9225630.36,16061468.07,30536703.63,3245416.16,9245764.63,7.0,73,358,718,Bryan Murray,Joshua Walker
3648,Perhaps create,Comedy,1998,29-04-1998,USA,303532.73,455862.16,934718.17,72324.51,208672.25,6.0,47,3698,128,Christian Hernandez,Ashley Juarez
3649,Look,Action,2019,16-02-2019,Canada,2230463.07,3698924.76,6494509.66,621674.23,1709182.45,9.1,99,7038,317,Brooke Morales,Jason Mercer
3650,Along word,Romance,2022,27-09-2022,USA,6029356.77,16198107.39,23266647.88,2921222.37,7371543.87,5.0,35,1139,103,Nicholas Murphy,Christopher Benson
3651,Better decide,Horror,1953,12-02-1953,USA,816565.68,1174882.0,2497903.42,187868.05,587080.38,3.3,63,6082,50,Janice Taylor,Lorraine White DDS
3652,Large dream imagine,Drama,2024,31-05-2024,USA,4290145.74,3585394.62,6519220.33,939744.48,2121093.26,8.2,98,6054,14322,David Charles,Nathan Nelson
3653,Technology shake,Drama,2024,01-07-2024,USA,4263574.38,6789639.22,14079348.79,1125018.49,3371411.49,5.4,50,379,1362,Brandon Fuller,Dalton Johnson
3654,Republican southern term,Romance,2013,13-10-2013,USA,11975029.42,9682089.81,13930541.28,1158531.34,4916463.11,6.9,74,3253,7583,Kimberly Barker,Brittany Kelly
3655,Course us,Romance,1977,29-11-1977,USA,9612560.98,22515811.79,33376343.86,6236823.45,12730110.73,4.5,49,2195,50,Shannon Ross,Jennifer Moore
3656,Defense discover,Sci-Fi,2018,08-04-2018,USA,7524001.1,14598470.33,23880865.36,3098705.35,6031549.63,7.4,64,4790,649,Christopher Roach,Jorge Thompson
3657,Real item,Horror,1976,20-10-1976,USA,1581035.32,1472593.16,2801749.51,244138.28,634930.63,5.8,37,957,50,Sean Howard,Ronald Thompson DDS
3658,Her evening,Thriller,1952,18-06-1952,USA,4464415.32,3965316.81,6525796.47,604208.11,1586353.04,5.2,52,9556,122,James Cross,Anna Vasquez
3659,Edge stay economy husband,Horror,1965,05-08-1965,USA,455875.16,466493.17,934499.98,118858.61,249887.56,5.1,35,3620,4030,Jacqueline Briggs,Jimmy Miller
3660,Idea machine American,Action,2009,07-03-2009,India,17416924.93,38156627.62,79302110.99,10070249.92,20617507.02,5.0,36,9375,12140,Vanessa Fox,David Martin
3661,Leg clear career,Action,1992,11-07-1992,USA,6010001.89,3628039.18,6010001.89,687061.12,2012838.89,5.3,42,3369,983,Jacqueline Briggs,David Clark
3662,There system,Drama,1992,19-05-1992,USA,36653593.05,48772141.33,101471551.3,12396412.59,21099524.14,9.9,100,8375,50,Samantha Campbell,Sydney Jordan
3663,Mission rate,Drama,1974,18-03-1974,USA,3646769.51,10353787.31,18185470.57,3052336.69,5441878.82,5.8,40,26176,50,Francisco Ford,William Brooks
3664,Maintain together,Action,1959,10-06-1959,USA,788097.05,750989.12,1427443.47,126703.25,328382.66,8.3,87,226,12614,Mr. Jorge Anderson,Isaiah French
3665,Clear indicate,Comedy,1982,28-01-1982,USA,1629544.35,3094240.03,4974776.52,866835.01,1325914.56,5.4,68,31135,874,Sean Howard,Brittany Kelly
3666,Explain bed,Romance,2017,27-09-2017,USA,1395694.59,3097296.3,4546234.27,806046.19,1241059.16,6.1,58,7146,284,Nathan Bolton,Jeffrey Holloway
3667,Call relate down,Documentary,1961,20-07-1961,USA,40571232.27,27514078.31,65696041.45,7818763.33,16486979.0,5.9,35,1712,487,Brenda Smith,Nicholas Williamson
3668,Sometimes international nothing,Romance,2018,13-01-2018,France,4496255.38,1969763.38,4496255.38,399685.84,825355.75,4.8,37,2127,352,Roberto Underwood,Shannon Hunt
3669,Window two key wear,Thriller,1963,22-10-1963,China,122933336.9,127834539.8,301601863.4,34704086.21,70714069.78,7.8,75,14045,23408,Hannah Camacho,Jeffrey Jenkins
3670,Writer analysis,Horror,2025,02-06-2025,USA,697130.71,1002103.22,1500261.07,263174.35,405370.16,4.6,49,7326,118,Robert Webster,Ryan Hood
3671,Market he suggest,Romance,1956,23-09-1956,India,85950410.96,86268097.84,194932646.5,14512757.61,45306460.22,6.1,67,3914,105,Rachel Kirby,Stephanie Cervantes
3672,Player issue yourself,Romance,2011,05-06-2011,USA,2374592.39,3501629.12,7095817.12,950034.31,1840720.28,5.4,47,4155,3130,Tyler Sanchez,Carolyn Calhoun
3673,Address true list,Horror,1954,25-12-1954,USA,13901597.7,28665519.33,44522398.94,5805434.62,16268310.18,7.1,59,6873,369,Mrs. Hannah Campbell DDS,Tracy Klein
3674,Wrong mean,Thriller,2019,25-09-2019,India,8908196.44,25062636.51,36412778.7,6613380.42,12082383.35,6.6,68,1674,50,Albert Phillips,Christopher Tucker
3675,Suffer story culture,Documentary,2016,29-03-2016,India,15795729.38,10088560.23,19992011.45,1473181.39,4455682.75,8.8,84,100,1695,Mary Mitchell,Vincent Suarez
3676,Moment drop,Thriller,1990,10-02-1990,USA,1755806.43,1029931.64,2233063.95,153726.41,462174.9,6.8,67,4449,19783,David Rosales,David Castillo
3677,Fund draw baby,Horror,1969,12-07-1969,USA,339295.27,157547.18,339295.27,33817.04,74088.65,8.4,71,7846,10831,Joshua Morales,Teresa Davis
3678,Keep property agreement,Horror,1987,07-10-1987,India,6930113.61,7991209.98,16441630.79,2045992.34,3910660.05,5.1,57,6372,331,Janice Taylor,Mark Crosby
3679,Cover bed meet,Thriller,2000,08-02-2000,USA,1532952.36,811459.99,1532952.36,166182.38,486449.32,4.6,40,14121,173,Jennifer Atkinson,Kevin Fernandez
3680,Officer big,Comedy,2024,15-01-2024,India,3585544.16,2250205.3,3585544.16,455552.26,1246731.12,7.9,87,322,69,Melissa Cohen,Ian Williams
3681,Suddenly decide,Drama,2011,18-04-2011,USA,1867887.28,2077871.49,4023055.2,490967.84,1196853.21,6.3,76,4185,682,Abigail Robles,Dennis Rogers
3682,Network nature ground,Horror,1974,25-07-1974,USA,1332233.26,2785815.93,4922350.07,479714.39,1369788.31,9.5,94,2398,50,Benjamin Ray,Larry Bishop
3683,Age care course,Comedy,1977,14-06-1977,USA,9980046.17,6050654.69,11080221.42,1554982.79,3484546.27,7.7,63,2088,284,Lisa Atkins,Darren Jones
3684,Read throw suffer,Comedy,2009,18-03-2009,USA,25024052.17,29080006.69,53041811.12,7700165.2,14557775.36,6.1,55,5225,96,Diane Skinner,Mrs. Margaret Smith
3685,Contain feel,Horror,1989,24-09-1989,USA,12520794.84,27002653.68,49402319.05,5742927.88,12413119.94,5.5,60,2294,926,Elizabeth Lane,Sharon Rodriguez
3686,Back design,Drama,1981,26-11-1981,Australia,2316995.06,3805021.21,7457248.84,434845.48,1865573.36,6.0,57,492,50,James Cross,Alison Clark
3687,Eat though news,Action,2010,28-07-2010,USA,4975559.19,8233474.56,14876997.5,2215405.52,4132464.1,6.1,38,15074,298,Paul Weiss,Dustin Jackson
3688,Build,Drama,2002,12-06-2002,USA,3919003.32,4564323.71,10555925.64,1334096.94,2636378.04,7.0,69,3758,85,William Carpenter,Lynn Pierce
3689,Deep reach,Drama,2005,18-04-2005,USA,994273.84,2139171.44,4792441.03,601073.72,950120.98,4.1,44,186,7106,James Wright,Amanda Rivas
3690,Guess way above,Drama,2000,28-11-2000,UK,593272.76,1500715.81,2288059.68,312927.89,684382.15,6.7,88,2015,50,Brian Robinson,Amanda Jenkins
3691,Loss provide too,Comedy,1994,11-12-1994,USA,5409104.63,9731719.7,22597017.54,1238488.02,4915918.55,7.3,78,30794,138,Roberto Underwood,Alexander Haley
3692,Task get stage,Sci-Fi,1981,30-05-1981,USA,5412917.9,15122224.84,23949935.0,3412034.35,6747692.43,6.5,58,372,468,Nathan Bolton,Douglas Davis
3693,Show edge yes go,Comedy,2019,15-09-2019,USA,2799124.75,5714748.87,13709872.73,1695330.25,2331164.33,9.2,100,12435,24244,Rachel Kirby,Samantha Vargas
3694,Security provide themselves,Drama,1990,20-01-1990,South Korea,11709380.84,13996944.7,33609651.03,2580090.04,6537854.92,4.0,28,6880,345,Shannon Ross,Miss Jennifer Parsons
3695,Piece someone high,Thriller,1984,01-06-1984,India,3461556.62,3078470.99,7478356.75,795017.69,1386480.55,9.1,98,14585,50,Jordan Orozco,Christopher Tucker
3696,Resource,Action,2014,23-07-2014,USA,1240935.03,2276589.95,3938227.1,351228.67,1099222.75,3.8,48,264,400,Renee Campbell,Robin Dawson
3697,Bag network professor,Comedy,1957,02-09-1957,USA,1629997.0,2313564.01,5488603.28,662536.47,1123227.62,6.3,60,9892,1249,Jennifer Miller,Terry Martinez
3698,Better parent lead,Action,2012,30-01-2012,USA,465080.74,275608.47,465080.74,59722.24,159239.71,6.3,74,482,5124,Terry Lawrence,Timothy James
3699,Five commercial sing,Drama,1958,20-10-1958,Japan,4499165.79,8952083.12,15460503.15,1797261.09,4382259.41,3.0,36,783,1086,Joseph Willis,Jason Chavez
3700,A page us,Drama,2001,25-05-2001,USA,1562306.6,1412422.68,3181169.99,377085.82,815908.6,6.3,63,8733,106,Michelle Collins,Amanda Rivas
3701,Forward number,Comedy,2001,24-04-2001,USA,7803708.17,12342963.91,20988052.52,3526318.67,5087349.74,5.4,48,722,113,Suzanne Gonzalez,Sharon Riley
3702,Avoid similar,Horror,1999,17-05-1999,Australia,24700662.85,44846252.37,101387595.6,13090894.95,24873709.08,6.5,62,2945,1312,Caitlin Brewer,Ian Williams
3703,Young,Comedy,1998,30-07-1998,Canada,6373460.71,14895237.43,30707331.33,2361439.81,6396874.83,7.8,68,3893,146,Jonathan Evans,Mark Crosby
3704,Above customer people,Drama,2006,24-04-2006,USA,2012928.71,3862041.38,8809109.6,1011162.35,1650444.15,6.8,74,6904,93,Jacqueline Briggs,Carolyn Calhoun
3705,Body but north,Comedy,1968,05-08-1968,Canada,300000000.0,675644787.8,1146717133.0,91246375.36,273727811.1,8.9,90,278,73,Michelle Collins,Melissa Lopez
3706,View open,Horror,2005,24-04-2005,USA,1509464.05,1036027.25,1509464.05,150364.81,486353.94,3.7,31,3305,4141,Barbara Torres,Sheila Dunn
3707,Notice strategy,Horror,2004,04-12-2004,USA,688813.39,1673913.54,3087627.48,399694.82,694472.14,7.1,72,9037,373,Kim Watkins,Jeffrey Smith
3708,Soldier them least,Documentary,1959,18-12-1959,USA,5352902.69,9044342.3,13546498.85,2296432.89,3774179.38,6.2,43,16509,50,Samantha Campbell,Julie Hoffman
3709,Friend still glass,Thriller,2013,28-10-2013,USA,30458428.1,51112307.7,112113199.4,12396749.66,24161019.85,9.4,100,958,234,Sharon Wilson,Olivia Allen
3710,Heavy once listen,Romance,2008,08-11-2008,USA,1815582.49,4054746.18,7589453.79,460938.08,1718968.7,3.7,34,732,50,Eric Ramirez,David Castillo
3711,Country firm student air,Drama,1985,08-12-1985,USA,3601911.7,2618508.11,4210857.73,363270.91,1190694.28,8.6,85,5943,50,Francisco Ford,Melissa Melendez
3712,Those person,Drama,2007,04-11-2007,USA,5847639.21,2623136.15,5847639.21,560649.61,1548692.36,8.9,86,33816,181,Rachel Kirby,Jennifer Leach
3713,Thus story,Thriller,1999,26-07-1999,USA,2455741.74,1520872.73,2455741.74,296815.77,902356.7,9.8,100,5057,212,Christopher Roach,Meghan Johnson
3714,Onto light point,Action,1981,04-04-1981,UK,2120396.63,1270125.7,2120396.63,305599.35,726737.98,5.7,60,3404,391,Darrell Carlson,Christopher Hurst
3715,No,Drama,1959,19-04-1959,Canada,665888.91,998848.36,2202073.29,142492.43,446554.39,6.5,71,2193,1469,Jennifer Henry,Miranda Armstrong
3716,Marriage thousand,Romance,1967,09-11-1967,USA,6958973.69,22094019.06,32233377.86,2623469.14,10768230.15,5.6,52,15909,379,Michael Manning,Christopher Hurst
3717,Debate capital year,Romance,1983,21-05-1983,USA,508028.67,697351.15,1496995.41,84495.12,315293.01,5.8,57,890,1773,Eric Ramirez,Laura Wilson
3718,Even office,Drama,1974,01-09-1974,USA,5635494.4,10973518.48,17117696.05,2286489.26,4926548.53,6.1,71,3077,365,Sean Howard,Jeffrey Haley
3719,Represent effort foreign might,Comedy,1954,14-04-1954,UK,1432589.15,3486239.64,6930947.65,988154.98,1783717.08,8.1,64,2085,675,Robin Hooper,Rachel Howard
3720,Rest rock,Drama,2010,06-07-2010,USA,11843099.94,11633542.6,24097353.45,2573560.71,5910442.91,3.5,33,1020,620,Troy Cochran,Daniel Callahan
3721,Rise boy kitchen,Horror,1991,06-10-1991,USA,9483820.55,15052722.58,31935854.23,4390731.67,6185241.44,5.7,72,1748,3777,Brenda Smith,Shawna Bryant
3722,Strong,Comedy,2013,13-07-2013,Germany,6391813.59,4219627.23,6391813.59,809707.44,2231906.32,6.8,69,2831,446,Janice Taylor,Sandra Brown
3723,Clearly value our,Documentary,1967,02-03-1967,USA,80798960.67,98845531.99,233264279.4,25753040.16,44873227.71,4.0,29,12740,4439,Darrell Carlson,Sydney Jordan
3724,Risk according kitchen,Drama,2015,12-12-2015,USA,4005838.0,9312400.81,18409871.37,1928938.02,3963914.59,6.8,70,158530,7480,Carolyn Schwartz,Lauren Horton
3725,Forward,Thriller,2016,08-03-2016,USA,6066518.65,11452203.27,26688763.75,2562775.32,6097480.33,6.0,60,427,50,Melissa Hernandez,Stephen Clark
3726,Which measure moment,Comedy,1954,26-05-1954,USA,6952926.47,4508266.82,6952926.47,1187200.6,2074433.04,5.6,58,1005,176,Christopher Roach,Christopher Hurst
3727,Stop fact,Drama,1990,05-08-1990,USA,2038068.85,1765463.37,2552598.83,245629.45,744491.73,8.7,74,439,621,Jacqueline Briggs,Nathan Nelson
3728,Only,Horror,1972,07-10-1972,UK,1705637.21,1675079.7,3099789.89,231950.75,962927.07,7.0,68,44190,70,Jacqueline Briggs,Mark Jones
3729,Ahead thousand within,Drama,2004,07-07-2004,USA,1217782.38,1011340.78,2292790.51,156006.22,493327.22,7.9,88,182,57,David Hall,Greg Ball
3730,Ball election project smile,Comedy,1999,23-12-1999,Canada,10135414.99,5494157.35,10135414.99,1492697.42,2615988.44,1.4,13,8405,315,Diane Skinner,Valerie Dennis
3731,Military,Drama,1963,15-11-1963,USA,5020563.11,3332160.31,5020563.11,552323.52,1515316.52,3.9,32,955,84,Caitlin Brewer,Nicole Morales
3732,Debate amount especially,Drama,2001,15-10-2001,USA,6449862.21,7613735.33,12086044.48,2134658.04,4268465.45,4.6,56,8518,145,Jennifer Miller,David Perez
3733,Appear skin save,Drama,1962,08-03-1962,USA,6501695.67,3117084.11,6889652.9,654728.16,1392440.53,6.7,70,621,390,David Charles,John James
3734,Like different,Drama,2017,03-07-2017,USA,2295953.17,1147349.83,2295953.17,180903.5,484933.8,5.6,53,786,9934,Mark Moody,Stephen Cooper
3735,Organization take,Comedy,1957,23-06-1957,USA,566571.74,284241.62,566571.74,41533.0,150817.4,8.7,76,5896,856,Christopher Roach,Douglas Davis
3736,Single idea,Drama,2014,23-09-2014,India,1937095.64,1782762.66,3454448.05,473921.43,869981.48,7.2,77,20660,106,Robert Webster,Anthony Cross
3737,Property painting because,Comedy,2003,18-08-2003,USA,895438.79,1889392.82,3242521.54,545312.88,1014975.38,9.6,86,6073,141,Daniel Brown,Elizabeth Holmes
3738,Benefit home,Action,2019,25-04-2019,USA,2059666.32,6030413.79,8694575.85,1626821.76,3090731.27,3.7,32,5012,1188,Lori Callahan,Brian Gentry
3739,Necessary natural look,Thriller,2015,29-06-2015,USA,2680889.91,6218758.35,9572175.7,1769331.03,3374900.84,6.2,53,5552,78,Michael Ross,Carla Dougherty
3740,Energy quickly,Horror,1994,30-04-1994,USA,4974373.33,15347164.41,23878727.72,4298791.0,8355014.87,9.7,100,1178,293,Jennifer Atkinson,Donald Franco
3741,Structure series lot,Comedy,2013,28-05-2013,USA,2061317.45,1428900.17,2061317.45,207399.37,756594.36,7.9,83,350,94,Jennifer Atkinson,Andrea Bowers
3742,Actually crime,Comedy,1997,15-03-1997,India,155707675.6,108250319.4,155707675.6,30289047.35,48472115.88,8.7,95,5163,157,Dr. Jonathan Long,Chad Santiago
3743,Box join include,Comedy,1952,21-06-1952,USA,1919612.69,4042778.5,9163194.8,614842.93,2230558.78,4.2,53,7132,622,Troy Cochran,Cody Peters
3744,Offer break,Drama,2016,02-04-2016,USA,4239913.59,3985206.63,8494705.92,883116.85,2013828.34,5.9,48,10645,2238,Albert Phillips,Christopher Rodgers
3745,Learn anyone test everyone,Horror,2015,08-08-2015,USA,1575524.37,1576959.22,2286721.05,266795.76,658234.82,5.7,34,679,20321,Jennifer Atkinson,Douglas Davis
3746,Might public seem church,Comedy,2003,07-04-2003,USA,4247836.27,2539575.98,5452181.82,421545.26,1334584.51,8.3,69,2447,2058,Matthew Beck,Pamela Lopez
3747,Red hit,Drama,1962,27-02-1962,USA,631723.42,711524.6,1125770.96,159245.63,356131.15,5.1,54,7650,75,Chad Koch,Kimberly Wolf
3748,Then technology,Action,1969,29-10-1969,USA,7645845.26,7054569.33,15523179.36,1739039.86,3660071.52,6.1,65,696,387,David Perez,Jennifer Hendricks
3749,Hundred lawyer artist,Horror,1985,15-08-1985,USA,67081407.52,147231707.2,260697675.5,37389782.1,84584827.98,6.2,49,94922,50,Gary Simmons,Noah Harrison
3750,Anyone agreement away,Action,2020,28-03-2020,USA,98031658.17,241931592.0,435331572.4,38934612.04,133827878.4,7.0,72,160,1349,Jennifer Willis,Joshua Willis
3751,Fight heart reason will,Sci-Fi,1961,03-07-1961,USA,15338374.39,11634159.47,22219462.61,3305441.66,6806637.83,6.3,61,165,50,Tyler Sanchez,Miranda Armstrong
3752,Phone behavior rate,Action,1972,07-01-1972,USA,2982542.34,8872009.41,14619412.09,2358685.76,3917884.81,6.1,70,346,50,Brenda Smith,Greg Ball
3753,Recently able,Horror,2012,13-05-2012,USA,16147730.93,25876794.44,50822180.46,4115903.21,10808725.0,5.5,47,7099,249,Sophia Gomez,Logan Martin
3754,Study,Action,1998,22-10-1998,USA,3360158.61,1943861.12,4280931.54,284553.58,1087329.42,5.0,54,4576,1364,Chad Koch,Elizabeth Holmes
3755,Across,Horror,1974,13-09-1974,USA,3855034.13,5375875.63,10043370.52,1401039.12,3169499.68,5.9,45,605,478,Mark Brooks,Miss Jennifer Parsons
3756,Station rate protect,Drama,1995,13-12-1995,India,2854244.07,7094046.4,13098449.06,1763614.73,3204584.93,7.4,90,1134,575,Jeremy Davis,Richard Davis
3757,Ready successful office detail,Horror,1972,16-04-1972,Japan,4117273.97,7615324.13,11826971.11,1044686.2,4034133.58,6.4,57,838,1967,Renee Campbell,Chelsea Armstrong
3758,When compare,Comedy,1996,15-03-1996,USA,1394000.86,3357822.99,6273882.37,635989.19,1622221.39,6.1,60,3259,100,William Banks,Amy Gomez
3759,Rich pressure affect act,Action,2006,28-01-2006,Canada,1068504.78,1144877.68,1726751.31,163490.13,661393.42,6.8,69,16142,1199,Samantha Campbell,Michael Gomez
3760,Throughout next edge note,Drama,2024,30-01-2024,USA,597407.75,647358.43,1011291.33,104396.29,295018.32,5.5,63,691,4357,Chad Koch,Kimberly Johnson
3761,Well dinner yet poor,Romance,1994,23-02-1994,Australia,92490482.7,61941606.79,92490482.7,14182940.26,28689980.27,8.0,97,2359,574,Chad Peters MD,Jennifer Cook
3762,Around miss,Action,2013,30-06-2013,USA,13701922.84,21199976.83,41155565.95,5731697.44,11024023.21,7.5,69,2833,50,Daniel Brown,Jennifer Cook
3763,Right Republican,Horror,1999,05-11-1999,USA,7535359.77,4378679.09,7535359.77,1233435.2,2231529.18,3.8,50,23145,3045,Colleen Willis,William Ramirez
3764,Door network,Romance,1972,23-05-1972,France,2797260.42,4004821.51,7226063.33,442391.98,2216015.57,6.6,63,2993,392,Bethany Rodriguez,Derrick Smith
3765,Box assume,Drama,2005,13-03-2005,China,4799722.01,7105877.69,10980381.44,809002.44,3863867.37,7.3,83,2820,170,Colleen Willis,Johnathan Chen
3766,American,Drama,2013,31-08-2013,USA,2239567.2,5242904.22,9456426.59,1429231.53,2464570.12,3.3,38,15901,651,Karen Smith,Christopher Hurst
3767,TRUE,Comedy,1990,21-01-1990,USA,57613625.49,70322726.79,114971026.5,18390678.2,39562172.18,4.7,49,7283,320,Christopher Roach,William Brooks
3768,Civil man food between,Documentary,1987,26-05-1987,USA,9702260.29,10462141.29,18066450.1,1305137.75,5307758.09,7.8,68,1010,1611,David Morris,William Ramirez
3769,State end hard,Action,2024,18-11-2024,USA,4365176.01,2344483.89,4365176.01,530597.34,1093371.58,9.4,83,266,570,Jonathan Evans,Robert Reynolds
3770,Recognize laugh thing,Documentary,2002,12-12-2002,USA,5910284.01,7440266.55,17338262.33,797384.85,4185242.45,8.2,88,1220,1471,Julie Maxwell,Christopher Hanson
3771,Least design manager amount,Drama,1996,14-12-1996,USA,10703275.03,10784933.14,19829412.72,3041691.32,4657672.17,8.6,97,834,1532,Gary Simmons,Thomas Hill
3772,Trial beat foot,Drama,1993,11-04-1993,Canada,1105061.31,736984.08,1105061.31,129353.64,408364.21,6.1,59,1817,50,Lori Callahan,Brian Gentry
3773,Light where,Horror,2002,27-07-2002,USA,2003922.52,1258409.0,2003922.52,296586.4,619660.48,6.0,65,5276,188,Brian Robinson,Monique Harris
3774,Message before,Drama,2021,20-06-2021,USA,847833.91,1582082.41,3154326.94,347564.49,720183.63,6.1,48,293,1140,David Lee,Dalton Johnson
3775,Various recognize,Horror,1981,03-06-1981,Japan,472673.17,310042.34,705946.92,56409.6,165975.84,4.5,57,2686,293,James Cross,Scott Anderson
3776,Truth its,Drama,1986,23-07-1986,USA,349764.96,369685.62,583479.64,58281.49,214786.06,4.6,38,20275,103,Christopher Roach,Shawna Bryant
3777,Candidate body bag,Action,1963,08-03-1963,USA,1659647.54,892556.87,1659647.54,255225.68,513259.61,10.0,94,16624,131,Kimberly Barker,Theresa Cooley
3778,Husband color minute,Sci-Fi,2012,12-02-2012,India,1341053.64,3674081.62,6139313.06,882545.16,1718971.88,5.2,52,10271,21759,James Wright,Nicole Morales
3779,For culture than investment,Drama,1958,08-09-1958,USA,3440213.79,5294426.04,8566152.32,531729.76,2895695.22,7.9,76,964,50,Mr. Jorge Anderson,Melissa Lopez
3780,The home us,Documentary,2003,08-01-2003,USA,923450.03,2083930.88,3332909.01,341164.59,865034.51,5.1,43,1729,76,Anthony Rowland,Nicole Dawson
3781,Officer,Drama,2004,24-10-2004,USA,84024743.62,57952307.83,84024743.62,16473628.23,23667599.46,6.7,65,988,5990,Jacqueline Briggs,Jeanette Archer
3782,Enjoy win strong air,Drama,2023,02-06-2023,USA,2009610.53,3924706.97,8823545.02,399926.66,1910943.81,6.4,68,1412,83,Robin Hooper,Andrea Bowers
3783,Across become drug,Drama,1991,22-10-1991,USA,4489409.68,1928745.29,4622952.11,540517.08,1059916.56,5.5,60,11697,3297,Mark Moody,Anthony Rhodes
3784,Right movement,Sci-Fi,2007,01-02-2007,UK,1172635.21,1849301.14,3417402.34,313156.55,1036365.96,6.5,82,3131,1177,Darlene Murphy,Jennifer Leach
3785,Our leave five,Action,1972,14-05-1972,Canada,3148172.32,8726513.13,13129442.16,1465543.78,4551732.43,7.3,65,11501,97,Jennifer Atkinson,Patrick Barnett
3786,Admit record evening,Thriller,2011,01-04-2011,USA,1341476.69,1941115.79,4079552.14,412073.52,1116049.11,6.1,67,2933,50,Faith Franklin,Meghan Mcintosh
3787,Probably behavior,Documentary,1965,26-07-1965,Australia,359354.83,1108974.8,1767875.86,221062.75,486336.21,8.2,75,330,267,David Morris,Jorge Thompson
3788,Raise degree hot,Drama,2007,07-10-2007,USA,609547.35,755294.41,1797391.17,81622.13,422552.51,7.4,67,22320,480,Bethany Rodriguez,Stephen Cooper
3789,Check take,Comedy,2006,02-01-2006,USA,2725103.39,6392458.55,12481851.93,1065166.9,3218031.37,6.5,74,1877,1149,Donna Hall,Mathew Castillo
3790,And son,Action,1967,03-01-1967,UK,1342818.01,3654953.65,5826528.04,682156.01,1960675.78,6.0,37,338,1143,Courtney Reynolds,Sheila Dunn
3791,Well affect instead,Thriller,1959,21-11-1959,USA,8680605.41,19452417.94,38938522.84,5525848.58,10239616.88,7.1,79,1346,352,Maria Lane,Anthony Cross
3792,Yes poor,Drama,1998,30-08-1998,USA,2236415.08,7089673.66,10508899.03,1256238.87,3436470.49,8.8,100,700,50,Sophia Gomez,Mckenzie Perez
3793,Quickly art close,Drama,1974,23-08-1974,USA,2177552.98,2049628.48,4536887.12,327407.52,1125630.9,6.0,82,325,173,Kayla Young,John Barker
3794,List standard keep project,Comedy,2023,11-12-2023,USA,133135.33,70263.48,133135.33,12679.02,40980.54,6.4,81,3792,50,Alyssa Adams,Brenda Guerrero
3795,Memory blue,Thriller,1972,31-07-1972,USA,740538.76,306222.53,740538.76,40762.53,125363.75,7.0,61,5525,50,Albert Phillips,Brandon Mcguire
3796,Almost option of,Comedy,2010,17-04-2010,USA,31168486.73,32763253.55,56326916.41,7932454.11,15444345.08,7.6,83,11372,1935,Sophia Gomez,Nicole Turner
3797,Third money,Drama,2024,22-03-2024,USA,1363813.6,1722351.84,3018622.67,370573.24,920885.82,5.3,39,512,68,Sophia Gomez,Elizabeth Holmes
3798,Drug seat drug,Comedy,2020,13-08-2020,USA,30282644.75,47271006.41,73407925.67,6782141.79,21425064.55,5.7,54,23819,525,Rachel Hayes,Elizabeth Holmes
3799,Wide respond suggest,Drama,2024,13-03-2024,USA,6305380.79,9860779.0,15471766.33,2541093.72,4058200.13,3.3,33,8474,3791,William Walker,Samuel Wyatt
3800,Line generation,Comedy,1964,10-07-1964,Canada,2807684.78,8924084.55,12934047.74,1022044.06,5279368.51,4.8,66,6004,624,Mary Mitchell,Brenda Gomez
3801,Such employee,Thriller,1984,09-08-1984,India,39078659.42,30788637.24,47216253.22,8095976.86,17396576.15,7.1,77,5371,239,Brenda Smith,Kimberly Smith
3802,No local,Action,2024,05-02-2024,USA,1740003.55,3209480.64,6879373.68,526861.72,1321238.67,5.2,50,2468,905,Joseph Willis,Ian Williams
3803,Prevent truth,Thriller,1950,10-04-1950,USA,16016069.76,27502503.26,67713050.69,5699174.63,13132435.57,6.1,67,3919,1176,Chad Peters MD,Joel Hunt
3804,Those research wear,Drama,2019,02-05-2019,USA,31643183.07,59565780.13,88670583.91,7555517.78,28509556.01,8.5,66,161,50,Julie Maxwell,Stephanie Cervantes
3805,Land chance white ground,Comedy,2013,18-11-2013,UK,9926337.31,4345959.14,9926337.31,758667.33,2394973.42,8.6,93,2917,71,Heidi Cisneros,Dennis Perry
3806,Article activity until,Thriller,2021,01-03-2021,USA,39240219.08,68746059.84,120031234.7,17061824.67,37661528.06,6.4,79,14114,1189,Rachel Kirby,Brian Rodriguez
3807,Offer final do,Thriller,1971,07-08-1971,USA,823043.69,1687263.93,2692995.32,177045.77,722777.78,8.6,66,12399,171,Karen Robinson,Ashley French
3808,Listen,Drama,2025,01-04-2025,USA,1030102.25,1377343.24,2603154.31,406751.07,599458.39,6.5,69,1430,79744,Amanda Cantrell,Meghan Johnson
3809,Later,Drama,2012,17-06-2012,India,3851077.59,4334491.66,9111781.57,1235258.9,2186492.0,9.0,100,5267,263,Bethany Rodriguez,Jamie Chavez
3810,Call,Horror,2025,19-01-2025,USA,37956681.57,51970984.35,96451398.12,14855276.49,25162225.09,4.6,26,33969,537,Kim Watkins,Brenda Gomez
3811,Bag miss,Thriller,1977,05-01-1977,China,2415658.56,4727299.05,11581789.73,1334780.81,2146259.8,6.8,72,13667,538,Adam Brown,Christopher Tucker
3812,West either light,Comedy,1952,30-06-1952,USA,640158.92,475555.76,1115553.07,125800.76,222114.09,3.8,31,10790,50,Crystal Harris,Courtney Butler
3813,Positive lead,Drama,1975,06-01-1975,France,1135219.09,2026131.24,4315205.61,360139.28,859940.04,5.3,47,16314,330,Lisa Atkins,John Jones
3814,Development today,Sci-Fi,1991,11-05-1991,USA,373435.62,200478.25,373435.62,48397.84,96690.89,5.6,49,2555,2241,Rachel Kirby,Cassandra Dennis
3815,Rather glass determine,Documentary,2005,10-01-2005,India,7707175.71,14293497.99,32465258.92,4066012.71,8243740.83,8.4,90,4167,120,Mark Brooks,Jason Ramos
3816,Program,Comedy,2010,11-12-2010,USA,149944.72,389857.85,668119.26,80199.24,225869.09,4.3,29,4251,795,Judy Walker,Noah Harrison
3817,Them than,Horror,2016,24-06-2016,USA,1018465.57,2759334.14,4309421.75,445235.58,1241941.0,8.4,94,34003,635,Jessica Gonzalez,Shawn Washington
3818,Democrat market several,Action,2023,02-12-2023,UK,1951606.35,1469302.93,2779734.58,208332.51,801042.46,7.6,79,232,1649,Adriana Campbell,Nicholas Williamson
3819,Must medical,Romance,2017,06-01-2017,USA,469308.49,1045742.96,1513221.98,163812.8,479609.56,6.6,72,4765,151,Barbara Torres,Brandon Davidson
3820,Decide,Thriller,2012,15-03-2012,USA,3302294.05,11161563.33,16374560.94,2114040.76,6262180.13,3.3,32,3058,50,Jordan Orozco,Douglas Davis
3821,Perhaps cover agent,Drama,1982,27-11-1982,China,2095866.67,926968.5,2095866.67,220565.31,419341.24,5.1,55,1320,33529,Claudia Smith,Ariel Mills
3822,Media reason,Thriller,1999,29-03-1999,UK,230319.48,138719.77,230319.48,39858.6,82414.86,6.3,48,574,462,Jordan Orozco,Tracy Klein
3823,Who tonight Mr,Comedy,2001,30-08-2001,USA,333862.49,308514.76,665494.25,34516.42,143396.19,6.3,60,2641,122,Jerry Owens,Catherine Rogers
3824,Sure,Drama,2018,29-11-2018,India,947305.86,1636137.45,3988939.7,332308.61,889544.3,7.4,86,2002,50,Paul Rogers,Jennifer Richards
3825,Difficult environmental where,Drama,2015,06-08-2015,USA,6124602.76,4338840.34,7859758.12,537621.14,2060616.54,4.7,56,9305,50,Amanda Montgomery,Sabrina Massey
3826,Prove participant whose,Action,1979,01-02-1979,UK,277089.66,697136.58,1168771.47,206418.38,307722.07,7.1,80,11295,4001,Nicholas Murphy,Cody Peters
3827,Admit box,Drama,1997,03-02-1997,UK,5096716.37,3848914.99,6383686.03,868726.77,2289710.24,6.3,63,717,454,Darrell Carlson,Lorraine White DDS
3828,Hit model,Thriller,2001,08-04-2001,USA,5001608.02,2482462.95,6134659.39,645570.56,1355797.6,8.6,68,2413,49128,Andrew Chambers,Olivia Ortiz
3829,Away wind social,Action,1975,27-04-1975,USA,5571288.53,14045443.55,23948089.68,2096825.0,6346635.41,8.6,88,429,2540,Roberto Underwood,Larry Bishop
3830,Miss major current,Drama,2014,06-08-2014,China,16251887.63,27688944.41,41863378.74,6025893.87,14024363.96,4.3,58,6916,1486,Vanessa Fox,Jamie Chavez
3831,Style family,Action,1991,17-09-1991,USA,5818878.14,4431299.75,10044386.53,1008938.69,2220552.17,6.5,49,2826,50,Judy Walker,Seth Johnson
3832,Just deal view,Comedy,1979,27-06-1979,USA,2114890.77,3450025.85,8225836.31,1018675.6,1817944.24,6.6,57,730,58,Joshua Morales,Mary Wolfe
3833,Challenge trip,Sci-Fi,2012,25-05-2012,USA,6129769.33,17029025.7,26771289.96,3097628.01,6946198.28,8.6,91,1898,109,Sharon Wilson,Carolyn Calhoun
3834,Mean need,Action,1999,02-09-1999,Germany,1712661.0,1270667.33,2378526.92,343368.15,726194.39,6.5,66,6732,50,Donna Wagner,Robert Garcia
3835,Break member contain,Drama,1995,28-12-1995,USA,1559877.41,3448553.19,6341643.63,950535.81,1743579.03,5.5,61,60948,443,Megan Sharp,Carla Dougherty
3836,Without to,Action,2010,24-09-2010,USA,1053814.35,1144139.84,2661726.23,169982.68,517721.62,4.5,51,5990,682,Joshua Baker,Mathew Castillo
3837,Nice soldier whatever,Comedy,1956,30-04-1956,USA,734504.5,1249498.55,1863078.33,284346.0,552925.14,8.8,74,2548,151,Jeremy Ray,Matthew Simmons
3838,Professor PM floor,Drama,1976,14-09-1976,China,320191.71,593437.7,1473384.64,99986.88,298523.73,8.3,90,6347,816,William Walker,Ariel Mills
3839,Discover issue bit,Romance,2009,27-05-2009,USA,3404682.61,3615434.25,6793512.96,537695.47,1466446.5,6.0,54,16794,50,Jessica Rodriguez,Dustin Jackson
3840,Yes exist,Drama,2011,04-01-2011,Canada,230405.29,499542.37,832010.3,134761.63,220929.84,6.6,62,5671,93,Karen Barrett,Robert Reynolds
3841,Certainly pressure cold,Drama,2019,03-12-2019,USA,4173330.47,10103755.19,16511038.52,1071383.42,5988589.26,4.7,32,19839,2093,Andrew Chambers,David Clark
3842,Ok,Drama,2006,22-08-2006,UK,162170.36,99116.38,162170.36,23338.02,44364.89,4.9,47,5312,3564,Michael Richards,Tami Miranda
3843,Project but,Drama,2018,13-06-2018,China,353169.28,503941.29,904653.47,77084.28,245265.92,6.7,58,202,2647,James Miller,Amber Willis
3844,Thing analysis wrong magazine,Action,2002,20-09-2002,USA,12904762.37,11726908.74,28581479.55,2434096.46,5408564.02,5.5,51,2874,760,Jeffrey Myers MD,David Lopez
3845,About event,Drama,2003,06-09-2003,USA,14157769.45,15717602.24,36551300.23,3446644.97,8022806.04,4.7,56,172,336,Suzanne Gonzalez,Pamela Frey
3846,Red such,Horror,2001,28-07-2001,USA,249890.45,328078.21,776002.27,89156.35,135119.79,7.3,65,1092,50,Stephanie Hayes,George Green
3847,Picture entire,Thriller,1971,25-07-1971,USA,6360044.46,5792776.21,10661385.88,995542.18,3049099.31,5.1,52,1790,55831,Anthony Rowland,Melissa Mcgee
3848,Article often camera,Action,1990,07-03-1990,USA,729085.5,718179.74,1775367.14,79144.13,323790.39,5.1,26,623,224,Kim Watkins,Michael Hughes
3849,Drop data cultural,Thriller,2009,24-11-2009,China,5749457.14,7084849.71,16264990.68,1562484.86,3350197.69,6.5,61,2224,63,Darlene Murphy,Matthew Simmons
3850,Personal majority condition,Romance,2012,24-11-2012,USA,5394444.21,10058689.46,15477793.04,1766251.83,5484095.0,5.3,63,15892,50,Albert Phillips,Ashley French
3851,Spend begin,Drama,2004,13-12-2004,Japan,5552792.12,12220445.97,19419556.57,2864357.46,6953264.43,7.7,65,4251,88,Kevin Green,Scott Anderson
3852,Follow edge idea,Comedy,2004,13-10-2004,USA,2313817.68,1571835.47,3102921.13,329620.16,908016.7,5.7,52,5282,631,Mr. Drew Clark Jr.,Cassandra Dennis
3853,Indeed coach information,Drama,1968,28-05-1968,USA,7530356.39,18558495.32,29879562.95,2944224.97,9567510.93,7.7,68,775,155,Rachel Kirby,Patrick Barnett
3854,Alone trial,Drama,1996,19-09-1996,USA,390034.52,297076.68,535576.28,79234.18,131989.63,8.8,82,793,915,Michael Ross,Donald Franco
3855,Yes trip writer star,Thriller,2014,03-04-2014,USA,302874.05,977207.45,1454759.75,239550.75,446646.52,6.2,80,11157,1015,Paul Rogers,Nicole Turner
3856,Food ball,Comedy,1970,22-01-1970,USA,1451393.96,2909623.61,6308999.19,718681.1,1391893.03,6.0,60,3165,723,Jennifer Miller,Holly Jones
3857,Effort thought onto,Comedy,2008,04-07-2008,USA,1445956.51,1861752.01,3616524.82,229226.83,905391.24,6.4,56,24650,879,Denise Horne,Adam Williams
3858,Resource,Sci-Fi,2023,03-11-2023,USA,14353009.39,33529533.44,48024721.43,5545237.87,18271025.67,5.4,45,5451,896,Sophia Gomez,Melissa Morales
3859,Conference interesting resource,Drama,1998,10-05-1998,USA,190463.73,237105.99,444437.7,43762.09,134878.26,7.6,65,1399,2594,Charles Lopez,Deanna Johnson
3860,Year structure,Drama,2000,19-03-2000,USA,10589489.5,16378583.36,24752032.19,2007677.1,6956383.21,7.8,67,229,4213,Amanda Montgomery,Jorge Kennedy
3861,Rather field writer,Thriller,2003,02-01-2003,USA,28454386.68,34964866.86,57940385.14,8331074.69,17712434.03,7.4,62,8514,128,Jordan Orozco,Catherine Willis
3862,Interest run beyond,Drama,1983,30-07-1983,USA,1541037.51,1063352.89,1838058.43,268793.19,487324.28,5.4,45,3174,148,James Cross,Ian Williams
3863,One,Drama,1975,22-07-1975,USA,6374962.79,9158079.3,17673959.6,2084973.78,3899970.44,7.7,76,13639,333,Paul Weiss,Mrs. Margaret Smith
3864,Policy glass Mrs,Comedy,2010,09-05-2010,USA,817448.39,1368249.2,2770397.81,376017.29,602825.08,8.6,72,3022,2992,Jessica Rodriguez,Joel Hunt
3865,Professor,Comedy,2006,10-04-2006,USA,9657189.05,12967395.2,25654578.86,2686695.66,6349062.71,6.9,75,5470,50,Jacqueline Briggs,Leonard Contreras
3866,Answer line,Horror,1973,01-01-1973,Japan,12628947.92,17310249.15,35381673.86,4140015.15,9052479.36,7.4,89,11532,75,Roberto Underwood,Tami Miranda
3867,Boy like indicate,Drama,2018,13-01-2018,France,552541.75,373561.39,751585.21,47293.55,216721.99,6.7,71,5876,1206,Caitlin Brewer,Sabrina Massey
3868,Change reality throw,Comedy,1989,28-09-1989,USA,3863787.02,5678930.21,10820083.23,838083.27,2854570.46,7.5,72,678,1342,Melissa Hernandez,Russell Martin
3869,Firm herself new,Drama,1980,13-09-1980,USA,536837.91,306459.51,536837.91,67700.29,144659.62,5.6,52,1706,2543,Amanda Montgomery,Derek Jones
3870,Clearly especially require,Thriller,2009,25-12-2009,USA,2240227.61,2403207.74,4024557.07,595161.16,1209262.71,5.9,52,27516,137,Karen Barrett,Stephanie Cervantes
3871,Decade community,Action,2024,11-09-2024,India,1028601.03,2520825.48,3980717.63,433122.82,1107681.82,6.3,58,13124,68,Patricia Munoz,Alexandra Benitez
3872,So gun coach,Romance,1950,17-08-1950,USA,100000.0,105318.05,220467.37,15504.84,48437.33,3.8,31,377,1261,Jessica Singh,Jeffrey Holloway
3873,Son nation true,Drama,1973,10-05-1973,USA,3266389.38,8231917.26,15423582.06,1066437.21,3557101.33,6.4,57,1185,61,Susan Farley,Eric Nelson
3874,Wrong value cultural,Drama,1970,12-03-1970,USA,4993472.48,8733173.67,15981096.83,1083651.33,3807764.68,6.6,52,3788,426,Dr. Jonathan Long,Holly Jones
3875,Place woman respond,Drama,1994,18-10-1994,India,886170.14,1634044.44,2853193.48,247242.7,969024.62,6.0,50,591,248,Faith Franklin,Kimberly Smith
3876,Put western cultural,Comedy,1958,13-02-1958,USA,2059689.39,2496989.47,4803476.6,283865.56,1080917.64,5.1,62,1710,121,Jessica Gonzalez,David Perez
3877,Role,Action,1958,19-07-1958,USA,1922009.63,2537090.28,5636235.5,255683.92,1414796.46,8.6,84,37512,188,Raymond Morris,Eric Cooper
3878,Happen poor safe,Drama,1968,16-03-1968,Germany,3517039.55,3512300.23,6261803.44,494258.59,1534716.51,5.8,61,1938,121,Francisco Ford,Paige Gonzalez
3879,I rate,Horror,1995,10-04-1995,USA,601326.87,351494.26,601326.87,38957.78,151722.37,5.3,41,1184,192,Jennifer Miller,Christopher Green
3880,Compare look rather free,Comedy,1989,04-07-1989,USA,882249.67,577397.8,986323.57,156853.46,237275.19,6.0,69,37592,3122,Megan Sharp,Deanna Johnson
3881,If scene answer religious,Action,2025,26-06-2025,UK,2101308.02,2186899.89,4960059.41,260401.35,1220872.64,6.4,84,3735,50,Thomas Peterson,Danny Kline
3882,Live,Comedy,1988,14-09-1988,USA,434821.16,309230.73,454720.5,54443.87,138157.85,9.3,87,23115,9931,Stephanie Hayes,Tracy Williams
3883,Mean treat,Drama,2017,28-02-2017,South Korea,26747793.46,12846401.82,26747793.46,2903763.08,7017177.86,6.1,59,1485,4246,Robert Webster,Patricia Ramirez
3884,As like,Drama,2000,19-02-2000,USA,1844300.38,1155911.43,1844300.38,172948.04,494838.36,5.6,52,1315,2575,Joseph Willis,Cynthia Little
3885,Seek live nature,Drama,1996,23-05-1996,USA,150602.87,239330.93,527160.79,41738.44,136503.47,6.4,62,5754,72,Kelsey Ellis,Ashley Pena
3886,Sing research,Drama,1978,16-03-1978,USA,5086806.26,2757175.41,6525040.57,536036.63,1281645.99,7.5,59,1151,1081,James Miller,Samuel Bond MD
3887,Stay reveal,Romance,1995,14-10-1995,Canada,1150340.36,3100765.1,5015817.25,522852.08,1807799.75,3.1,18,218,1116,John Jones,Scott Anderson
3888,Company,Documentary,2009,23-09-2009,India,241950.53,97459.97,241950.53,26725.58,45214.2,6.1,56,1620,1170,Maria Lane,Christopher Patterson
3889,Model network,Comedy,1979,10-11-1979,USA,15380271.4,23642233.81,53664939.86,2517826.18,11171085.27,5.6,65,1708,50,Charlotte Williams,Brittany James
3890,Great,Romance,1985,15-05-1985,USA,8907157.45,22610519.94,33629443.16,4419705.04,11665797.72,6.1,61,6069,50,Kim Watkins,Christopher Rodgers
3891,Place father,Comedy,1970,07-02-1970,India,39867747.18,91734659.21,172181271.9,22603773.12,52423855.19,7.0,66,3743,442,Sonya Clark,Lauren Horton
3892,He model keep,Drama,1967,21-10-1967,Australia,12031204.71,31358824.59,49228588.99,7739520.57,16894435.34,5.3,64,100,69,Melissa Hernandez,Brandon Davidson
3893,Threat safe,Drama,1992,11-12-1992,USA,11163400.98,22793503.38,39071997.31,5863213.62,13463966.55,6.1,56,849,8421,Charles Lopez,Rebecca Mejia
3894,West investment idea,Comedy,1982,29-08-1982,USA,7241644.73,15173733.66,29939029.01,1547560.59,8208599.18,5.8,40,100,3042,Megan Sharp,Brenda Gomez
3895,Provide year pattern,Drama,2009,03-05-2009,USA,4135699.66,2982966.78,5468889.3,514307.18,1350710.01,7.5,86,806,2259,Benjamin Hudson,Jason Mercer
3896,Speech huge there,Action,2021,31-12-2021,Japan,11490784.02,16630846.57,27760333.53,4688762.53,8170247.18,5.1,60,884,119,Diana Davis,Jason Chavez
3897,Walk,Documentary,2008,20-01-2008,France,2127425.03,2901272.07,6885997.16,471249.07,1673313.61,4.5,65,12872,506,Michael Manning,Benjamin Walters
3898,Agreement single lead get,Comedy,1994,09-12-1994,USA,17742003.08,17080921.18,42111558.22,3708467.84,7912442.78,8.7,97,2113,97,Sara Higgins,John Perry
3899,Face,Horror,1980,11-12-1980,USA,2795842.25,1603331.11,2795842.25,473171.93,696503.95,6.0,49,958,1072,David Hall,Teresa Davis
3900,Born very save,Documentary,1993,04-02-1993,USA,6093414.86,7586833.27,16671826.22,1350177.84,3086677.07,6.3,65,5221,1354,Amanda Montgomery,Catherine Willis
3901,Play send,Comedy,2017,16-06-2017,USA,2441814.2,3014602.36,5374536.07,629754.29,1469875.52,6.8,73,6307,151,Jordan Orozco,Stephanie Cervantes
3902,We,Horror,2006,13-11-2006,UK,100000.0,274590.9,422049.05,31965.67,144801.22,5.6,62,100,100,Darrell Carlson,Thomas Hill
3903,Early picture,Sci-Fi,1995,08-09-1995,USA,45976956.97,112583568.8,192395817.8,22561064.95,62757033.91,6.9,58,21145,232,Michael Richards,Adam Williams
3904,Sit receive,Drama,1989,22-07-1989,Germany,20968203.52,29424370.24,52019894.24,3412449.34,14758446.17,5.9,63,12197,493,Nathan Bolton,Paul Glover
3905,Property painting because,Thriller,2020,18-02-2020,Australia,7892545.2,5298862.45,7892545.2,1385257.18,3040672.77,10.0,89,2305,624,Maria Lane,Brian Mccormick
3906,Meet cup receive,Comedy,2025,05-09-2025,USA,19848939.81,31214863.48,50286398.68,6184734.73,17058158.04,8.6,92,239,50,Mr. Drew Clark Jr.,Danny Kline
3907,Operation throw paper,Action,1996,30-12-1996,USA,3109954.87,3831016.76,8357734.1,607474.92,1880320.76,6.3,62,16901,490,Elizabeth Lane,Joy Huber
3908,Newspaper,Romance,1990,16-03-1990,India,8880915.9,3735833.61,8880915.9,1091744.05,2231861.94,6.9,68,39878,1178,Brooke Morales,Ronald Herrera
3909,Culture bed itself,Romance,1976,25-07-1976,Canada,175656.95,170928.86,268679.19,32595.38,78008.71,4.2,45,677,526,Jonathan Evans,Eric Obrien
3910,Agreement concern public,Horror,2022,03-02-2022,USA,5937561.13,6052526.27,9253652.15,1276570.09,2527969.7,8.3,83,3605,50,Judy Walker,Tonya Campbell
3911,Sport discussion,Thriller,1969,24-11-1969,USA,676391.32,741267.24,1128224.03,143731.81,411354.05,5.6,68,13504,139,Brandon Fuller,Mark Crosby
3912,North police,Thriller,1987,20-10-1987,USA,9029669.61,10277113.47,18104466.15,2502292.49,4250649.33,4.6,48,1026,50,Mark Moody,Brenda Wheeler
3913,Necessary stage what,Thriller,2024,22-02-2024,Australia,14415156.24,25636451.62,61025398.36,5772183.0,13804679.59,6.5,64,13118,5330,Sharon Wilson,Lynn Pierce
3914,Television nor visit,Action,2025,18-12-2025,USA,619159.83,1071595.15,1672655.55,274237.86,454466.86,8.0,84,38254,265300,Sean Howard,Christopher Rodgers
3915,Poor quite store,Action,1973,27-11-1973,USA,2213202.68,2912643.9,6565510.5,523601.82,1653716.61,7.3,60,7689,283,Jerry Owens,Alexandra Benitez
3916,Management,Action,1973,15-05-1973,USA,957317.16,2677290.58,4038973.5,323979.44,1300214.87,7.3,60,1263,908,Nicholas Murphy,Mr. Michael Snyder
3917,Democrat individual buy,Comedy,1990,20-12-1990,USA,1532131.37,2038156.25,4993280.33,294666.92,886430.84,4.6,36,348,162,Ashley Medina,Joy Huber
3918,Gas drop,Drama,2024,03-07-2024,USA,2660759.12,8129980.53,13200422.02,2408555.27,4668197.65,5.3,64,440,980,Jennifer Miller,Michelle Anderson
3919,Shake tend,Horror,1995,28-08-1995,USA,233915.21,152312.07,233915.21,29662.95,88268.64,8.0,74,8234,3668,Kayla Young,William Brooks
3920,Friend game,Horror,1961,23-03-1961,China,12968204.27,17438790.95,30088616.84,2192687.66,9146595.74,7.7,87,5064,1555,Mark Brooks,Sharon Brady
3921,Explain they run recent,Action,1983,18-04-1983,USA,751432.23,1020354.54,2462651.02,170529.46,431544.81,8.4,84,683,3400,Julie Maxwell,Michael Torres
3922,Spend above agreement,Action,1987,19-04-1987,USA,4380556.13,7373025.15,10778241.79,1756153.99,3998502.22,7.6,82,4647,424,James Wright,Tracy Klein
3923,Every decade,Drama,2009,31-10-2009,USA,2890105.1,1871059.6,4232575.54,359050.88,862248.95,7.1,71,8041,1533,Andrew Chambers,Richard Davis
3924,At order,Comedy,1990,30-08-1990,USA,2792523.48,2988971.24,4820166.48,527126.77,1767461.55,7.0,62,6519,390,Hannah Camacho,Kimberly Ray
3925,To position able,Action,1979,05-01-1979,USA,18368161.58,51423780.83,76903051.59,8453185.94,24215312.8,3.9,38,635,290,Thomas Peterson,Derek Jones
3926,Reason arm action,Thriller,1981,23-12-1981,USA,28100650.68,52962465.68,104909602.9,9402806.51,26528890.19,6.6,61,6682,8253,Emily Miller,Lucas Collins
3927,Dinner,Drama,1960,08-12-1960,USA,2331713.06,1063000.76,2331713.06,106366.49,551854.09,7.7,93,3489,1626,James Miller,Darren Jones
3928,Sport,Comedy,1984,12-09-1984,India,277423830.2,335236173.7,557133737.1,44164142.24,179869914.2,5.2,50,5746,266,Melissa Hernandez,Duane Fletcher DDS
3929,Suffer story culture,Documentary,2011,23-04-2011,USA,5283345.26,3067732.28,5981358.02,541704.35,1290135.55,4.9,42,3580,927,Janice Taylor,Veronica Mills
3930,Country thing,Comedy,2011,06-12-2011,Australia,97520612.95,90074520.08,223752053.5,18266133.01,43953164.8,6.3,66,1881,542,Seth Whitehead,Jeffrey Jenkins
3931,Wish,Action,2016,06-10-2016,Germany,500685.79,872659.39,1576894.06,202721.47,494609.5,7.1,84,1123,69,Vanessa Fox,Nicholas Williamson
3932,Shake think not,Action,1974,17-07-1974,USA,9472355.04,7181598.9,12138313.76,1603044.12,4300645.4,7.7,86,37694,216,Judy Walker,James Nichols
3933,Between,Romance,1999,12-11-1999,USA,2896294.05,7254583.31,11891913.59,1448275.51,3040969.36,6.1,42,6815,2214,Nathan Bolton,Christina Buchanan
3934,Bad throughout off style,Comedy,1959,19-03-1959,USA,2186169.56,5973239.61,9549271.01,1198138.32,3050222.6,7.7,79,107000,489,David Morris,Cody Peters
3935,Paper wish,Sci-Fi,1999,24-07-1999,USA,1615538.67,3302630.15,6750113.29,366555.74,1698496.34,7.8,80,1220,818,Jeremy Davis,Daniel Hughes
3936,Wonder young must,Comedy,2002,23-05-2002,USA,21339490.74,8660114.23,21339490.74,1191461.01,4270074.21,8.7,81,1026,125,Courtney Reynolds,Johnathan Chen
3937,General window probably,Comedy,1969,05-04-1969,USA,17432783.89,9100210.12,17432783.89,1483922.35,4611430.53,10.0,100,1525,2105,Gary Simmons,Mark Crosby
3938,Seat century where much,Action,1997,06-05-1997,USA,25034017.71,43842861.39,102330628.1,10977161.66,25610353.49,6.5,71,3462,251,Lisa Atkins,Casey Lloyd
3939,Recently able,Thriller,2006,16-05-2006,USA,2465135.9,2665336.73,4383507.45,583928.19,1168915.45,4.5,40,252,2133,Judy Walker,John Ross
3940,Amount style win,Thriller,1989,25-03-1989,USA,122750.62,231958.04,377483.94,69170.97,136603.18,4.9,47,5249,2663,Courtney Reynolds,Adam Montes
3941,Audience society,Thriller,2025,25-01-2025,USA,25326892.06,10642335.24,25326892.06,3179258.93,4366135.99,5.3,48,1573,86,Jeffrey Myers MD,Richard Miller
3942,Professional project itself,Comedy,2012,26-02-2012,USA,250361.52,172176.57,250361.52,33705.39,98636.12,7.3,64,677,50,Darrell Carlson,Douglas Bullock
3943,Peace oil consumer,Horror,2018,18-01-2018,USA,1725012.38,962049.33,2247513.8,238872.79,393312.44,7.6,68,748,13697,Joshua Baker,Cynthia Little
3944,Address them,Romance,2009,16-05-2009,USA,14425716.35,10912938.23,16508346.72,3223511.03,4922502.59,5.8,46,1616,247,Mrs. Hannah Campbell DDS,Stephanie Moore
3945,Phone woman country,Comedy,1989,06-07-1989,UK,201404.52,266892.35,503875.87,50283.15,125480.4,4.4,27,395,12838,Amanda Montgomery,Teresa Davis
3946,Director dinner program,Action,2014,17-02-2014,USA,4786370.58,5667406.84,9951256.55,569498.11,3309099.18,3.7,36,100,6247,Oscar Santos,Brooke Stanley
3947,Every,Drama,2006,14-12-2006,USA,2881209.8,8331921.08,12486307.25,1955060.82,3801179.34,3.8,38,1267,402,Jonathan Evans,Samuel Bond MD
3948,Young,Romance,1974,09-09-1974,USA,2145480.99,4460026.02,10717084.09,1267269.64,1978504.29,5.9,78,1494,328,Jennifer Henry,Matthew Simmons
3949,Call significant,Sci-Fi,1980,03-07-1980,Australia,3891945.12,2929899.31,4770384.53,672560.65,1747001.14,6.2,56,7388,5970,Karen Smith,Kevin Fernandez
3950,Above onto,Romance,2015,24-03-2015,Australia,842771.71,942520.64,1833784.87,132867.36,386058.18,7.7,74,1256,2249,Gary Simmons,Christina Buchanan
3951,Then tough,Horror,2011,28-05-2011,UK,6847621.96,19667101.45,34095950.1,3509122.4,9063930.93,6.5,63,3495,50,Benjamin Hudson,John Sullivan
3952,Hundred lawyer artist,Drama,1977,14-04-1977,USA,3734866.31,1606922.05,3734866.31,212824.62,928456.06,6.2,44,2757,253,Kimberly Barker,Brian Mccormick
3953,Congress federal policy,Drama,2003,06-09-2003,UK,7621260.03,19147130.77,33273620.1,2726382.71,10326946.49,5.2,43,3055,733,Jessica Rodriguez,Nicole Turner
3954,Determine worry,Comedy,2005,01-11-2005,USA,2834859.12,1763568.01,2834859.12,204744.87,816552.29,7.9,77,164,644,Karen Smith,Olivia Ortiz
3955,Civil international career,Comedy,1959,22-11-1959,USA,1454471.79,851527.07,1701730.0,100012.69,356968.46,4.8,58,100,1138,Kimberly Barker,John Sullivan
3956,Establish director,Comedy,2025,27-10-2025,USA,45370296.98,89935171.01,181431458.0,19641634.39,40558538.37,9.5,100,1341,3459,Sean Howard,Casey Briggs
3957,Use course later,Romance,2014,16-05-2014,USA,8078004.49,26315264.37,38284011.43,5534633.21,12498050.74,7.1,72,3546,50,Kelsey Ellis,George Green
3958,As remember,Horror,1970,04-05-1970,USA,1157790.86,2617920.5,3794881.33,440619.05,1235532.73,6.9,66,609,63,Sharon Wilson,Tracy Williams
3959,News he,Romance,2000,30-04-2000,USA,9399027.09,29542769.76,43736427.91,7732125.61,17460063.34,6.4,53,3811,635,Francisco Ford,Brenda Gomez
3960,Science stage,Drama,1970,25-07-1970,USA,1847092.63,1056815.72,2007969.76,160207.94,548976.76,7.3,75,3052,94,Brooke Morales,Victoria Phillips
3961,Generation challenge seat claim,Action,1993,15-09-1993,USA,8085230.67,7614283.36,11494024.69,1195968.19,4399624.54,8.5,84,779,231,Jennifer Willis,Brenda Wheeler
3962,Pattern hair,Drama,2002,28-03-2002,India,13398077.27,22133296.71,32739999.69,4598001.92,10421953.98,6.9,70,1289,605,Raymond Morris,Miranda Armstrong
3963,Action,Drama,2020,12-08-2020,USA,6116254.48,7892633.48,11799158.15,1681344.16,4329929.42,4.5,37,435,252,Amanda Montgomery,Jonathan Lee
3964,However fly main among,Thriller,2009,05-04-2009,India,4020058.31,11929820.29,17051679.61,1755874.63,6079270.17,7.5,79,3529,2236,David Rosales,Stephanie Stokes
3965,Ground once place,Documentary,1973,29-06-1973,Australia,4857059.57,7054489.94,14200253.67,1475579.47,3207644.39,6.5,62,5915,1065,Francisco Ford,Olivia Allen
3966,Turn manager well,Sci-Fi,2023,07-07-2023,China,61946039.68,66494372.2,157889269.6,13946939.19,34911537.06,6.5,60,12475,50,Bethany Rodriguez,Joseph Gonzalez
3967,Option modern write,Action,1972,31-01-1972,Canada,10058490.5,17923365.62,40276273.58,1949238.59,8846618.56,7.0,72,32690,105,Donna Hall,Christopher Hurst
3968,Consumer word,Comedy,2019,15-02-2019,India,507934.48,774734.23,1563386.4,129343.98,414471.3,5.2,64,3424,181,Mrs. Hannah Campbell DDS,Sydney Jordan
3969,Already mission,Drama,2022,22-08-2022,USA,1268752.98,2327397.31,5201388.65,384869.27,970664.09,7.9,76,2230,1342,Sara Higgins,Dustin Jackson
3970,Today,Comedy,2024,05-05-2024,USA,3088889.23,2678807.75,3904993.63,399035.55,1452053.05,6.7,74,1133,3147,Adam Brown,Sharon Riley
3971,Develop teach,Thriller,1995,21-04-1995,USA,2126766.95,2406152.39,3734448.22,350860.4,971582.38,6.4,49,4061,87,Roberto Underwood,John Ross
3972,Fast,Drama,2001,06-02-2001,USA,1485574.87,1866461.58,4642741.1,555824.96,1101998.89,7.3,65,724,1805,Melanie Olson,Teresa Davis
3973,Standard among bill,Action,2021,22-04-2021,USA,1044784.52,1990859.76,4242482.18,551922.65,1063871.36,6.7,75,820,50,Christian Hernandez,Kathryn Hunt
3974,Collection design,Comedy,2009,18-11-2009,USA,3484323.55,10181920.01,14999267.08,1992244.42,4858996.0,6.0,40,117125,762,Barbara Torres,Samantha Sanders
3975,Coach explain big,Drama,1988,24-12-1988,USA,2852465.28,4112513.75,8960383.02,883298.58,2050951.41,6.0,58,3033,139,Philip Simmons,Richard Mata
3976,Conference allow,Drama,2000,30-08-2000,USA,993168.8,2836000.01,4134943.75,369803.49,1680621.85,9.8,84,543,808,Maria Lane,Catherine Rogers
3977,Air end position,Comedy,2016,09-04-2016,France,4822434.17,13624651.07,23774671.76,3025148.4,6579619.6,5.3,41,5314,9391,Lori Callahan,Marissa Pena
3978,Continue forget I,Comedy,2014,14-11-2014,USA,1103455.71,2148946.9,4714880.07,489060.16,1226491.98,4.8,47,76859,1575,Melissa Hernandez,Stephanie Cervantes
3979,Moment near bank key,Horror,1954,24-12-1954,USA,1027372.89,528045.44,1300080.65,135487.92,260340.74,8.4,82,1205,2988,Sharon Wilson,Christina Jones
3980,Time level,Thriller,1989,14-06-1989,USA,312655.95,674785.98,1536702.15,92086.16,331010.12,4.5,40,13816,166,James Miller,Pamela Lopez
3981,Senior,Comedy,2024,29-08-2024,USA,27493918.35,37012673.06,65420499.96,4372854.57,20401821.25,6.2,66,888,597,Brooke Morales,Sherry Turner
3982,Lead option,Horror,2013,02-04-2013,USA,24316132.36,27867867.44,60057000.65,4336722.17,13911543.41,8.1,85,100,692,Rachel Kirby,Alison Clark
3983,Mr response exactly,Horror,2025,29-08-2025,Canada,25754266.28,16004635.07,36176610.24,2321479.92,9223437.2,7.8,90,17838,262,Gary Simmons,Marissa Pena
3984,Put truth,Action,1974,23-10-1974,Japan,7481339.2,14334909.25,33444777.97,3880612.04,6601664.01,6.5,67,12813,217,Jennifer Atkinson,Christina Jones
3985,Nature should,Drama,2024,09-10-2024,USA,13488404.38,28747636.32,42652930.64,6622399.36,15690349.87,7.7,91,135,193,James Cross,Alexandra Benitez
3986,Also only issue,Comedy,2020,14-10-2020,South Korea,1546616.36,769526.85,1546616.36,149761.89,449538.9,5.6,63,10558,2297,David Perez,Joshua Willis
3987,Hope down color old,Documentary,2016,09-05-2016,UK,18634361.21,35749351.87,73075116.5,8536031.78,19195659.91,4.0,57,11025,506,Raymond Morris,Logan Martin
3988,Certainly,Drama,2021,04-10-2021,USA,3145905.78,2087067.61,3889386.67,472018.79,925042.44,10.0,100,8134,8682,Benjamin Ray,William Ramirez
3989,Everybody control,Drama,2005,29-12-2005,India,145587.22,396591.8,567304.03,81616.07,186058.38,5.5,52,1287,612,Melissa Cohen,John Jones
3990,Foot sister,Drama,1952,30-01-1952,USA,8886014.32,15231306.55,26172905.85,3363553.95,7826354.03,6.1,67,6787,50,Anthony Rowland,Chad Santiago
3991,After ok,Drama,1981,19-12-1981,Germany,659450.23,511999.04,784744.96,86079.83,290467.95,7.1,58,1975,2886,Paul Weiss,Miss Jennifer Parsons
3992,Bad ground floor why,Thriller,2025,19-09-2025,France,9741765.62,12946036.16,22609955.75,2108730.94,5501358.73,6.6,64,3578,286,Troy Cochran,Jason Ramos
3993,Parent pretty employee,Horror,2017,18-02-2017,USA,6888211.48,8503828.39,12508685.98,1242683.29,4727668.42,5.0,56,14560,120,Michelle Collins,Courtney Butler
3994,Strategy ever,Action,1997,22-02-1997,USA,727952.22,1554363.41,2228818.09,378918.67,761481.84,6.9,76,7416,240,Amber Anderson,Kimberly Wolf
3995,Region during pay,Comedy,2016,13-05-2016,USA,373444.29,333170.65,788169.65,79953.86,183639.51,4.0,38,1448,305,Mrs. Hannah Campbell DDS,Jennifer Moore
3996,Where theory,Drama,2002,21-08-2002,USA,1833673.35,1875535.94,2787454.5,514587.82,908327.65,6.6,71,1055,840,Thomas Peterson,Theresa Cooley
3997,Hope guy science,Comedy,2005,13-12-2005,China,22814458.07,51235548.59,89359204.39,12748986.42,25049153.38,8.5,89,11826,153,Jerry Owens,Andrea Bowers
3998,Something total development,Comedy,2014,03-07-2014,China,139410.23,79517.69,184400.88,11342.47,40943.23,7.1,63,27094,3342,Patricia Munoz,Christopher Benson
3999,Magazine include,Action,2009,15-06-2009,USA,324762.5,212166.8,489733.65,60730.72,90381.39,7.6,73,8081,392,Kimberly Barker,Paige Gonzalez
4000,Wind low,Romance,2002,23-01-2002,Japan,2865041.25,8054419.89,11721020.36,1181733.63,4005113.97,5.9,64,1799,161,Paul Rogers,Michelle Thomas
4001,More body,Action,2007,27-10-2007,China,2603404.26,8149017.48,12864494.35,1179561.16,3751362.85,6.1,63,8636,153,Jennifer Miller,Victoria Phillips
4002,Mrs certainly,Horror,1990,26-07-1990,Canada,856461.18,2517242.64,3621994.39,300392.04,1272874.67,7.5,70,1821,60,Kelsey Ellis,David Lopez
4003,Use,Thriller,2008,10-06-2008,USA,405796.15,391309.95,679289.13,79715.06,186240.67,6.8,70,1277,50,Sonya Clark,Sharon Rodriguez
4004,Mission say together,Action,1980,29-02-1980,USA,595160.46,1260696.14,2105345.95,246819.03,549910.41,6.9,75,2148,540,Jennifer Atkinson,Pamela Frey
4005,Our crime someone,Drama,2013,09-04-2013,France,22765060.22,14196995.39,24061420.75,4244628.0,7270713.91,7.9,79,563,578,Robert Webster,Joshua Walker
4006,International edge,Romance,2004,15-03-2004,USA,2720644.39,2611700.59,4458698.15,401946.53,1189277.62,6.1,56,419,869,Faith Franklin,Mark Jones
4007,Large,Romance,1997,20-11-1997,USA,140116.82,294757.15,588873.32,33776.51,164796.65,6.5,68,39901,50,Diane Skinner,Amy Gomez
4008,Drive add,Romance,1973,07-03-1973,India,20797805.7,62630351.33,98745656.35,16772817.59,29514498.21,6.0,65,9022,123,David Lee,Melissa Morales
4009,Director,Thriller,2011,07-10-2011,USA,14504895.18,25823501.15,48819694.98,4238612.97,12118623.36,4.0,22,405,50,Benjamin Hudson,Christopher Tucker
4010,None voice game some,Drama,2011,11-12-2011,France,1273835.74,1116970.59,1654461.92,174642.21,522150.62,5.5,52,17355,50,Sophia Gomez,Darren Jones
4011,Easy technology,Comedy,1995,08-08-1995,USA,16477479.82,39431149.5,64299861.06,11465098.55,16774327.96,5.5,36,7659,603,Mary Mitchell,Mark Crosby
4012,Become fact I,Documentary,1991,04-06-1991,USA,2702928.33,2136727.82,4847053.36,240411.44,862530.65,6.8,67,6135,363,Suzanne Gonzalez,Meghan Johnson
4013,Decade claim,Thriller,2020,22-04-2020,USA,410409.26,1159715.1,1723149.62,345323.29,558981.09,5.0,35,2318,1253,Chad Koch,Melissa Cunningham
4014,Into sound man,Romance,2003,19-11-2003,USA,1120246.46,2986912.53,4922036.39,681048.68,1763165.44,6.7,76,427,84,Diane Skinner,Dalton Johnson
4015,Second task,Romance,2009,16-10-2009,India,4876052.94,10359086.9,16920162.6,1576136.22,5039389.06,7.9,85,917,67,Mr. Drew Clark Jr.,Johnathan Chen
4016,Tonight full,Action,2016,02-05-2016,USA,4612322.26,9794962.95,19172887.13,1148222.98,4692753.41,5.9,60,5901,5120,Bethany Rodriguez,Richard Mata
4017,Tend choose though,Thriller,1990,15-02-1990,USA,63775919.63,205369228.6,315786833.1,47822906.25,113189131.1,8.0,93,780,210,Francisco Ford,Sandra Farmer
4018,Long remain computer time,Comedy,2015,24-06-2015,USA,11348246.2,9387324.38,16559872.89,1312454.43,5462879.31,6.4,52,110969,369,Anthony Rowland,Catherine Willis
4019,Movie institution brother sort,Comedy,1979,01-02-1979,USA,20422420.09,37011387.78,77995530.21,10970563.17,21357995.43,6.9,80,856,69,Mark Brooks,Jamie Chavez
4020,Power see leg,Drama,2013,18-06-2013,USA,1582839.56,2517071.7,5088491.37,545343.34,1038728.02,6.1,91,574,1988,Tracy Tucker,Sandra Spears
4021,Defense discover,Action,2007,09-10-2007,China,7098073.07,5313027.18,11429548.06,924379.33,2780319.03,7.4,84,525,542,Tracy Tucker,Ashley French
4022,Building man,Documentary,1972,25-12-1972,USA,30083529.01,22134659.89,51619306.05,6195731.89,9503291.21,5.1,56,23470,347,Jason Jones,Melissa Cunningham
4023,Nice recently,Thriller,2018,21-08-2018,India,5869682.94,13559094.46,21363679.5,2944677.22,6704168.55,5.5,67,32087,1274,Emily Miller,Mark Morris
4024,Beautiful,Sci-Fi,2020,30-05-2020,USA,45753028.9,59220990.87,94282462.73,6989076.79,23826604.66,8.0,72,108517,387,Amanda Montgomery,Catherine Rogers
4025,Sense final increase,Horror,1985,24-07-1985,France,1471883.48,762380.21,1471883.48,98451.11,340403.62,7.7,64,56630,4992,Vanessa Fox,Mr. Michael Snyder
4026,According something become,Thriller,1995,04-07-1995,India,2675846.36,3323849.82,4869803.63,698367.75,1719939.8,4.7,47,15761,611,Darlene Murphy,John Jones
4027,Home factor front time,Romance,1994,26-01-1994,USA,106658.87,77877.01,136768.9,15113.21,40049.42,7.1,65,3207,2606,Brooke Morales,Diane Jacobs
4028,Shoulder through yourself,Drama,2016,30-09-2016,USA,65964523.48,137298810.5,307054919.6,24972282.94,77919001.99,5.9,42,20246,72,Joshua Morales,Christina Buchanan
4029,Fund team collection support,Comedy,1997,06-08-1997,USA,710435.5,782831.93,1175055.03,106461.86,373781.57,5.3,46,13090,1651,Sara Higgins,Jacqueline Cooper
4030,Happen poor safe,Horror,1966,23-02-1966,Canada,6005165.15,17275438.82,28637835.95,4446897.07,9691071.89,8.3,86,21080,10435,Sophia Gomez,Adam Williams
4031,Available style,Action,1983,12-05-1983,USA,265948.3,763470.52,1310561.11,188224.0,441654.89,8.1,82,1121,194,Courtney Reynolds,Andrew Walker PhD
4032,Medical leg feel,Action,1992,09-08-1992,USA,1511607.8,1122145.04,2669206.01,219741.06,643234.63,6.3,52,2123,5246,Jessica Rodriguez,Brandi Moon
4033,Manage,Drama,2012,01-05-2012,USA,17863601.42,28083103.67,40461565.82,5240437.55,11573563.19,6.3,61,8113,325,Brenda Smith,Jamie Chavez
4034,Through,Romance,2011,06-02-2011,USA,3011173.59,3285151.7,5997632.54,701609.14,1573973.57,6.5,54,41789,2555,Oscar Santos,Brittany Kelly
4035,Several,Thriller,2024,25-09-2024,USA,2645270.85,4693672.23,9536312.31,1362802.2,2363499.39,6.2,36,797,50,Donna Hall,John Perry
4036,Apply,Comedy,1989,25-03-1989,USA,100000.0,112757.81,167895.68,25101.45,47489.14,6.7,95,12146,675,Alyssa Adams,Olivia Ortiz
4037,Research style sure,Romance,1955,11-06-1955,France,52935891.13,33422178.54,54475000.08,7449758.87,16557438.46,4.3,46,6768,50,Caitlin Brewer,Meghan Johnson
4038,Single environmental,Romance,2012,04-01-2012,South Korea,18507290.18,13486575.87,25773197.52,2255578.34,7572554.72,8.5,68,1917,135,Diane Skinner,Jeffrey Holloway
4039,Offer,Drama,2004,05-07-2004,USA,1719933.33,3099225.67,5841779.45,780935.5,1436296.3,4.9,51,753,824,Jessica Gonzalez,James Nichols
4040,Such government series,Horror,2005,25-09-2005,USA,3457361.88,6499298.88,10904176.64,1699235.75,3821511.0,8.1,62,63849,52,Emily Miller,Shawn Washington
4041,Easy capital,Action,2024,07-02-2024,USA,362751.14,1116514.18,1786833.75,244586.05,649994.72,5.3,53,743,358,Jennifer Atkinson,Ashley Reeves
4042,Year end organization,Action,2024,24-10-2024,USA,10859993.92,5153264.3,10859993.92,632787.12,2074345.59,5.1,64,2274,657,Jordan Orozco,Danny Kline
4043,Car receive,Drama,1981,06-11-1981,Canada,56433464.36,58383673.27,91275093.43,7665315.04,24216094.98,6.3,64,607,613,Faith Franklin,Carl Schneider
4044,Defense,Sci-Fi,1978,20-07-1978,France,809558.29,1377898.29,2927633.34,207430.77,799141.87,5.0,40,1462,276,Sharon Wilson,Kimberly Ray
4045,Including son four,Comedy,2012,18-06-2012,USA,4683207.31,3127382.62,5552202.43,701549.53,1775856.23,5.7,59,15274,160,David Charles,Duane Fletcher DDS
4046,Group old care,Comedy,1963,11-04-1963,USA,4817993.4,2692338.63,4817993.4,514767.2,1393541.46,3.7,30,264,50,Mr. Jorge Anderson,Sharon Riley
4047,Course want,Comedy,1998,07-06-1998,USA,12419687.48,14104625.65,24464608.94,2559512.82,7412036.35,6.5,73,1963,224,William Carpenter,Jennifer Hall
4048,Positive lead,Action,1975,07-07-1975,Canada,674296.15,365049.33,674296.15,104715.83,180666.58,8.0,83,444,837,Diane Skinner,Mark Jones
4049,Would before particularly,Comedy,1986,18-08-1986,USA,23831866.21,45560958.29,107748878.3,11965545.46,20454125.95,8.8,64,39696,54,Jennifer Willis,Teresa Davis
4050,See rise,Action,2012,26-12-2012,India,2870793.35,2648369.18,5409894.21,480327.38,1253618.18,7.1,84,36918,127,William Walker,Rodney Smith
4051,Establish director,Comedy,1971,02-08-1971,USA,5355191.64,9165986.95,16086578.2,1244832.03,4470865.36,5.3,58,1974,1157,Jessica Singh,Alyssa Wolfe
4052,Culture bed itself,Documentary,2020,04-08-2020,USA,2629238.05,1139057.19,2629238.05,268710.67,506784.41,8.4,77,1193,155,Michael Chung,Mathew Castillo
4053,Difference moment,Sci-Fi,2024,27-02-2024,USA,23888442.2,44520863.55,92450793.4,7765205.05,25487967.04,5.9,55,10347,82,James Miller,William Washington
4054,Church mention house,Drama,1996,15-03-1996,USA,1810360.56,5446866.27,8543811.44,727187.73,3134176.87,5.0,45,6268,138,Jeffrey Myers MD,Marissa Pena
4055,Affect some,Drama,1967,21-10-1967,USA,2155375.24,4953125.88,8628634.77,549788.25,2682828.74,5.8,48,4165,1114,Jennifer Willis,Amanda Jenkins
4056,Per baby maintain,Action,2010,29-12-2010,USA,1883488.77,974211.39,1883488.77,206792.55,432375.49,7.0,72,1876,1431,Donna Hall,Adam Williams
4057,Culture however manage,Thriller,2020,07-09-2020,USA,2243264.92,3053436.28,4692938.09,711646.91,1331141.15,5.7,72,1985,50,Stephanie Hayes,Brian Rodriguez
4058,Movement finish scene,Comedy,1994,22-01-1994,UK,3644193.4,8030389.5,13809190.93,1929183.2,4426542.01,4.8,58,255,886,Jeremy Ray,Christopher Tucker
4059,Fire early own,Thriller,2005,17-05-2005,USA,1825332.11,4806601.84,8937579.37,519009.08,2366602.35,5.3,47,1981,435,Caitlin Brewer,Alexander Haley
4060,Way lawyer however,Drama,2014,07-10-2014,USA,3168049.58,6691672.85,12318152.88,1011348.1,2924233.67,6.3,61,9004,59,Michael Manning,Jason Mercer
4061,Boy upon,Drama,1984,13-10-1984,USA,2538670.45,2660947.69,4800553.21,328741.26,1162167.71,4.8,44,1178,156,Nathan Bolton,Eric Perry
4062,Attention detail,Comedy,1987,25-05-1987,USA,12878307.85,9879040.64,19201595.96,1518687.15,5484300.69,6.1,68,1228,206,Susan Farley,Thomas Sims
4063,Table analysis,Comedy,2008,07-01-2008,Japan,2665271.57,3883864.66,6004924.67,1116522.61,2258732.17,8.5,88,5404,3339,Renee Campbell,Brandon Mcguire
4064,Drug seat drug,Drama,1971,23-08-1971,USA,1868639.13,3477245.77,7021097.61,743492.61,1545299.82,4.3,48,3551,1062,Melissa Hernandez,Timothy James
4065,Perform event,Drama,1961,18-11-1961,UK,9264601.61,15314208.73,23428565.02,2523380.13,6544310.24,5.8,72,1725,455,Michael Ross,Mark Smith
4066,Same lay,Drama,1972,13-04-1972,USA,367364.55,376769.41,690684.97,91681.14,153235.43,9.4,98,832,473,Nathan Bolton,Brian Rodriguez
4067,Picture entire,Thriller,2017,30-04-2017,USA,993389.44,1569146.6,2593791.74,407950.03,842917.11,4.4,54,2102,1090,Vanessa Fox,Veronica Mills
4068,Sport understand,Action,1986,29-09-1986,USA,7134984.03,13782937.94,30280490.68,2950585.52,6913252.97,6.9,45,17837,92,Seth Whitehead,Pamela Frey
4069,Remember station within,Drama,2016,19-07-2016,USA,1734798.75,1089141.22,2035494.58,247353.39,510644.57,5.9,71,3489,323,Darlene Murphy,Valerie Dennis
4070,Gas deal you,Drama,1989,28-05-1989,USA,25214149.1,55966043.93,97929320.52,12034127.36,31480142.37,4.7,40,13839,2464,Michael Ross,Jeffrey Sharp
4071,More financial data,Comedy,2004,31-12-2004,USA,19725878.28,30562510.6,47027246.26,7563163.34,16692723.37,6.1,58,408,1977,James Wright,Christopher Green
4072,Manager,Comedy,1986,26-06-1986,India,1106939.6,1276829.36,1844725.47,201905.21,741257.98,6.6,63,1419,50,Emily Miller,William Brooks
4073,Grow,Horror,2024,13-09-2024,USA,2732506.48,3354247.93,7474910.51,629881.58,1544935.79,7.1,76,26368,721,Dr. Jonathan Long,Lauren Horton
4074,Approach fear,Comedy,2001,15-02-2001,USA,417783.67,306336.94,529674.64,56845.63,142193.18,5.9,63,799,802,Brandon Fuller,Teresa Santos PhD
4075,Certain former assume,Sci-Fi,2016,16-07-2016,China,18200293.24,34538629.46,58123407.79,6238382.59,19921456.35,5.5,67,1318,50,Renee Campbell,Joshua Willis
4076,Able agent rest,Comedy,2004,04-09-2004,USA,11096018.46,19576588.78,43406474.46,2124943.54,9137948.42,6.6,59,3272,213,Jacqueline Briggs,Olivia Ortiz
4077,Foot resource,Horror,2007,06-01-2007,USA,171533.45,128542.21,262292.94,17323.99,58811.42,6.7,61,3033,1225,Gary Simmons,Rodney Smith
4078,Build,Drama,2020,08-01-2020,USA,485744.54,1381508.97,2142005.01,371971.14,718843.24,6.6,71,411,1233,David Lee,Jeffrey Holloway
4079,Few evidence,Action,2016,27-05-2016,Japan,747452.82,1640154.02,2611943.19,288158.17,909111.11,4.8,60,313,150,Maria Lane,Jennifer Cook
4080,Air deal third,Drama,2024,05-07-2024,USA,3915634.21,7468177.26,14616629.56,1015623.3,2994262.56,3.7,56,2778,2125,Mark Brooks,Jeffrey Jenkins
4081,Garden eight,Drama,2021,18-01-2021,USA,3699061.71,4217233.63,10321986.69,1064637.24,2309027.58,8.6,95,2144,354,Sara Higgins,Becky Dean
4082,Yeah,Comedy,2004,08-02-2004,UK,7642087.08,4013967.57,9516999.67,885231.31,2068863.08,4.9,41,627,1516,Matthew Beck,Jennifer Leach
4083,May option,Horror,1987,05-09-1987,Germany,16254152.97,20477071.43,38865984.46,2168706.42,8383266.2,6.5,55,11573,13503,Anthony Henry,Joshua Walker
4084,Pressure machine,Horror,1992,08-04-1992,USA,888877.05,1554841.76,2292810.24,399404.84,677196.57,5.6,43,185,294,Charlotte Williams,Nicholas Richards
4085,Plan whole often,Comedy,1996,10-12-1996,USA,10078216.52,13291467.26,28302923.72,3908722.54,5697418.97,7.9,88,512,705,Karen Barrett,Sandra Farmer
4086,Indicate chance choose,Sci-Fi,2003,10-09-2003,France,100000.0,49516.58,100000.0,7793.0,21432.81,6.0,62,4669,85,Raymond Morris,Carolyn Calhoun
4087,Again theory agency,Thriller,1978,15-08-1978,China,1622859.5,1463953.2,2727424.93,237529.82,600718.81,6.9,77,35750,90,Matthew Beck,Tracy Williams
4088,Find generation must,Documentary,2004,28-11-2004,USA,5525993.03,16182676.99,26246464.68,2603716.21,9523121.98,7.6,62,3658,419,Brandon Fuller,Patricia Ramirez
4089,Mind you,Horror,1977,13-04-1977,USA,3790886.95,10511887.07,17029519.22,2394315.28,5049720.17,8.2,72,4162,2778,Ashley Medina,Jason Chavez
4090,Image type partner,Horror,1975,05-08-1975,USA,4072799.97,11661361.5,19808258.74,3155653.54,6978212.47,5.7,81,4665,74,Kayla Young,Alexander Haley
4091,Example center man,Horror,2008,26-08-2008,USA,5584412.89,3342250.73,5584412.89,879701.81,1764871.48,8.2,80,14557,707,David Lee,Pamela Lopez
4092,Upon thought money,Action,1978,05-11-1978,USA,22156025.84,27846272.77,49438381.69,6495992.95,14683708.1,5.3,73,5390,1839,David Charles,Larry Bishop
4093,Almost few,Comedy,2013,13-09-2013,USA,4453653.49,10227030.7,19801251.97,2287678.04,5970005.7,4.8,41,4957,50,Paul Weiss,Jamie Cunningham
4094,Maybe full Congress under,Comedy,2008,26-04-2008,USA,1455993.4,2570011.14,4145629.99,322237.18,1378770.69,4.3,35,2787,1339,Mr. Jorge Anderson,Jennifer Hendricks
4095,Measure spring assume,Action,1969,04-09-1969,USA,3911996.34,2598333.94,3911996.34,261792.97,1290959.56,8.1,78,823,93,Nicholas Murphy,Amanda Jenkins
4096,Out forget rather,Documentary,1995,20-11-1995,USA,5633091.08,6427665.86,11556545.85,1034451.44,2757475.05,6.1,48,5084,274,Darlene Murphy,Deanna Johnson
4097,However,Drama,1992,05-05-1992,USA,981522.05,590419.8,1000231.74,74710.4,322745.38,6.5,86,221,965,Robert Hendricks,Richard Miller
4098,Offer what author,Horror,2004,29-05-2004,USA,16112143.9,16880279.08,24576711.03,2642779.15,9528453.75,8.0,82,3009,225,Amber Anderson,Seth Johnson
4099,Foot sister,Action,1991,07-01-1991,USA,7899885.73,4593476.03,10353156.97,940807.7,2687663.09,10.0,100,256,50,Matthew Beck,Duane Fletcher DDS
4100,Somebody drug,Documentary,1978,31-03-1978,Australia,1841469.83,3796408.63,7971806.32,987153.0,1773109.73,8.9,88,4910,558,Kevin Green,David Martin
4101,Best glass artist,Thriller,2005,14-06-2005,USA,303678.01,284791.71,484845.76,71644.03,166337.68,6.3,82,1959,193,Nathan Bolton,Patricia Keller
4102,Look suddenly bad,Action,2017,13-11-2017,USA,9925859.71,7075830.68,10672700.46,1959536.97,4036296.51,6.1,79,17294,1651,James Cross,Mathew Castillo
4103,Half such,Comedy,1971,24-03-1971,USA,1152407.93,3240405.88,5262545.83,335826.64,1589403.73,7.4,84,182,880,Lisa Atkins,Ashley French
4104,We quality,Action,2023,24-03-2023,USA,17781072.29,19945456.45,30887647.68,3633438.5,10679868.03,9.1,77,1163,767,Karen Barrett,Brooke Stanley
4105,Begin develop even hospital,Horror,1989,13-06-1989,USA,1407546.78,1885367.98,3679275.14,211714.14,1040629.43,7.7,68,113,971,Donna Wagner,Joseph Leon
4106,Provide state,Drama,1993,12-07-1993,USA,15634537.97,11880979.09,26187958.08,3186116.66,5207411.51,7.1,53,8277,1921,Donna Wagner,Mark Crosby
4107,Computer hair partner,Comedy,2011,20-07-2011,USA,4972538.54,3028589.55,4972538.54,369506.22,1653901.81,5.8,75,1132,50,Andrew Chambers,Melissa Cain
4108,Operation movement,Drama,2023,28-06-2023,USA,12258901.06,29533419.61,57344112.59,8076240.24,16385040.73,8.0,70,12252,50,Raymond Morris,David Perez
4109,Music,Action,1987,12-12-1987,USA,487777.46,567880.71,1218158.41,69042.28,327696.52,5.5,37,12169,50,Jeffrey Neal,Christopher Benson
4110,Space meeting,Drama,1987,26-07-1987,USA,5692625.67,3907177.63,5692625.67,574112.08,2291000.87,4.4,23,20544,5448,Melissa Hernandez,Melissa Cunningham
4111,Exist article true,Comedy,2021,14-01-2021,USA,964333.77,425173.96,964333.77,109898.17,182307.51,5.0,56,3204,1221,Jennifer Henry,Cindy Barnes
4112,Chance officer himself yourself,Horror,1971,12-11-1971,Australia,1266186.74,1147766.26,2638977.41,160222.7,560176.73,7.0,63,55199,89,Ashley Medina,Mark Morris
4113,Teacher try between,Sci-Fi,2018,08-05-2018,USA,6380997.77,12776959.76,24621957.05,2785177.54,5985126.72,6.6,57,53275,309,Darrell Carlson,Miss Jennifer Parsons
4114,Star someone realize clear,Comedy,2010,22-10-2010,USA,41299955.24,19514749.28,41299955.24,5483246.95,7871039.36,5.9,45,5038,581,Sean Howard,Larry Bishop
4115,Kitchen last him,Drama,1986,14-02-1986,USA,79839808.28,208897747.2,339266626.6,31880463.08,120547229.1,7.1,70,1131,50,Robin Hooper,Shannon Hunt
4116,Raise ball,Documentary,2022,11-07-2022,UK,2718693.99,1900666.02,2718693.99,353245.88,913530.91,7.9,65,548,537,Seth Whitehead,Dawn Blake
4117,Eye every young,Comedy,1980,03-06-1980,USA,973761.11,1460098.1,2103440.9,215904.18,764068.45,3.6,39,1987,1622,Jeremy Ray,Mrs. Margaret Smith
4118,Simply lawyer,Comedy,1997,19-09-1997,South Korea,549028.52,669838.38,1124224.25,98093.45,294348.27,6.9,84,6136,483,Maria Lane,Deanna Johnson
4119,One president,Drama,1992,03-06-1992,USA,1089735.75,988279.38,1811261.58,278779.39,489848.53,7.3,66,1322,50,Brooke Morales,Dennis Rogers
4120,Carry may even,Documentary,1998,12-03-1998,India,132622784.9,258825507.6,379213591.5,55806017.68,130131731.4,6.9,74,122,65,Renee Campbell,Christopher Green
4121,Go include,Action,2001,27-07-2001,India,1865650.61,1290475.04,2034693.97,219205.38,673908.9,6.0,75,6517,3448,Michelle Collins,Sheila Dunn
4122,True live,Action,2024,07-06-2024,USA,1426860.64,1342128.09,3319846.74,149130.28,797862.46,6.4,70,1322,286,Amber Anderson,Jamie Cunningham
4123,Analysis day,Drama,2025,20-05-2025,USA,9572372.86,11529394.61,17535827.33,2948284.2,5248788.29,7.2,63,768,266,Colleen Willis,Christopher Benson
4124,President positive,Documentary,1960,17-08-1960,USA,246644.96,168310.12,318831.97,34453.58,95501.97,5.4,69,14078,420,Bethany Rodriguez,Christina Buchanan
4125,Number man,Horror,2002,08-05-2002,USA,856438.44,543606.49,1180068.43,57261.03,238299.9,6.9,67,4331,2914,Sara Higgins,Courtney Butler
4126,Drop,Documentary,1973,26-08-1973,USA,456825.1,832799.22,2041925.69,221550.73,489362.69,6.0,68,1934,495,Joseph Willis,Jason Chavez
4127,May question father,Romance,1957,21-09-1957,USA,2360463.12,1059913.92,2360463.12,170539.02,587710.7,5.4,51,1011,1407,Hannah Camacho,Daniel Hughes
4128,Agree garden,Documentary,1987,30-04-1987,USA,1272811.44,845394.26,1272811.44,172955.35,340991.43,8.6,91,1148,207,Benjamin Ray,Jeffrey Haley
4129,Manage those senior,Comedy,1994,19-09-1994,USA,12937159.51,9467878.17,23458867.25,1576902.31,5100582.87,5.5,51,18771,165,Joshua Baker,Samantha Vargas
4130,Talk experience would,Drama,2019,02-08-2019,USA,252144.83,433939.27,863927.69,123553.69,204749.27,6.3,62,6667,59,Kevin Green,Kimberly Smith
4131,Ground time firm,Drama,2009,18-09-2009,USA,1804870.12,1217390.74,2722759.16,125457.23,540015.78,6.5,65,2421,350,Elizabeth Lane,Jeanette Archer
4132,When leave,Horror,1991,27-12-1991,USA,444554.69,771371.02,1369755.27,199744.16,410912.69,4.5,47,14216,50,Robert Hendricks,Melissa Mcgee
4133,Hotel lot education music,Comedy,2007,17-01-2007,Canada,3493499.36,7843800.21,14832260.72,1828039.57,3910899.35,8.5,83,394,333,Sonya Clark,Nathan Nelson
4134,Father,Horror,2014,19-10-2014,USA,5682582.04,8115529.21,14399136.06,2059637.2,3844279.84,4.9,38,761,375,Roberto Underwood,Christopher Hanson
4135,Talk experience would,Action,2025,16-10-2025,USA,10239866.32,20116807.37,29203054.65,3221999.6,10211608.69,4.6,33,669,50,Diane Skinner,Leonard Contreras
4136,Personal sit beyond,Comedy,2002,12-02-2002,USA,74768317.67,102803620.4,219868789.3,25218938.39,50578267.08,4.9,35,4866,399,Denise Horne,John Barker
4137,Put manager today,Horror,2011,06-01-2011,USA,1155750.56,1045850.66,1879906.5,227735.86,599832.61,5.5,56,2573,50,Troy Cochran,William Prince
4138,Site even media,Thriller,2001,25-03-2001,USA,1736624.32,2586049.79,4333545.62,330558.17,1171433.32,5.7,52,5837,2759,James Wright,Cameron Pineda
4139,Lose clearly list,Comedy,1980,26-09-1980,India,62988727.75,181856790.0,287411167.5,18791212.75,104106009.8,5.1,52,25846,225,Paul Rogers,Nicole Turner
4140,Your think seek,Horror,2002,11-01-2002,USA,4338401.95,6325281.94,9663128.81,836170.8,3533622.14,6.4,68,2831,63,Jonathan Evans,Eric Perry
4141,Rise apply,Comedy,1980,03-09-1980,China,8626824.67,19121070.27,37097978.93,5682766.39,10755946.04,7.2,70,3636,109,Roberto Underwood,Douglas Bullock
4142,Senior into,Romance,2020,20-06-2020,Canada,3888115.57,5854881.36,12145466.5,1712753.81,2492602.83,7.0,74,1657,3213,Jennifer Miller,Sierra Brooks
4143,Determine,Action,1990,22-02-1990,India,5648457.8,6957246.65,17026962.05,996866.32,3305597.56,6.4,56,2702,50,Sophia Gomez,Lynn Pierce
4144,Near yard hot,Comedy,1957,11-11-1957,Japan,4702256.29,3743221.9,7746409.23,697288.08,1952113.07,5.7,52,588,326,Tyler Sanchez,Thomas Sims
4145,Above wind perhaps,Action,1983,03-05-1983,USA,1110742.01,668035.25,1110742.01,103685.58,336877.9,6.5,66,8374,1264,Samantha Campbell,Michelle Anderson
4146,Security exactly,Horror,1967,22-12-1967,USA,10728783.04,15564976.3,30367038.61,2403832.92,7411130.28,5.8,63,864,1838,Amber Anderson,Nicole Dawson
4147,Modern forward,Romance,1989,30-07-1989,USA,100000.0,122166.81,238176.14,13165.1,55745.21,7.2,74,646,96,Jordan Orozco,Daryl Douglas
4148,Model professor,Drama,1998,18-08-1998,USA,8143711.24,3611563.59,8143711.24,673600.31,1825458.28,6.1,59,28275,866,Amber Anderson,Dalton Johnson
4149,If I sound,Comedy,2015,14-10-2015,USA,1522041.91,2979334.18,5159596.59,715757.79,1225694.01,5.5,40,3840,579,William Carpenter,Lucas Collins
4150,Executive occur soon,Thriller,2002,20-02-2002,USA,1258538.61,1179192.73,2627054.99,147541.38,672248.61,10.0,100,8745,115,Matthew Beck,Jeffrey Holloway
4151,Security place choose,Drama,1966,16-05-1966,USA,11345130.79,16131493.02,37508998.17,2205614.62,7934810.95,9.2,100,16321,1111,Faith Franklin,Mark Crosby
4152,Quite,Drama,2016,07-08-2016,USA,2786924.27,2106099.57,4215673.1,614708.35,1241558.17,8.6,80,9332,202,Jeffrey Myers MD,Richard Miller
4153,Charge,Documentary,2001,07-04-2001,India,14643561.59,19805951.18,47354146.25,5424439.37,7925592.87,4.7,45,962,355,Kim Watkins,Douglas Bullock
4154,Citizen reflect collection,Romance,2005,05-01-2005,USA,14475562.95,10978938.2,17290361.38,2975592.12,6344253.72,7.6,89,4677,183,Donna Wagner,Brooke Stanley
4155,Art nothing computer,Horror,2020,10-11-2020,USA,9481078.39,16931745.12,26443074.84,2673520.01,8225405.55,7.3,58,2223,1728,Kristina Moore,Melissa Cunningham
4156,Race wonder edge since,Action,2002,20-06-2002,USA,3008390.79,5084440.96,11290242.88,654310.47,2515137.92,9.4,100,2913,50,David Lee,Sierra Brooks
4157,Trial baby easy,Horror,1988,29-08-1988,USA,41267704.51,66050198.67,119498142.1,16397421.96,32950011.42,4.9,44,1183,356,Terry Lawrence,Casey Collins
4158,Work speak measure difficult,Action,1998,17-07-1998,USA,10662708.92,25181444.63,36742830.65,5061431.97,14026967.35,7.1,90,8956,88,Donna Wagner,Brenda Guerrero
4159,Central fast,Drama,2017,05-07-2017,USA,2563975.67,4795173.5,7573089.72,1287274.3,2020039.18,4.9,35,17779,200,William Banks,Richard Mata
4160,Same civil help,Action,1952,02-02-1952,South Korea,20075882.78,11004958.6,20075882.78,1996531.0,5664321.3,6.9,66,2117,76,Brooke Morales,Brenda Wheeler
4161,Foreign own identify,Action,1999,16-01-1999,France,2893866.0,5718783.14,11474158.96,1315957.86,2911940.79,8.7,87,13528,131,Michelle Collins,Anthony Rhodes
4162,More too,Thriller,1962,19-10-1962,USA,2844024.22,1149111.42,2844024.22,188063.23,539382.4,8.7,84,18875,59,Mrs. Hannah Campbell DDS,Jason Chavez
4163,Level safe good keep,Drama,1976,28-10-1976,USA,1036110.03,675908.63,1649158.64,199298.52,372143.44,7.0,65,5879,2880,Mary Mitchell,Brian Gentry
4164,Break popular,Romance,2000,13-09-2000,USA,277285.75,536253.03,1126522.87,57081.87,270658.54,5.9,45,3780,629,Ryan Tate,Gina Fernandez
4165,Personal stuff,Romance,1984,14-08-1984,USA,19363642.88,32052429.22,52096915.93,4184878.81,18656683.26,5.6,41,16047,174,David Rosales,Christina Jones
4166,Glass set,Drama,1981,20-11-1981,Canada,653457.69,702105.11,1294459.76,113250.42,388908.84,4.1,43,33279,384,Andrew Chambers,Russell Martin
4167,Mouth,Sci-Fi,1960,16-12-1960,USA,7104066.46,6435483.01,11873062.18,1459912.21,2724940.01,6.4,64,6829,1113,Kelsey Ellis,Adam Williams
4168,On approach,Comedy,1993,03-11-1993,India,6130595.85,6793187.71,12510647.45,1021209.51,3006255.35,6.4,80,4631,121,William Carpenter,Christopher Hurst
4169,President these plant,Comedy,1988,18-08-1988,USA,8399972.85,14451193.06,33363695.82,4260643.39,7289118.86,8.0,76,128,873,Jennifer Henry,Jessica Scott
4170,Mouth,Thriller,2003,18-08-2003,USA,1588047.94,3048687.14,4737837.48,855624.21,1795086.78,5.4,45,2212,7244,William Banks,John Perry
4171,Similar PM system,Thriller,2012,15-11-2012,USA,10394352.01,31814799.14,46527546.24,5977724.69,15574516.61,5.7,54,8967,622,Benjamin Hudson,Sandra Spears
4172,Class lay everyone,Action,2021,17-07-2021,USA,24773663.43,48778561.4,83228659.55,6830063.19,23750544.83,6.9,60,264,131,Philip Simmons,Daryl Douglas
4173,Interesting contain,Drama,1970,25-05-1970,USA,18030185.02,40730115.24,85782565.99,5399573.83,17680329.44,8.5,66,1313,50,Hannah Camacho,Karen Shaffer
4174,Whom meet understand,Comedy,2003,10-09-2003,USA,8296807.76,5053416.85,8296807.76,745511.99,2852445.68,5.2,49,6936,50,Tracy Tucker,Patricia Keller
4175,Maybe article,Comedy,1987,11-02-1987,India,2510290.79,3883348.49,6152882.16,665896.85,2305293.92,4.1,41,3829,421,Christian Hernandez,Greg Ball
4176,Season positive,Comedy,2021,31-10-2021,USA,6847260.89,11206902.09,17106155.73,1829780.95,5141010.97,2.0,30,1387,549,Charles Lopez,Peter Sanders
4177,Create bar,Comedy,2010,11-09-2010,UK,346736.44,610532.89,986434.58,155143.98,350002.73,3.9,51,791,265,Kelsey Ellis,Kimberly Ramirez
4178,Remember standard,Comedy,1959,31-07-1959,USA,9140662.85,21088326.06,40067130.51,2240561.76,10304952.44,6.2,63,3200,1263,Patricia Munoz,Monica Nelson MD
4179,Pattern,Drama,2023,20-04-2023,India,4616709.8,9391982.25,13729703.02,2676651.01,3876986.67,5.0,69,18209,374,Jerry Owens,Darren Jones
4180,And until something,Romance,2000,14-02-2000,USA,1818515.04,1151949.65,1818515.04,115871.68,548406.53,6.4,84,8855,2090,David Hall,Dr. Edward Smith
4181,Action traditional recently,Sci-Fi,2022,27-08-2022,USA,1265369.65,1885455.3,4339082.21,374426.08,799096.05,6.1,59,58939,181,William Carpenter,Mr. Michael Snyder
4182,Middle,Thriller,2020,08-10-2020,Australia,3145652.02,3990049.86,8128103.31,976833.82,1972574.25,8.2,93,4696,507,Jessica Rodriguez,Ashley Juarez
4183,Why rather,Sci-Fi,2001,14-02-2001,USA,9683550.87,9948122.23,20122689.9,2278872.29,4129539.52,5.2,52,10242,231,Colleen Willis,Jason Ramos
4184,Court expert stop,Comedy,2001,03-05-2001,USA,669381.67,1637738.79,2599722.14,304505.61,972979.9,6.2,51,899,300,Chad Koch,Greg Ball
4185,When run process,Comedy,2006,27-11-2006,South Korea,8706167.13,9241807.4,13757976.32,1852449.17,4471074.01,7.9,69,13009,63,Kelsey Ellis,Sabrina Massey
4186,Probably real,Comedy,2011,10-11-2011,Australia,3804299.93,3773102.79,7184496.77,547691.81,1603995.61,7.1,56,711,535,Kimberly Barker,Mrs. Stephanie Palmer
4187,Policy five,Drama,2024,20-04-2024,South Korea,19681123.33,13264466.04,19681123.33,1879642.29,6217921.2,5.8,65,2709,745,Donna Hall,Meghan Johnson
4188,Computer option,Drama,2002,24-01-2002,Canada,3745899.67,6871235.08,14175155.37,1577729.87,3562594.53,4.9,48,9077,1623,Christian Hernandez,Mary Wolfe
4189,Individual treat,Comedy,1987,18-05-1987,USA,3506456.92,4721209.82,7236524.1,612650.42,2500677.47,7.9,76,11681,1562,Karen Smith,Joel Hunt
4190,Real practice firm,Thriller,1998,24-08-1998,USA,3006295.94,2939497.01,6695995.83,334205.07,1187798.89,6.9,77,768,204,Jennifer Atkinson,Tracy Klein
4191,Yet property fall,Drama,1998,11-01-1998,USA,4499650.08,7408315.68,14869575.3,2154802.65,3859450.26,6.4,73,9138,50,Troy Cochran,Mr. Michael Snyder
4192,Way lawyer however,Comedy,1995,24-10-1995,India,25194802.69,15719792.39,25194802.69,2426320.85,7199636.07,9.6,100,686,71,David Morris,Jeffrey Sharp
4193,Almost key answer race,Comedy,1983,28-05-1983,USA,248685.54,570407.47,1017168.63,131614.51,297742.92,4.8,34,1268,472,Susan Farley,Sharon Riley
4194,Church writer feeling,Horror,2024,21-07-2024,USA,10557330.01,14332469.35,21803304.35,3607145.88,7925671.41,6.2,67,673,1416,Sonya Clark,Alyssa Wolfe
4195,Rest listen not,Thriller,2004,06-05-2004,USA,4616020.31,6432350.11,10491791.23,857946.25,3189251.21,4.9,82,3031,158,David Charles,Samuel Bond MD
4196,Save according expert,Comedy,2013,11-06-2013,USA,1719529.54,3206898.3,6955093.35,570778.3,1530600.96,5.8,73,1901,2150,Michelle Collins,Jeffrey Smith
4197,None great just,Horror,2003,13-08-2003,Japan,2450705.54,2063628.47,3347144.03,418136.73,880040.41,5.4,58,695,5599,Chad Peters MD,Joel Hunt
4198,Page since art,Drama,1958,03-08-1958,USA,18599513.95,16512072.72,35198008.25,4465082.99,8814305.72,4.8,27,1712,232,Denise Horne,Miranda Armstrong
4199,Better decide,Romance,2007,25-08-2007,USA,201356.39,509729.12,735377.89,94012.93,225542.28,6.4,82,8225,534,Mrs. Hannah Campbell DDS,Teresa Davis
4200,Government store bed thought,Drama,1972,05-09-1972,USA,32295060.42,79457012.73,154515200.7,14239094.13,47204561.56,8.8,75,1236,471,Shannon Ross,Gabriel Mathis
4201,Fish resource strategy,Drama,1999,05-02-1999,UK,2107885.17,1460074.03,2107885.17,339657.37,601575.5,6.1,54,20527,76,David Hall,Mark Smith
4202,Ago every boy,Drama,1952,19-06-1952,China,814605.61,813905.77,1887099.26,212971.52,364134.05,4.0,27,682,81,Michael Chung,Deanna Johnson
4203,Unit ok,Action,2024,04-03-2024,USA,485858.26,587336.75,888943.74,135168.05,247532.67,5.6,56,2418,50,Sean Howard,Valerie Dennis
4204,Us produce,Comedy,2014,04-06-2014,Germany,3082496.54,6149102.6,13662910.7,1748484.0,2606978.42,5.2,51,7265,208,Jessica Gonzalez,Melissa Cain
4205,Owner teach rate need,Comedy,2017,27-12-2017,USA,235661.25,296760.61,550729.95,82139.59,150122.89,8.5,74,1633,574,Stephanie Hayes,Adam Bowman
4206,Fast health,Drama,1987,05-05-1987,UK,14530220.06,7879126.18,14530220.06,1428852.83,4066817.81,8.5,100,2800,1085,Mark Brooks,Douglas Bullock
4207,Suffer leg each,Horror,2011,01-08-2011,USA,38240014.25,33591654.43,64710562.37,5369536.6,13784830.18,9.1,77,697,387,Colleen Willis,Sheila Dunn
4208,Get series movie,Drama,2001,23-06-2001,USA,100000.0,186232.57,459671.11,45445.86,79062.61,7.7,94,1434,1277,Jason Jones,Meredith Williams
4209,Against other fine,Action,1961,31-07-1961,Australia,3021385.42,8468606.6,13360980.49,1596363.89,4707655.01,8.2,84,20274,50,John Jones,Brittany James
4210,Sport,Action,2013,27-06-2013,USA,1372628.31,1337412.17,2758805.68,240592.9,754074.7,8.6,97,6269,949,Tara Underwood,Scott Anderson
4211,Sense rule money side,Thriller,1974,25-01-1974,USA,11665263.64,20461126.8,35143343.48,2229443.68,10104610.47,4.6,40,33147,1540,Melanie Olson,Jorge Thompson
4212,Concern spend,Sci-Fi,1983,05-02-1983,USA,5215592.19,2720857.57,5215592.19,315341.15,1590315.77,7.3,79,12447,405,Sean Howard,Joseph Gonzalez
4213,Mr way,Comedy,2020,30-05-2020,USA,875078.57,1636943.37,2518053.56,421459.91,792828.99,5.3,46,8656,3157,Bryan Murray,Steven Green
4214,Executive here available,Comedy,2015,04-12-2015,USA,1772382.45,2033797.36,4296475.65,449270.81,971957.81,6.1,42,333,50,Claudia Smith,Lauren Horton
4215,Story receive sort,Drama,2014,01-01-2014,Canada,2248150.83,3435271.87,5305830.18,871558.41,1485302.08,5.9,58,4107,50,Bryan Murray,Peter Sanders
4216,Difference sport face,Thriller,1961,25-02-1961,Japan,46913963.95,30218717.62,46913963.95,4531921.48,14558893.39,7.5,89,1748,452,William Banks,Stephanie Moore
4217,Dark often,Comedy,2017,29-08-2017,USA,837481.45,1148322.37,2041632.46,179293.8,505811.54,6.9,72,935,918,Amanda Montgomery,Morgan King
4218,Improve,Drama,2009,17-01-2009,USA,36628995.21,57287536.78,93627098.0,13647590.81,24665646.43,5.2,51,5829,146,William Banks,Miss Jennifer Parsons
4219,Do find,Drama,1995,10-05-1995,Japan,11081564.91,22879671.86,45305309.18,2642955.81,9341730.8,6.7,74,2873,175,Joshua Baker,Jorge Kennedy
4220,Realize prepare,Drama,1956,23-07-1956,India,1023832.73,1943636.71,2976182.29,284282.68,1052526.27,4.1,41,895,4450,Mary Mitchell,David Martin
4221,He behavior moment,Romance,2006,12-03-2006,USA,2652551.99,2264559.91,4272231.88,511296.92,1241614.91,5.0,42,8888,289,Colleen Willis,Adam Williams
4222,Others part,Romance,2011,29-11-2011,USA,3136460.87,5215732.54,10279216.84,1318948.89,2324820.13,4.5,42,26916,226,Darrell Carlson,Brittany Kelly
4223,Culture better machine,Thriller,1989,05-10-1989,South Korea,134372.13,116990.02,281404.57,17522.53,57069.6,4.3,39,19842,50,Rachel Hayes,Terry Martinez
4224,Computer method machine,Sci-Fi,1986,21-03-1986,USA,12251651.49,10353955.44,14831392.11,2781373.89,5708694.57,6.1,57,871,231,Faith Franklin,Kathryn Stevenson
4225,Evening else,Comedy,1951,29-08-1951,USA,1590189.34,1559180.68,3147884.78,228192.35,887960.33,5.1,50,2391,57984,Carolyn Schwartz,Eric Nelson
4226,Put team take,Documentary,2001,15-11-2001,USA,1168179.61,574276.64,1168179.61,159046.09,256840.38,8.7,97,18981,186,Faith Franklin,Pamela Frey
4227,Mrs traditional,Romance,2020,16-02-2020,India,53106880.98,97798125.22,205867335.4,17393273.87,47764010.15,5.2,57,1382,10547,David Morris,Ashley Pena
4228,Although ever,Drama,2024,28-08-2024,USA,522351.52,551972.83,899280.58,161549.14,283517.26,7.8,62,2200,186,Kim Watkins,Mark Crosby
4229,Drug there,Documentary,1978,28-05-1978,USA,2053504.4,3627043.82,6070136.41,391388.47,1898541.25,5.5,54,109,56827,Jennifer Henry,Lorraine White DDS
4230,Green,Romance,2007,21-05-2007,USA,894162.83,2118652.57,3639849.45,585729.59,1045184.25,6.4,67,1261,50,Chad Koch,Krystal Cross
4231,Traditional parent number,Comedy,2024,11-07-2024,Australia,573998.51,449823.46,727436.36,74586.56,267193.86,5.7,49,154,50,Sharon Wilson,Dennis Perry
4232,Join a,Thriller,1982,26-10-1982,USA,220462.86,503031.61,1029453.54,81418.28,236973.85,8.7,85,492,53,Suzanne Gonzalez,Darren Jones
4233,Apply fish,Thriller,2013,09-12-2013,South Korea,13870001.22,10794071.02,21992328.01,1237519.03,6461152.83,7.7,71,6127,1968,Shannon Ross,Jennifer Hendricks
4234,Black store,Documentary,2011,21-06-2011,USA,1729122.02,3327226.29,6766000.82,608003.08,1632537.63,7.9,65,3736,574,Elizabeth Lane,Casey Briggs
4235,But most performance,Drama,1994,29-10-1994,USA,10128203.46,5068103.0,10128203.46,854630.63,2107998.65,6.4,73,185,1861,Adam Brown,Meghan Mcintosh
4236,Role personal customer,Horror,1990,16-06-1990,USA,502051.99,731664.1,1317868.87,217860.5,330411.57,3.7,32,1829,562,Diana Davis,Christopher Tucker
4237,Around phone,Thriller,2024,20-02-2024,UK,3519735.42,2376197.42,4031212.65,520973.59,1145214.75,7.9,79,3430,50,Francisco Ford,Deanna Johnson
4238,Attack mission,Horror,2001,12-04-2001,USA,5611132.67,15385096.77,25480266.75,1689333.85,7030616.4,6.8,59,4738,159,David Charles,Corey Johnson
4239,Personal direction table you,Sci-Fi,2019,21-09-2019,USA,6563450.73,5117835.55,9783402.58,943345.93,2593137.82,6.3,57,21284,257,Jeremy Ray,Michelle Thomas
4240,Same involve,Horror,2022,26-04-2022,USA,62836031.24,64766060.91,94892702.28,16222519.76,30939280.14,7.2,77,31142,666,Emily Miller,Jamie Chavez
4241,Local woman,Drama,2015,02-05-2015,India,2190370.5,6871484.46,9898198.95,698037.4,2989061.71,4.9,44,3852,191,Paul Rogers,Seth Johnson
4242,You charge,Comedy,2002,02-04-2002,USA,179537.42,429482.72,814776.02,109824.77,209578.66,7.3,75,3856,666,Ashley Medina,Jeffrey Holloway
4243,Anything share morning,Drama,1999,29-07-1999,China,9864244.6,6900132.54,15251487.03,839069.63,3894192.32,5.6,50,490,207,Joshua Morales,Jeffrey Haley
4244,Couple,Documentary,2001,04-10-2001,Japan,4357402.33,6824104.51,11757698.72,1455911.11,3618146.95,6.0,59,1287,248,Rachel Hayes,Tami Miranda
4245,Those relationship,Comedy,1971,24-12-1971,USA,1806615.46,2619047.43,4383334.23,332437.55,1168840.65,6.1,74,1264,54,Brooke Morales,Casey Collins
4246,Have toward,Drama,2013,08-07-2013,USA,6889998.72,18097420.3,30520238.56,4534004.19,8096821.61,5.1,41,489,1407,Daniel Brown,Sandra Spears
4247,Provide,Comedy,2000,18-11-2000,France,567733.37,714914.59,1311439.65,96541.5,313289.59,5.9,57,434,50,Carolyn Schwartz,Isaiah French
4248,Movie cup this,Drama,2020,19-01-2020,USA,448199.35,533643.4,915527.84,75354.05,228769.97,7.5,76,4176,16079,Barbara Torres,Casey Collins
4249,Difference although majority,Romance,1972,27-11-1972,USA,5195823.21,7597616.08,17444263.47,2147321.75,3060180.67,6.7,87,3819,3956,Mary Mitchell,Douglas Bullock
4250,Find generation must,Comedy,1986,12-09-1986,South Korea,1379049.49,4110894.91,6799754.32,866198.76,2210200.71,5.3,48,359,304,Maria Lane,Mr. Michael Snyder
4251,Future fear,Horror,2023,01-03-2023,USA,3532791.82,6366048.04,13914060.64,652143.69,3108209.39,7.6,94,7261,1140,Manuel Benton,Elizabeth Holmes
4252,Common him none,Documentary,1991,29-09-1991,USA,494736.54,628909.73,959429.98,72240.18,358990.83,9.7,88,8759,294,Judy Walker,Dustin Jackson
4253,Question minute newspaper,Comedy,2024,12-12-2024,USA,6679764.58,11454999.01,18382259.46,1345508.4,5175330.43,8.8,100,2647,98,Jessica Singh,Kristy Faulkner
4254,Challenge parent than,Romance,2003,21-11-2003,Germany,5822442.26,10986551.99,17800343.93,3133503.59,4792880.64,5.5,74,4838,125,Darlene Murphy,Jacqueline Cooper
4255,Relate,Thriller,2022,17-06-2022,USA,1885654.83,2171010.04,3399048.48,490077.97,986566.0,6.6,91,16554,178,Robert Webster,Stephen Clark
4256,Analysis sort beautiful,Drama,2020,26-04-2020,USA,3884758.99,6918876.7,14520187.87,1242310.31,3123399.19,6.2,52,16356,229,Kristina Moore,Melissa Cain
4257,Also newspaper interesting,Drama,2025,08-08-2025,USA,19707030.56,10628776.91,19707030.56,1321739.71,5784560.55,5.8,73,1032,2424,Diana Davis,Marc Vasquez
4258,Yes trip writer star,Comedy,1953,18-04-1953,France,5274153.86,6059632.74,13019492.82,726786.98,3346701.79,5.2,25,970,402,William Walker,Becky Kerr
4259,Cut city individual,Horror,2013,07-12-2013,USA,52934196.45,155905238.8,248612247.0,25530809.31,92798391.78,4.8,47,13502,728,Melissa Cohen,Mrs. Margaret Smith
4260,Security crime,Comedy,2013,16-09-2013,USA,28160917.22,12692272.8,28160917.22,3676103.61,5725004.17,6.7,74,10404,4610,Jordan Orozco,Carla Dougherty
4261,Shoulder career walk,Comedy,2005,05-02-2005,USA,1906805.73,1009091.34,1906805.73,283886.46,496475.46,6.9,56,7533,312,Robert Hendricks,Kimberly Johnson
4262,Word see station fact,Action,1997,12-06-1997,Australia,2482689.47,8046354.34,12302568.87,2045473.83,3574906.35,8.4,92,16996,1011,Jonathan Evans,Ashley Reeves
4263,Director Mrs subject,Drama,2020,09-01-2020,USA,15893760.6,10780660.55,19554047.59,1811420.92,6021256.95,7.4,72,2535,214,Daniel Rivera,Leonard Contreras
4264,Dark international,Documentary,2009,28-07-2009,USA,6022603.72,4174224.6,6022603.72,941864.23,2000804.37,6.3,68,1107,6348,James Cross,Joseph Leon
4265,Spend prove,Drama,2023,05-05-2023,USA,709795.4,1111901.89,2326482.48,141390.86,599845.38,6.4,61,6203,174,Mark Brooks,Kathryn Hunt
4266,Kitchen fine herself difference,Thriller,2017,18-06-2017,Japan,2813758.9,3091324.15,7207344.48,760850.83,1360015.34,7.0,54,25745,3768,Nicholas Murphy,Jennifer Leach
4267,First,Thriller,2004,18-03-2004,USA,4873020.14,2695326.57,6394759.77,334102.81,1177544.94,7.5,64,3088,468,Jessica Gonzalez,Kimberly Smith
4268,Their,Romance,2010,24-02-2010,USA,2894597.3,3387602.45,7491751.31,664247.01,1844514.73,6.5,61,8079,202,Adam Brown,Patricia Keller
4269,Man leader,Action,2016,25-02-2016,Canada,949343.95,2532120.47,3937166.19,656302.16,1498532.28,6.8,63,5155,69,Jordan Orozco,Valerie Dennis
4270,Letter interesting,Horror,2008,27-09-2008,USA,2207716.34,4286464.09,6364178.24,458542.09,2469185.18,7.7,54,4369,560,Michael Manning,Eric Obrien
4271,Scene action,Drama,2014,06-01-2014,USA,1974727.81,5549520.14,8322167.63,578226.78,2811131.24,4.9,52,14633,685,Jeremy Davis,Scott Anderson
4272,Human,Horror,2024,24-09-2024,USA,326256.46,216306.79,326256.46,43338.68,98882.68,9.6,100,1767,1496,James Cross,Theresa Cooley
4273,Wear lead truth much,Romance,1966,18-06-1966,USA,80823684.76,49161054.44,80823684.76,8601498.21,27387454.43,4.0,43,256,143,Melanie Olson,Samuel Bond MD
4274,Not himself rule,Comedy,2020,17-12-2020,USA,1123923.97,2816707.15,4117989.44,579759.02,1242699.77,8.6,92,1869,259,Sonya Clark,Sharon Rodriguez
4275,Enter article another side,Horror,1951,07-04-1951,USA,1133387.96,1086873.03,1773783.35,113307.48,473836.07,7.9,68,3578,756,Mr. Drew Clark Jr.,Mark Jones
4276,Alone option,Thriller,2012,07-06-2012,USA,1938597.9,3587668.38,7133286.54,660398.99,1601328.93,6.6,63,5396,50,Tara Underwood,Morgan King
4277,Condition,Comedy,1960,29-03-1960,USA,3318530.1,1898750.81,3318530.1,399057.86,869088.89,9.9,86,2472,50,Melissa Hernandez,Catherine Rogers
4278,Century magazine image,Action,2008,21-08-2008,USA,4622451.86,8240930.4,14203705.48,2089135.41,3558149.91,5.8,47,1272,50,Robin Hooper,Pamela Lopez
4279,Through,Documentary,2018,16-03-2018,USA,4290135.38,7851983.83,14747887.01,1299131.05,3780975.61,8.4,100,773,50,Amber Anderson,Marc Vasquez
4280,Even anything,Drama,2016,26-01-2016,China,13121450.54,38434067.59,56019198.17,6890563.81,20761192.82,8.1,69,1235,1454,Lisa Atkins,Steven Green
4281,Contain skill,Drama,2013,14-12-2013,USA,860663.76,1326370.32,2061337.72,135589.93,574196.44,5.6,49,2076,375,Janice Taylor,John James
4282,Meet black,Romance,2025,15-05-2025,USA,3496996.57,5420219.95,10589557.21,1565331.55,2243565.32,6.2,73,5278,267,Gary Simmons,James Erickson
4283,Between remain catch,Comedy,1980,26-12-1980,India,2869327.66,2048332.12,4966913.6,335285.78,915798.5,6.6,68,232,1300,Barbara Torres,Ronald Thompson DDS
4284,Message treat method hear,Horror,1988,19-12-1988,Germany,3762970.08,2620448.67,4133043.75,575653.4,1354213.41,4.1,12,6571,50,Francisco Ford,Seth Smith
4285,Bank candidate future,Horror,1974,01-01-1974,USA,2292063.87,2465803.56,4179701.91,460055.37,1136816.06,6.3,48,20637,50,Sonya Clark,Alyssa Wolfe
4286,Nature PM,Drama,2002,08-06-2002,USA,4387359.45,5186303.59,8911596.4,661789.68,2715485.5,6.3,62,946,298,Shannon Ross,Jeffrey Holloway
4287,Choose democratic piece,Drama,2022,23-02-2022,USA,1428820.87,2089923.18,3707004.04,362535.72,870661.82,5.1,39,794,748,Jennifer Miller,Dennis Perry
4288,Alone something,Action,2011,22-02-2011,UK,15442267.43,23416932.78,53666820.57,4413930.35,9383464.99,5.3,48,2298,1347,Rachel Hayes,Sandra Brown
4289,Place upon,Thriller,2004,26-10-2004,USA,34998604.21,18545394.96,34998604.21,2306424.69,10185589.44,5.4,46,12669,50,Michelle Collins,Valerie Dennis
4290,Realize skill election Congress,Drama,1963,09-02-1963,USA,3957883.05,7360465.03,12813534.87,1916436.75,3785420.5,5.5,49,699,50,Barbara Torres,Adam Bowman
4291,Almost memory end,Comedy,1965,17-04-1965,Canada,923461.33,1997252.45,3137934.96,222508.21,868824.42,5.2,37,860,50,Crystal Harris,Amber Willis
4292,Mission say together,Drama,1985,27-05-1985,USA,139214.05,327393.58,612642.04,64066.49,187261.43,4.3,39,3326,2138,Mr. Drew Clark Jr.,Lynn Pierce
4293,Court surface,Sci-Fi,2020,08-10-2020,USA,1527887.56,4331611.71,7624052.17,705853.07,2002513.8,4.6,45,1448,50,Matthew Beck,Duane Fletcher DDS
4294,Participant party,Comedy,2018,10-09-2018,South Korea,22389803.48,49114301.14,76311551.85,6748758.76,29406375.66,6.8,56,93089,438,James Cross,Brandon Davidson
4295,Individual sign,Drama,1996,14-08-1996,USA,6289591.83,4369031.04,9334222.91,1063701.48,2572765.6,4.4,27,934,1389,Eric Ramirez,Kathryn Stevenson
4296,Music while,Romance,1991,03-08-1991,USA,2773791.84,1149410.71,2822577.5,213728.04,586842.07,6.9,77,2553,170,Mary Mitchell,Samantha Sanders
4297,Rock manager morning no,Thriller,2013,27-08-2013,USA,908742.79,1166657.34,2585281.6,190119.16,579948.87,7.2,49,2274,144,Jeremy Ray,Darren Jones
4298,Two history four without,Thriller,2014,22-04-2014,USA,4593835.88,9159589.72,15664864.71,1615830.45,4480234.75,4.5,42,4479,2843,Darlene Murphy,Kimberly Johnson
4299,Poor,Horror,2008,06-06-2008,India,321038.38,157935.5,321038.38,22195.25,93894.48,9.8,99,276,21982,Robert Webster,William Prince
4300,Issue pattern,Documentary,1998,29-01-1998,USA,805851.27,1502790.2,2832629.48,254518.35,668096.93,6.4,55,384,139,Matthew Beck,Lorraine White DDS
4301,Politics around soon,Sci-Fi,1990,31-03-1990,USA,2586930.94,2611408.54,4747399.28,323903.65,1162246.83,5.3,60,1248,2247,Jennifer Atkinson,Joshua Willis
4302,Huge finally forget,Action,1960,30-07-1960,USA,1813899.37,1673890.11,3269082.6,256576.85,966349.56,6.3,78,526,1151,Kim Watkins,Dustin Jackson
4303,Likely size,Documentary,2024,07-08-2024,USA,16482634.68,27717904.36,63621958.66,7780223.3,14591220.76,6.4,53,4286,224,Jeremy Davis,Robert Walker
4304,Rich human audience,Comedy,1995,10-02-1995,USA,3829576.56,1875801.93,3829576.56,514001.15,1076935.88,5.8,61,4277,3714,Adam Brown,April Murphy
4305,Process fill,Drama,1990,11-12-1990,India,629501.23,1534854.1,2221639.31,386227.01,631920.53,8.7,96,8185,363,Michael Chung,Heather Allison
4306,Blue although thank strategy,Sci-Fi,2010,28-05-2010,USA,1005048.1,2027619.91,4891218.84,286815.36,1202160.06,3.3,34,2048,545,Paul Weiss,Jeffrey Sharp
4307,Guy manage,Thriller,2013,13-03-2013,USA,10045328.16,11485874.44,27525743.53,2984648.3,5769575.08,9.1,100,1457,2038,Karen Smith,Joshua Willis
4308,Measure again save,Romance,1983,05-03-1983,USA,5879041.26,3758315.49,5879041.26,1020912.43,1619742.12,6.0,89,13017,1841,Karen Robinson,Tracy Klein
4309,Identify western information,Comedy,2012,30-06-2012,USA,1336067.19,1164832.28,2835173.53,313012.23,533227.35,5.7,48,1168,4232,Rachel Hayes,Melissa Cain
4310,Couple,Romance,2012,28-09-2012,India,3021592.9,1309709.24,3021592.9,167283.88,665989.91,7.1,79,2907,6619,Joseph Willis,Tonya Campbell
4311,Coach apply each,Documentary,1997,10-11-1997,France,968117.74,906187.25,1415079.46,105846.16,393717.38,8.7,71,2555,454,Ashley Medina,Stephen Clark
4312,Eat across,Horror,1964,17-12-1964,USA,743880.51,2025735.27,3573037.3,582630.07,1037814.91,5.3,55,13601,504,Brenda Smith,Sabrina Massey
4313,Give cause,Drama,2012,18-02-2012,USA,3510375.71,4472364.97,7592488.6,695022.65,2387854.18,7.4,77,359,3892,Michael Ross,Nathan Nelson
4314,Amount picture various,Romance,2009,27-06-2009,USA,356073.04,222650.68,497526.01,56368.68,105105.2,8.1,75,24817,50,Joseph Willis,Donald Benson
4315,Another already draw,Horror,1972,18-12-1972,USA,17306284.72,35957512.74,54113472.57,8494881.35,19920711.21,7.5,72,588,847,Diana Davis,Michael Martinez
4316,Human nature true girl,Sci-Fi,1998,02-04-1998,USA,1449156.88,1186174.68,2117045.13,130478.13,552095.59,4.5,47,2443,65,Albert Phillips,Samuel Wyatt
4317,Area big mother,Horror,2003,04-03-2003,USA,6071656.36,7156442.9,12123256.57,765014.54,3010397.72,7.9,73,1799,544,Mark Moody,Heather Williams
4318,Rock stay,Thriller,1991,22-07-1991,UK,9729834.84,14565569.71,29646151.38,1973725.29,6705192.52,7.4,70,487,103,Brenda Smith,Heather Williams
4319,Everyone sound,Horror,1965,28-01-1965,USA,7780553.77,8282437.45,16496918.75,1876500.96,4231444.69,5.9,55,3466,1391,Joseph Willis,Olivia Ortiz
4320,Play here western,Romance,2020,26-02-2020,USA,5620928.41,12855717.41,24070453.02,3186532.52,5302315.43,6.1,70,8580,277,Robin Hooper,Sarah Ross
4321,Citizen marriage,Action,1975,23-09-1975,USA,5656376.67,8157736.24,16896267.91,1725122.86,3921762.05,5.8,72,2962,3819,Albert Phillips,Kimberly Ray
4322,Admit either evening because,Drama,1953,27-03-1953,USA,22024157.4,50939651.5,82824860.68,11715026.15,26892064.49,8.6,77,26158,1169,Kayla Young,Christina Jones
4323,Law church feel,Romance,1976,30-03-1976,USA,302840.32,140551.2,302840.32,31237.78,63843.49,9.4,83,724,70,Emily Miller,Noah Harrison
4324,Resource check despite,Comedy,2022,14-10-2022,USA,2312406.2,3511250.16,8316827.54,531650.61,2005507.09,8.4,75,2385,360,Maria Lane,Joy Huber
4325,Century low,Comedy,1990,17-04-1990,Australia,2024637.75,2487151.52,4030314.85,477546.27,1345912.23,4.0,52,3503,1207,Emily Miller,Nicole Turner
4326,Around,Action,2002,06-10-2002,Japan,741612.04,1182403.38,2537939.8,284650.83,588849.97,6.0,50,9029,74,Albert Phillips,Jamie Chavez
4327,Though pretty,Drama,1985,03-09-1985,Germany,1857471.2,1062624.73,1857471.2,136370.64,501596.88,3.8,25,56636,1214,Mark Brooks,Veronica Mills
4328,Capital difference strategy,Horror,2016,15-12-2016,USA,9531846.43,6198587.57,10989860.93,1604918.0,2531928.69,5.2,49,14067,114,Chad Peters MD,William Washington
4329,Who here simply,Drama,2003,31-08-2003,USA,5220976.14,2762319.06,5220976.14,481221.38,1505305.46,5.8,62,9357,50,Mrs. Hannah Campbell DDS,John Strickland
4330,Find without,Sci-Fi,2000,29-10-2000,USA,2994415.68,1557816.58,2994415.68,200918.83,893174.53,8.0,83,2397,191,Nicholas Murphy,Kimberly Johnson
4331,Parent simply,Comedy,1989,11-09-1989,China,10105221.79,17135633.43,42597393.81,2921846.09,8499973.86,7.9,82,22041,224,Brandon Fuller,Chelsea Armstrong
4332,Here very,Comedy,2015,11-12-2015,USA,912282.07,747918.66,1238734.04,106991.82,334396.25,6.3,69,242,5610,Barbara Torres,Donald Franco
4333,Determine letter watch,Drama,1980,16-04-1980,USA,1408665.69,749039.75,1408665.69,102968.92,357145.27,4.5,56,453,50,Karen Robinson,Brenda Gomez
4334,Back month,Documentary,2022,29-10-2022,USA,1358418.2,1120385.48,2554142.83,202335.98,529813.5,5.3,65,3576,162,Karen Smith,Pamela Frey
4335,Government,Drama,2013,04-11-2013,USA,12988591.32,10645053.42,22247101.05,1746086.69,5136586.11,3.2,27,5680,1227,Francisco Ford,Tonya Campbell
4336,Guy sing,Horror,1984,18-08-1984,USA,13759792.42,25115062.21,37767962.07,3833274.82,11775362.74,6.0,43,571,55,David Morris,Alan Mullins
4337,Rest require because,Comedy,2017,20-03-2017,USA,1907153.05,1662191.31,3710071.93,314390.63,769218.09,3.4,23,9199,50,Paul Weiss,Jorge Thompson
4338,Determine once,Action,1983,28-11-1983,USA,163205.22,417467.96,812306.77,48098.8,216754.08,5.9,60,35049,104,Diana Davis,Kimberly Johnson
4339,Letter black show,Comedy,2018,26-02-2018,USA,3282695.37,2180343.2,3301507.3,444385.81,881546.97,7.0,67,2919,50,Kimberly Barker,Julie Hoffman
4340,Hand staff,Romance,2008,28-11-2008,USA,18962987.8,10301789.37,18962987.8,1525748.98,4206645.15,6.1,79,9186,437,Melissa Cohen,Robin Dawson
4341,Wish possible,Action,2015,05-04-2015,USA,1907428.35,1262288.23,1907428.35,130084.84,529959.92,5.4,46,1043,929,Melanie Olson,Joy Huber
4342,Benefit article,Documentary,1992,14-07-1992,USA,4401768.93,2231934.23,4561033.51,549002.91,956265.93,5.7,64,294,102,Amanda Cantrell,Paige Gonzalez
4343,Someone,Romance,1990,09-08-1990,USA,7223468.42,11936394.21,26957395.23,2810483.34,6439848.93,7.1,78,2279,1435,Alyssa Adams,Jimmy Miller
4344,Phone nature,Romance,1976,26-12-1976,UK,8454997.26,11840128.36,23393339.33,2795364.87,5903599.26,3.4,47,9443,371,Dr. Michael Monroe,Robert Reynolds
4345,Industry,Horror,1983,01-06-1983,USA,25093490.97,26450702.62,63087569.67,3906013.55,11439383.17,5.3,38,65289,110,Mrs. Hannah Campbell DDS,Kimberly Ray
4346,Claim ten foot,Comedy,1981,12-04-1981,USA,3715701.3,6137826.6,11360407.54,1422262.21,3384976.18,6.1,73,512,3594,Michael Chung,William Brooks
4347,How student stuff share,Drama,2000,25-08-2000,USA,24526661.0,47171799.53,82649081.71,6459290.43,19842746.03,7.3,59,3664,84,Jennifer Henry,Patricia Keller
4348,Six senior since,Sci-Fi,1981,01-08-1981,USA,2560911.57,5695045.41,12575417.52,1083337.86,2816998.98,6.0,63,307,74,Hannah Camacho,Samuel Wyatt
4349,Final generation,Horror,2016,30-06-2016,USA,321874.33,569163.01,1227292.65,120265.86,325727.13,5.9,55,10201,541,Christian Hernandez,Olivia Allen
4350,Effort thought onto,Sci-Fi,2011,26-12-2011,USA,991385.7,2182258.46,4919346.04,557386.47,1096836.0,6.0,73,100,258,Brian Robinson,Christopher Green
4351,Pm wind,Drama,2023,16-08-2023,USA,1276044.72,877772.73,1276044.72,104517.83,518352.89,8.5,93,6362,2869,Bethany Rodriguez,Greg Ball
4352,Community know,Romance,1974,22-03-1974,France,12173872.01,11230188.33,20204598.26,2499470.45,5741849.4,5.2,45,814,633,Sophia Gomez,Carla Dougherty
4353,Office become office,Comedy,2010,02-04-2010,Australia,3602063.04,3877080.07,6419209.13,998305.76,1805960.2,8.5,95,1822,1285,Ashley Medina,Elizabeth Holmes
4354,Meet character political,Documentary,2020,13-10-2020,USA,1594002.68,732144.43,1594002.68,198607.18,438459.81,5.0,52,14801,1602,David Lee,Lauren Richards
4355,Significant recently,Thriller,2014,15-04-2014,India,13558618.71,38018224.38,54930379.04,10570436.02,21604909.59,5.3,59,8368,371,Darlene Murphy,Catherine Willis
4356,Happen half,Drama,1984,17-09-1984,USA,2118944.96,4729939.84,8449299.87,990089.82,1927819.07,5.6,50,1927,609,Melissa Hernandez,Brandon Davidson
4357,Price money partner inside,Thriller,1995,04-09-1995,USA,7066757.81,11428059.44,16888065.67,1682445.46,6278693.83,8.1,78,579,477,Philip Simmons,April Murphy
4358,Behind,Documentary,1994,15-02-1994,Germany,598110.86,455968.22,865321.42,90492.45,200226.2,8.3,89,22886,253,Rachel Hayes,Jeffrey Haley
4359,Image we structure,Documentary,2015,22-06-2015,France,2639495.64,8159304.26,12669363.3,1708244.7,4436475.82,7.4,55,7960,286,Andrew Chambers,Kelly Horn
4360,Already treat over,Sci-Fi,1996,17-02-1996,USA,9348936.97,4200449.35,9348936.97,1098513.71,2486023.46,4.9,35,9887,12335,Jeffrey Neal,Sharon Riley
4361,Difficult environmental where,Thriller,2018,07-08-2018,USA,3137889.92,3238970.42,7700270.31,380784.38,1504789.9,7.0,76,520,4428,Jordan Orozco,Jamie Cunningham
4362,Break popular,Drama,2004,12-12-2004,USA,1624705.61,2087584.64,4634843.55,487154.29,848542.17,5.5,56,3058,535,Michael Richards,Sabrina Massey
4363,Increase theory,Romance,2014,26-05-2014,USA,1130537.43,2327064.65,4299303.9,484098.08,1131477.33,6.7,73,2838,188,Francisco Ford,Monique Harris
4364,Wrong level skill,Comedy,1979,17-03-1979,Australia,9633066.43,11175532.23,17029790.36,2277965.85,5583007.22,7.1,69,3288,57,Jordan Orozco,Jennifer Leach
4365,Year end organization,Horror,2017,02-08-2017,USA,10483366.18,6667264.19,12907826.89,881539.53,3340459.08,10.0,98,100,315,Ashley Medina,Noah Harrison
4366,Better agency window,Drama,1987,30-12-1987,USA,567977.29,278572.93,567977.29,36668.54,130193.37,8.5,78,2107,1603,Tracy Tucker,Lisa Castro
4367,Pretty head,Action,2010,14-06-2010,USA,1603694.68,1608050.2,2460166.92,237238.35,646105.49,7.5,64,1463,2179,Charlotte Williams,Stephen Clark
4368,Over last,Comedy,2009,14-10-2009,USA,4103681.51,7203457.02,11223391.82,2073602.87,3274202.13,7.1,74,7354,530,Daniel Rivera,Lucas Collins
4369,She rock for,Drama,2015,26-03-2015,USA,27175503.24,12770456.43,27175503.24,3457578.76,5296244.85,8.8,90,3776,50,Jessica Rodriguez,Kevin Fernandez
4370,Ten interesting task,Action,2002,30-01-2002,India,3608582.61,10772983.77,16942718.65,2574593.38,5124937.75,5.8,45,3139,61,Jordan Orozco,Paige Gonzalez
4371,Seat century where much,Drama,2017,10-03-2017,USA,616289.83,560738.48,804532.88,104011.76,284805.46,10.0,100,3003,50,Abigail Robles,Seth Johnson
4372,Likely include,Drama,1976,22-11-1976,USA,2334896.64,5934710.28,9337002.07,1205001.47,2611280.21,7.0,44,7218,50,Brenda Smith,Jeffrey Sharp
4373,And expert administration,Drama,2005,03-11-2005,USA,21943392.0,10803198.03,24634774.89,2590116.27,6346180.68,6.6,81,3540,101,Heidi Cisneros,James Erickson
4374,Hospital attorney democratic public,Romance,2025,18-06-2025,USA,2486813.65,1344094.91,2486813.65,317203.73,612160.01,4.7,51,578,1386,Rachel Hayes,Samantha Sanders
4375,Cup sell professor serve,Comedy,2019,28-08-2019,Australia,4919920.5,3411486.89,6506058.57,630883.31,1740958.11,6.4,58,4939,1639,Kevin Green,Timothy George
4376,Democrat individual buy,Horror,1980,15-04-1980,USA,542322.83,1237672.45,2202293.48,220841.8,496544.5,6.8,62,655,269,Kelsey Ellis,Joseph Gonzalez
4377,Today situation success,Action,1966,10-11-1966,USA,15851453.69,7678921.16,15851453.69,2032133.43,3931591.44,10.0,100,21265,67,Terry Lawrence,Samantha Vargas
4378,For usually,Horror,2010,10-09-2010,Canada,14505009.11,21105677.33,41554280.56,3723407.68,10012563.63,9.4,100,265,53,Mary Mitchell,Melissa Morales
4379,Popular about,Sci-Fi,1987,07-03-1987,USA,100000.0,58463.21,104752.8,10530.61,30771.39,6.4,65,666,1222,Darrell Carlson,Robert Garcia
4380,Cell process check such,Drama,2007,25-06-2007,USA,1210195.86,3392550.44,5771014.1,504982.52,1634233.92,6.1,70,2933,673,Matthew Beck,Joseph Leon
4381,Base buy,Comedy,1997,03-04-1997,USA,2550745.52,6285091.33,11356903.49,999597.96,3193741.14,5.3,47,2003,585,Shannon Ross,Cassandra Dennis
4382,Nothing media,Horror,1954,17-04-1954,USA,4679851.43,10874137.84,17467544.53,2367790.73,5195950.39,5.0,70,212,6157,Kevin Green,Christopher Rodgers
4383,School need receive me,Horror,1987,24-10-1987,USA,6408415.73,15575174.12,23589419.7,2476859.6,7496103.33,5.7,38,7820,843,Roberto Underwood,Alison Clark
4384,Compare piece call,Documentary,1992,18-09-1992,USA,5295711.04,11560837.0,26307977.29,1732751.47,5688542.72,6.6,72,1227,50,Christopher Roach,Adam Williams
4385,Material guess story,Comedy,2010,22-06-2010,Australia,267033.74,604658.6,980609.53,97173.64,326633.51,6.1,56,677,605,Mary Mitchell,Olivia Allen
4386,Half form,Sci-Fi,2015,14-04-2015,USA,1660036.87,2105094.18,3709536.47,524969.8,1134418.22,7.3,54,17124,281,Stephanie Hayes,Meredith Williams
4387,Form floor thank,Horror,2017,26-01-2017,USA,5658365.49,11963769.73,27933546.42,2975612.95,5103259.73,3.5,44,8513,670,Jennifer Miller,Stephen Cooper
4388,Knowledge fast,Romance,2012,18-10-2012,Australia,1014603.05,1788947.0,3617082.14,480470.55,764523.45,4.5,37,30580,25687,Thomas Peterson,Sandra Farmer
4389,Should information trade,Drama,2023,22-09-2023,UK,6390224.02,8047393.42,11636361.23,1156652.25,3892242.84,4.0,40,75797,199,Daniel Brown,Joseph Leon
4390,Lot significant gun,Comedy,1999,09-12-1999,USA,2440213.51,3993114.48,9380406.08,1137927.62,2164164.68,6.4,73,1628,517,Michael Chung,Matthew Simmons
4391,Name,Horror,1975,15-10-1975,USA,1195396.44,2897680.68,4794412.78,739571.81,1336998.04,4.9,66,5449,383,Darlene Murphy,Victoria Phillips
4392,Executive occur soon,Drama,2022,16-10-2022,USA,5316190.97,2881993.48,5316190.97,617286.2,1492378.77,5.7,45,1400,111,Janice Taylor,Lucas Collins
4393,Marriage teacher deal,Drama,2022,25-06-2022,USA,124526.56,282965.14,473912.57,40047.0,161451.91,6.8,63,1462,154,Christopher Roach,Derrick Smith
4394,Tree much own,Action,2002,22-11-2002,USA,138421.8,397151.5,666911.84,87481.09,187963.5,7.6,60,347,2022,Michael Chung,Nicole Dawson
4395,Region direction source,Horror,2012,26-01-2012,Germany,3557821.09,6373459.62,12323051.65,799587.47,3187266.76,6.2,66,50161,541,Tara Underwood,Patricia Keller
4396,Against explain year,Drama,2022,16-09-2022,USA,5011079.46,5610822.09,13316321.63,1379549.73,2344897.38,7.0,73,1354,572,Ryan Tate,Nicole Turner
4397,Activity painting,Romance,1969,31-05-1969,USA,6699506.75,4029263.67,6699506.75,472447.02,2093212.88,7.5,68,759,50,Tracy Tucker,Amanda Lawson
4398,Response important race,Comedy,1983,25-10-1983,USA,1892458.61,2269045.21,4144062.58,443041.33,1227010.41,7.1,81,73194,582,Renee Campbell,Christopher Green
4399,Maintain speech mean manager,Comedy,1999,29-10-1999,USA,3066858.0,3590789.92,5474316.55,624533.86,1766923.58,7.6,79,750,365,Elizabeth Lane,Jorge Thompson
4400,Hour investment,Drama,1975,21-08-1975,USA,147127.49,158176.38,334103.89,41582.23,74787.89,6.7,50,2754,50,Robert Webster,Sharon Rodriguez
4401,Late television development,Comedy,1978,21-07-1978,China,2039689.11,1284636.59,2039689.11,165454.4,656189.59,5.7,50,4260,50,Amanda Montgomery,April Murphy
4402,Truth hard state call,Comedy,1983,28-12-1983,UK,24029929.03,11623316.38,24029929.03,1462016.16,5794208.25,4.9,59,961,2019,Diana Davis,Meghan Mcintosh
4403,Soldier today,Romance,2012,19-06-2012,India,2199601.52,2374252.6,5417334.5,628049.09,998905.38,4.8,27,42864,64,Benjamin Ray,Matthew Simmons
4404,Table project might,Sci-Fi,2004,03-01-2004,China,11256282.75,32095888.69,55806490.69,5850126.68,13699512.79,6.0,47,1561,545,Diana Davis,Kathryn Hunt
4405,Chance get build enough,Drama,2014,26-07-2014,USA,216347.13,255481.6,464382.37,63849.21,133519.51,5.5,52,140,1739,Crystal Harris,Ronald Herrera
4406,None expert,Comedy,2023,05-05-2023,USA,1207139.51,3117939.13,5681841.62,753086.18,1536988.46,8.2,97,3248,1874,Rachel Kirby,Melissa Melendez
4407,Person street factor,Romance,2009,04-05-2009,UK,13635801.15,11604950.29,16583109.28,2019021.27,5843983.47,6.7,76,3754,9139,Michelle Collins,Christopher Patterson
4408,Oil good during,Documentary,2008,30-05-2008,USA,2730712.11,3907034.66,9119103.6,874831.78,1866933.57,7.2,63,789,2178,Chad Peters MD,Courtney Butler
4409,Road service course,Drama,1966,13-12-1966,USA,8675236.67,15706260.22,24987221.29,3571167.45,8898448.51,8.4,87,3161,523,Donna Wagner,Daniel Callahan
4410,Born identify,Comedy,2019,13-08-2019,USA,2558367.19,6472109.79,10268248.64,889824.38,3754422.84,4.0,47,115,146,Jeremy Davis,Douglas Bullock
4411,Activity join long,Comedy,2011,20-04-2011,USA,496724.25,986618.09,1821000.2,144025.53,447576.4,7.4,91,9007,106,Stephanie Hayes,Derek Jones
4412,Safe store,Drama,2018,27-08-2018,USA,3686405.8,6508166.5,11816071.75,1449263.74,3272178.91,6.7,51,2801,336,David Hall,Meghan Johnson
4413,Officer,Drama,2010,02-06-2010,Canada,13501818.46,22474616.23,55434006.78,2992619.8,9146305.77,5.9,56,27526,6903,Bryan Murray,Kristy Faulkner
4414,South fight,Comedy,2019,16-08-2019,USA,356039.28,590333.57,1009761.43,82196.34,333581.29,6.7,70,1290,565,Stephanie Hayes,Paul Glover
4415,Take speak,Drama,1963,21-05-1963,USA,2480748.37,6547110.37,12020192.21,1929884.84,3624389.19,6.7,73,1868,50,Robert Hendricks,Michael Torres
4416,Against meeting whatever,Action,1972,16-05-1972,USA,1695754.01,2685525.03,5515298.73,646149.64,1363162.69,6.4,66,1620,154,Jennifer Atkinson,Nathan Nelson
4417,Use record heart,Documentary,2015,04-12-2015,UK,30531633.13,55665158.69,100049877.3,5689269.85,32910110.96,4.9,51,379,416,Stephanie Hayes,Nicholas Williamson
4418,Us check artist,Action,1974,12-09-1974,USA,6712197.51,4882182.78,10525543.61,1305765.91,2056153.43,6.1,67,4287,1357,Susan Farley,Alexandra Benitez
4419,Western imagine try,Drama,2002,11-07-2002,USA,4078813.62,7099739.89,17594281.4,912646.55,4039217.68,6.3,63,14500,3571,Amber Anderson,Daniel Thompson
4420,Reality thank,Drama,2004,28-07-2004,USA,1951421.33,1125304.94,2437893.47,221803.03,566740.74,6.0,56,2715,14574,Jacqueline Briggs,Nicole Dawson
4421,Management air impact,Action,2012,26-03-2012,USA,1248458.23,696212.42,1248458.23,158672.1,284555.55,6.3,75,202,74,Shannon Ross,Matthew Simmons
4422,Sport why seven,Drama,2009,14-08-2009,USA,1930930.17,6029764.0,9008517.68,903037.08,3009085.88,6.0,60,4588,493,Dr. Michael Monroe,Catherine Willis
4423,For cold shake,Action,1957,13-01-1957,India,3041081.37,5174866.62,10634411.86,1412014.69,2650663.81,4.1,29,183056,6191,Renee Campbell,Christopher Benson
4424,Particular question,Documentary,1985,01-12-1985,Australia,2021454.33,1764601.49,4086615.02,297069.12,755913.98,5.0,33,1679,1060,David Rosales,Amanda Jenkins
4425,Whatever glass,Drama,1986,12-07-1986,USA,5891719.47,17340618.4,27515830.58,3377189.28,8814912.63,6.1,60,2724,50,Mark Brooks,Stephanie Cervantes
4426,Stay phone,Action,2024,10-06-2024,USA,17879404.9,38470264.03,55846657.97,7681999.86,23001481.54,5.6,65,2088,299,Michael Chung,Isaiah French
4427,Serious people effect,Action,1970,21-05-1970,USA,784377.16,1382639.35,2182446.84,314955.48,788621.86,6.8,64,1212,52,Brandon Fuller,Michael Ramirez
4428,Push,Drama,2019,09-07-2019,China,12882010.83,7826128.67,12882010.83,1665796.79,4189966.81,7.4,100,2029,50,Charles Lopez,William Washington
4429,Throughout become almost,Drama,1990,05-08-1990,USA,27818726.51,66452788.22,137340406.9,11904674.73,31091874.9,8.6,88,846,50,Albert Phillips,Casey Lloyd
4430,Offer hundred whatever vote,Horror,1977,14-05-1977,USA,19118015.55,44897010.52,74914701.97,5741883.95,18199826.82,8.3,81,5645,1399,Rachel Kirby,Nicholas Richards
4431,Manage those senior,Drama,1972,09-10-1972,USA,772998.65,1373388.01,3086587.9,180930.52,772861.83,6.5,83,528,205,Kristina Moore,David Hart
4432,Speech huge there,Drama,1962,03-08-1962,USA,1062425.84,650441.54,1062425.84,173069.64,329855.77,5.6,60,7675,50,Judy Walker,James Erickson
4433,Should able,Drama,2011,28-08-2011,Japan,7645881.17,13878937.03,23273711.51,3792798.86,7689992.87,7.1,76,3038,52,Heidi Cisneros,Alexander Haley
4434,Individual treatment culture,Comedy,1985,20-08-1985,USA,1012925.85,758726.11,1722656.29,129313.28,391874.54,5.5,54,1022,89,Tyler Sanchez,Steven Green
4435,Energy effort join,Action,1974,01-05-1974,USA,10423799.51,6882597.63,10423799.51,1904336.65,3686858.06,6.1,75,397,107,Stephanie Hayes,Sheila Dunn
4436,Resource,Thriller,1960,18-06-1960,USA,1196999.05,1551310.7,2944324.19,307839.3,911201.59,7.4,67,7844,320,Jennifer Miller,John Barker
4437,Boy rate,Romance,1984,24-06-1984,France,424458.37,804545.02,1610098.1,166885.18,365667.58,6.2,71,1226,203,Adriana Campbell,Lucas Collins
4438,Individual,Romance,1991,18-07-1991,USA,20280974.24,45695061.84,69474889.49,5866356.01,19606476.51,8.0,75,1421,323,Joshua Baker,Jonathan Lee
4439,Laugh several,Thriller,2011,12-01-2011,Germany,1494481.44,4321583.54,6420798.42,659053.3,1942968.16,6.2,42,14278,12759,Julie Maxwell,Michael Hughes
4440,Staff show these,Drama,1997,03-07-1997,USA,12166342.43,30791449.0,46893502.99,5086684.62,12661469.93,5.1,72,10671,219,Jennifer Willis,Jennifer Hendricks
4441,Fear condition,Comedy,2005,30-12-2005,USA,1298598.18,3088031.17,4680394.88,538806.88,1844591.96,5.7,60,23142,10015,Jeffrey Neal,Robert Reynolds
4442,Local since old,Drama,1989,21-04-1989,USA,288032.53,825991.75,1304884.82,150375.68,418160.22,7.9,82,1507,1796,Karen Smith,Stephanie Ferrell
4443,Performance over executive,Comedy,1971,31-10-1971,USA,977502.46,602101.87,1185505.86,151750.98,263035.37,5.3,61,6537,553,Nicholas Murphy,Mrs. Margaret Smith
4444,Garden prepare both,Romance,2022,02-01-2022,USA,605834.92,1125907.94,1731533.87,321925.87,621732.13,7.5,84,12228,90,David Rosales,Robert Walker
4445,Nearly new task,Romance,2001,14-09-2001,USA,3426213.43,8659645.72,14320401.97,2359472.75,4533288.56,7.3,83,747,211,John Jones,Sandra Brown
4446,Practice career one,Thriller,2022,30-11-2022,Japan,3224403.16,5962080.68,9371326.84,619305.01,2777312.47,7.0,59,5959,794,David Charles,Kimberly Smith
4447,Almost,Comedy,2025,24-10-2025,India,17635405.72,33101260.12,59536449.29,4528254.45,17864973.6,5.6,62,168,939,Jessica Rodriguez,Cindy Barnes
4448,Such government series,Drama,1986,23-11-1986,USA,1382787.63,1386660.58,3102185.75,196961.11,607010.96,8.0,76,48520,107,Brian Robinson,Douglas Bullock
4449,Outside modern win,Horror,1982,24-03-1982,USA,4906218.45,2799825.77,4906218.45,456023.91,1303181.71,9.7,100,50082,50,Mr. Drew Clark Jr.,Jorge Thompson
4450,Computer simply dark,Action,2008,16-06-2008,China,3789421.95,4251054.76,7496128.02,581381.9,2448451.86,8.7,83,173,823,Denise Horne,Peter Sanders
4451,Walk test forward,Horror,1996,18-12-1996,USA,3086294.24,1952522.86,3293317.48,497214.7,1027963.72,7.0,83,894,506,Mrs. Hannah Campbell DDS,Anthony Cross
4452,Sea,Comedy,1972,06-12-1972,USA,15453416.93,50440780.54,74386461.45,11245745.72,27827417.0,4.9,59,128,952,Crystal Harris,Jennifer Hendricks
4453,Sport discussion,Horror,2006,25-11-2006,USA,9902622.01,14713515.68,25996240.64,2556409.72,6955814.32,8.8,81,5901,330,Brooke Morales,Courtney Butler
4454,Theory civil,Action,2024,12-02-2024,USA,60958040.84,88250373.63,172539724.1,13126883.64,52321421.5,5.9,52,1148,117,Sara Higgins,Lauren Horton
4455,Today situation success,Drama,2014,08-02-2014,USA,5228027.24,15087165.52,24077289.14,3072798.51,6538176.1,7.3,81,362,62,Paul Weiss,Jason Mercer
4456,Bag line need,Drama,1985,09-09-1985,USA,1255425.08,1736097.59,3554912.58,472342.92,971699.66,3.7,38,1953,2274,Albert Phillips,Jamie Chavez
4457,Tend fill standard,Drama,2022,17-12-2022,USA,12090767.73,15552581.82,22699347.51,3000912.78,7709957.37,6.5,84,1863,309,David Charles,Lisa Castro
4458,Point war,Comedy,1961,05-10-1961,USA,8996006.59,20281870.44,43975886.23,5860820.13,11773123.92,5.1,41,4316,50,Jessica Singh,Christopher Rodgers
4459,Pull professional section,Drama,1996,20-10-1996,India,290784.72,151807.44,290784.72,18530.17,76527.6,7.6,91,4376,6357,David Morris,Timothy George
4460,End however,Thriller,2007,19-05-2007,USA,7861262.93,12475241.46,28686097.65,3062316.98,5004960.68,5.5,61,7616,20649,Barbara Torres,Tracy Williams
4461,They sign people,Drama,1967,02-04-1967,Australia,10048415.49,16639104.04,35720560.75,1800874.05,8527554.47,8.3,83,322,207,Seth Whitehead,Robert Reynolds
4462,Color ahead,Drama,2020,12-07-2020,USA,13771902.92,31004425.54,51634373.05,6503426.31,14297125.35,6.7,71,1580,894,Suzanne Gonzalez,Michael Ramirez
4463,Walk test forward,Thriller,2002,16-09-2002,USA,8287273.06,18995221.92,33639011.53,5430142.27,10576038.75,4.5,27,14787,351,Jessica Singh,Krystal Cross
4464,Order,Documentary,1989,27-08-1989,USA,597457.36,1642487.13,2789115.88,483957.67,668946.83,8.7,83,3769,50,Sophia Gomez,Tami Miranda
4465,Ago can recent,Romance,2014,02-09-2014,France,25414089.63,32697193.63,70301605.27,8815415.02,13268729.38,5.7,63,1459,152,James Cross,Stephanie Moore
4466,Street tough establish,Documentary,1981,05-06-1981,USA,2101316.62,1274904.95,2522829.29,216152.27,746619.04,7.7,83,3048,142,Charles Lopez,Mark Morris
4467,Those far wait,Action,2015,17-01-2015,USA,501664.96,1061884.66,1800783.52,146613.62,605738.36,7.7,78,289,1252,Karen Smith,Logan Martin
4468,Ball not,Drama,1988,04-09-1988,USA,26939120.53,20424522.34,30335625.95,3228369.05,10303639.21,4.5,46,5224,177,Dr. Jonathan Long,Lucas Collins
4469,Mean activity,Romance,1998,24-11-1998,Australia,3687817.03,9161840.96,18402350.95,1489632.7,5376559.01,8.6,95,580,1591,Donna Wagner,Heather Williams
4470,Morning Republican where,Drama,2013,25-03-2013,USA,1475999.0,737205.78,1475999.0,217378.2,344906.51,6.2,69,18976,825,Elizabeth Lane,Jason Ramos
4471,Fall structure,Romance,2020,08-07-2020,USA,6075069.49,7748482.96,13721988.8,2209759.1,4105966.49,7.2,72,166,161,Melanie Olson,Mark Smith
4472,Through,Horror,1989,12-10-1989,USA,5304865.95,10894439.1,17241379.1,1157749.2,5238843.39,5.2,73,248,163,Jerry Owens,Nicholas Williamson
4473,Agreement concern public,Thriller,2000,08-08-2000,USA,407529.89,627085.76,1218682.26,169280.93,317499.23,5.7,29,3952,51,Abigail Robles,Adam Bowman
4474,Can professional four,Comedy,2011,01-02-2011,USA,7103876.33,4905474.93,7103876.33,1461332.67,2328638.71,5.4,42,467,3633,William Banks,Stephanie Moore
4475,Almost growth rise,Action,1965,25-11-1965,France,2926260.45,7850563.51,14460589.1,2034781.9,4658506.11,7.6,71,2982,336,Jessica Rodriguez,Andrea Bowers
4476,Recently evidence western,Horror,1989,22-09-1989,USA,741538.99,1514460.36,2425192.93,279730.0,610244.03,5.9,53,4011,50,James Cross,Sandra Brown
4477,Series ten,Comedy,1987,26-06-1987,USA,951213.56,983605.41,1857403.54,261956.36,511327.68,6.9,77,550,12055,William Banks,Marissa Pena
4478,Human reality,Horror,2020,26-09-2020,USA,16621503.28,10788851.71,18545384.99,1130969.12,5495696.14,8.9,89,6232,168,Renee Campbell,Andrea Bowers
4479,Now several age,Comedy,1990,21-06-1990,USA,68716248.58,156744704.6,279216362.3,27114474.12,88388484.38,4.6,40,429,50,Carolyn Schwartz,Mathew Castillo
4480,Voice water accept,Comedy,1994,27-07-1994,USA,225848.24,577243.73,962731.7,114841.26,233769.89,7.2,84,4886,634,David Hall,Jeffrey Haley
4481,Cover bed meet,Romance,1994,15-06-1994,USA,3433297.36,4674317.86,10225907.76,1024230.78,2256699.05,7.1,61,1298,50,Julie Maxwell,Rachel Howard
4482,Financial region level,Comedy,2009,24-12-2009,USA,338585.1,482432.48,702163.0,97719.19,240648.24,4.3,31,17039,6989,Karen Robinson,April Murphy
4483,Letter face,Comedy,2008,27-10-2008,USA,14129161.23,7730872.28,14129161.23,2134027.62,4319390.63,4.9,70,1688,2315,Oscar Santos,Mark Morris
4484,Strong summer,Comedy,2021,05-06-2021,USA,147936.93,245358.13,447411.8,33104.48,104058.97,7.5,81,14369,50,Courtney Reynolds,Patrick Barnett
4485,Prepare,Romance,1958,05-11-1958,USA,51050257.85,49510780.03,71056648.89,11098560.13,28644709.9,6.5,58,12042,314,Mr. Jorge Anderson,Jacqueline Cooper
4486,Free Republican,Romance,1998,11-08-1998,China,5377574.78,8601785.45,16284826.39,2306947.01,5089689.73,6.4,57,5638,93,Seth Whitehead,Shannon Hunt
4487,Anyone,Drama,1996,04-04-1996,USA,2630275.69,1820232.58,3210837.74,192497.39,934176.55,5.9,39,3946,244,Ashley Medina,Eric Cooper
4488,Mouth economy,Action,1961,11-03-1961,USA,222932.44,270398.85,563045.82,39292.18,145213.33,5.9,68,277,144,Jason Jones,Derrick Smith
4489,Prevent truth,Action,2012,07-07-2012,USA,579038.53,664778.33,1412446.18,142493.43,284575.21,6.6,72,6085,408,David Rosales,Jeffrey Haley
4490,Industry yeah explain,Romance,1997,03-12-1997,Germany,8170801.49,7903039.42,16690664.13,1198608.31,3684751.23,5.9,55,10406,58,Adriana Campbell,James Nichols
4491,Need stuff,Drama,1970,16-02-1970,USA,1321259.6,2853130.63,5332927.57,653458.67,1236524.15,3.8,40,6624,112,Michael Ross,Christopher Hanson
4492,Group avoid,Thriller,1984,22-05-1984,Germany,21370288.83,24883232.38,56160605.89,5184414.87,10938256.36,10.0,98,1506,2218,Joseph Willis,Kevin Fernandez
4493,Second candidate education newspaper,Romance,1993,20-02-1993,USA,100000.0,117660.16,287122.94,15989.52,54079.56,2.5,21,9150,1498,Donna Hall,Christopher Green
4494,Knowledge fast,Action,2013,07-12-2013,UK,533746.55,1005988.08,1599245.27,206460.85,505635.6,6.1,66,4375,50,Melanie Olson,April Murphy
4495,Body but north,Drama,2025,14-12-2025,USA,22025945.2,29266340.81,42606572.14,3665582.92,15145082.51,6.4,66,201,726,Jeremy Davis,James Nichols
4496,Interesting work,Comedy,1961,09-10-1961,UK,2937088.93,4832527.51,8671788.91,553098.79,2261393.96,7.9,87,2601,149,Melissa Cohen,Joseph Gonzalez
4497,Figure generation market,Sci-Fi,2009,04-09-2009,USA,7703514.53,18360053.32,27576766.45,3293448.03,9689825.24,6.3,59,293,456,Shannon Ross,Alan Mullins
4498,Need it program affect,Comedy,1976,24-04-1976,USA,65701964.19,67098276.6,140491090.0,15047342.71,32618644.66,5.7,62,8702,5968,Donna Hall,David Clark
4499,Food television answer determine,Drama,2004,07-02-2004,USA,4686770.04,7953781.5,19836771.75,1682541.57,3222849.7,6.2,63,288,108,Susan Farley,Jonathan Lee
4500,Wish,Action,1990,06-05-1990,USA,4113126.73,7622516.67,11459562.09,1860701.9,4206608.82,4.2,44,3928,74,David Charles,Donald Franco
4501,Current thousand what,Documentary,1956,03-08-1956,USA,3586205.87,5890902.06,11214606.67,607165.89,3063863.41,6.4,77,3839,50,Abigail Robles,Stephen Clark
4502,Worry set hot,Action,1975,01-08-1975,USA,8915590.1,22205440.14,42704583.88,5239978.36,13316536.87,6.8,49,2348,353,Melissa Cohen,Christina Jones
4503,Situation report inside chair,Thriller,1983,19-02-1983,USA,9586321.91,8371835.98,16184631.11,1633228.63,3380710.37,4.9,56,1999,110,Francisco Ford,Holly Jones
4504,Against care also,Drama,2009,26-07-2009,USA,300000000.0,308032182.8,488642668.7,52705291.77,140109387.8,9.5,82,443,190,Mark Brooks,Joel Hunt
4505,Task strong,Comedy,1985,14-06-1985,UK,53348623.13,101464862.1,179056396.3,19354005.83,43404136.97,6.3,57,678,689,Jonathan Evans,Andrew Lyons
4506,Feeling lawyer finally,Drama,1991,29-10-1991,India,11436412.57,13029573.7,25214989.61,2982163.46,6418813.28,6.1,66,1608,678,Kim Watkins,Alexander Haley
4507,Moment event,Horror,2008,10-11-2008,USA,11494752.24,4764338.15,11494752.24,935506.76,2585416.35,7.1,69,17510,4385,Troy Cochran,Derek Jones
4508,Budget size,Comedy,1959,29-10-1959,USA,49855742.53,108176482.7,248814083.8,19798806.67,48231349.86,8.2,69,1144,176,Manuel Benton,William Washington
4509,Three program hard,Thriller,2006,18-10-2006,USA,673769.02,1333378.65,2470059.02,396789.45,651039.42,4.9,36,31278,78,Bethany Rodriguez,Lawrence Thomas
4510,Watch after,Comedy,2000,02-05-2000,USA,6363168.39,14099217.9,30025025.26,1948354.47,6548794.61,6.2,56,2259,517,Mrs. Hannah Campbell DDS,Ian Williams
4511,Subject form,Thriller,1977,10-11-1977,USA,2226295.05,1926794.83,4076312.89,570023.87,1149348.51,8.7,79,100,1429,Melissa Cohen,Logan Martin
4512,Theory describe mother,Action,1972,26-09-1972,UK,2648608.11,5411595.29,10300601.81,844225.11,2613109.21,5.9,58,920,1494,Maria Lane,Dr. Edward Smith
4513,Natural worry,Action,2024,08-03-2024,USA,2449780.44,7851855.67,11283556.45,1456808.57,3507830.57,6.8,75,332,311,Thomas Peterson,Lauren Horton
4514,Sure,Comedy,2002,20-05-2002,USA,24954113.7,47982856.34,68691663.09,13927361.1,27581034.33,6.7,69,177,257,Jennifer Miller,Stephanie Stokes
4515,President democratic,Comedy,1972,04-06-1972,France,944751.03,2217688.84,3273552.59,520046.82,1275018.66,4.4,49,44883,142,Heidi Cisneros,Douglas Bullock
4516,Fight person,Horror,2014,30-06-2014,USA,756831.37,1100696.22,1846284.2,128343.0,486865.28,6.6,53,1297,97,Rachel Kirby,Nicole Dawson
4517,Risk suddenly,Horror,1983,20-10-1983,USA,3964171.69,9119960.38,16845878.21,1325603.43,3947447.29,4.6,41,2696,625,Jordan Orozco,Teresa Santos PhD
4518,Every all,Drama,1984,03-07-1984,India,360501.15,274407.75,491805.29,34190.69,145801.34,4.3,53,2047,253,John Jones,Diane Jacobs
4519,Quite place majority,Comedy,2002,05-03-2002,USA,6508060.46,18599439.24,31029712.86,4218910.66,9641715.24,6.4,72,29875,434,Mary Mitchell,Stephanie Cervantes
4520,Might hour might,Romance,2014,07-09-2014,USA,8640516.14,5258815.13,8640516.14,885629.35,2965750.51,4.9,50,2986,386,Michelle Collins,Mark Crosby
4521,Outside learn,Comedy,1964,04-10-1964,USA,3232091.89,2073251.66,4401865.33,486406.66,1032817.04,4.4,35,100,807,Jessica Rodriguez,Joseph Contreras
4522,For cold shake,Action,2024,05-02-2024,Japan,2046316.12,2915329.38,7224377.69,441509.61,1460352.61,4.3,48,76691,55,Karen Robinson,Christopher Hurst
4523,Significant,Comedy,2017,05-03-2017,USA,52352528.78,96103838.97,228328568.2,22616673.07,44063842.08,6.0,45,3285,933,Jeffrey Myers MD,William Prince
4524,Leave apply,Horror,2019,06-12-2019,USA,3604158.75,6277816.29,9299650.61,1228703.76,3067981.4,6.6,64,455,542,Karen Smith,Stephanie Cervantes
4525,Include woman know,Thriller,2016,09-01-2016,UK,650749.27,980498.38,1470713.55,176091.87,432526.3,6.8,71,4411,286,David Charles,Olivia Ortiz
4526,Arm outside amount,Drama,2023,22-07-2023,USA,2356718.42,5147200.4,10328221.11,1428791.65,3043309.64,6.2,68,2052,3730,Jessica Gonzalez,Kevin Fernandez
4527,Word style necessary,Romance,2008,04-04-2008,France,3235652.32,5915496.74,14214642.85,898069.63,2914938.37,6.4,69,3476,163,Charlotte Williams,Nicole Morales
4528,Should physical might,Drama,1966,24-12-1966,USA,1943143.68,1998321.35,4841035.29,394814.93,814179.12,5.8,50,7932,754,Michael Chung,Duane Fletcher DDS
4529,Action model,Comedy,2006,24-03-2006,USA,14232648.69,8711079.2,14232648.69,874009.2,3487044.6,8.3,90,12327,50,Caitlin Brewer,Noah Harrison
4530,Close local,Thriller,2007,28-03-2007,USA,586565.37,358264.65,809381.68,35873.41,182411.53,5.4,53,6713,50,Eric Ramirez,Greg Ball
4531,Key language age,Action,1981,27-08-1981,USA,1370167.51,739658.91,1370167.51,190284.49,317944.48,7.1,62,1941,966,Kristina Moore,John Strickland
4532,Appear system against,Comedy,1953,02-04-1953,USA,690292.81,1166044.96,2710837.94,193820.72,670499.02,7.9,83,1144,892,Darrell Carlson,Teresa Santos PhD
4533,Raise within,Action,1956,12-05-1956,India,3557163.67,2621472.32,6537651.53,622315.52,1087296.71,6.6,65,1377,333,Robin Hooper,Mary Wolfe
4534,Actually,Romance,2016,30-01-2016,USA,3984446.42,6823560.32,12369617.02,849875.19,3934198.68,4.0,41,3547,3371,Sara Higgins,Joshua Willis
4535,Structure order capital,Drama,1990,08-02-1990,Canada,629343.51,303049.12,629343.51,41474.05,128460.15,5.9,74,1385,7674,Mary Mitchell,Brian Rodriguez
4536,Rise right,Romance,1965,07-01-1965,USA,4855258.59,4598276.66,9713285.55,1201088.76,2282559.12,5.7,26,2880,1707,Courtney Reynolds,Mark Crosby
4537,Store though,Action,1954,04-07-1954,USA,5566932.87,14997505.29,21983161.5,3294310.0,8252574.52,5.4,59,43837,131,Joshua Baker,Logan Martin
4538,Ground evidence,Comedy,1994,19-01-1994,USA,537126.34,781670.86,1905699.96,186233.87,373124.74,4.7,34,21427,538,Donna Wagner,Sheila Dunn
4539,South,Comedy,1966,27-08-1966,USA,1292597.57,2899651.01,5624874.8,453853.34,1214442.04,6.5,72,4367,268,Judy Walker,Kimberly Smith
4540,Skin left approach,Documentary,1985,28-01-1985,USA,22461008.14,34507764.18,80020966.5,6433467.65,19461726.74,8.0,79,1528,438,Susan Farley,Trevor Lee
4541,When several spring,Documentary,2024,17-06-2024,Australia,12193968.49,7671539.61,12193968.49,1203346.59,4498608.5,4.9,43,7478,374,Sean Howard,John Perry
4542,Remain remain energy,Action,2017,13-06-2017,USA,865245.37,1745613.28,4242529.91,473186.15,971898.33,4.9,35,5984,479,Jessica Singh,Leonard Contreras
4543,Before quality four,Thriller,1973,26-08-1973,USA,11850900.79,9661216.45,17139793.68,1511387.56,5327916.34,6.0,69,3905,333,Christopher Roach,Christopher Tucker
4544,How although trial fire,Comedy,2025,04-03-2025,USA,5640430.52,3685963.76,6739465.97,948805.47,1545587.41,7.1,77,7870,435,Jordan Orozco,Douglas Davis
4545,Argue work,Thriller,1967,16-08-1967,Germany,1763698.58,3583630.53,8184319.66,749627.95,1739042.25,7.3,71,4127,1471,Kim Watkins,Nicholas Williamson
4546,Only six,Drama,2023,30-10-2023,Japan,415667.56,488224.3,1126247.85,115299.2,261494.92,6.0,66,10934,148,Maria Lane,Lorraine White DDS
4547,War station feel,Comedy,2020,09-08-2020,UK,2535909.29,5713019.46,9787527.76,671211.15,3371074.81,5.1,59,379,50,Alyssa Adams,Duane Fletcher DDS
4548,Bit miss I,Action,1974,23-11-1974,USA,14656476.71,29293055.71,72501709.0,8416682.03,12618099.65,6.0,60,17216,879,Julie Maxwell,Joy Huber
4549,Scene action,Sci-Fi,1983,19-04-1983,UK,5609111.29,14049508.25,23874299.4,2567993.46,8116613.11,6.3,65,10123,124,Mary Mitchell,April Murphy
4550,Call almost institution,Drama,2015,17-10-2015,USA,7983857.05,13289447.33,20216201.24,1770028.96,7004812.98,6.3,59,1145,1339,Rachel Kirby,Steven Green
4551,Peace oil consumer,Drama,2007,04-01-2007,USA,8722256.92,10573755.53,15780144.37,2995003.24,4267473.49,7.4,73,3126,50,Barbara Torres,Christopher Benson
4552,Team thought,Horror,1965,24-05-1965,Australia,99610419.47,158423049.2,337836909.0,19188531.47,72877463.69,6.1,71,9796,416,Renee Campbell,Nicole Turner
4553,Create laugh thought,Action,1970,23-02-1970,USA,381599.06,181639.45,413325.82,34999.7,74203.62,6.9,72,257,191,Robert Hendricks,Melissa Morales
4554,Ever rich home,Thriller,2025,04-08-2025,USA,656416.32,1787969.76,2765751.56,373878.78,895093.66,5.8,46,881,190,Karen Barrett,Jeffrey Smith
4555,Word sport,Horror,1969,14-11-1969,Japan,13234747.51,30300620.38,53357514.95,8593300.24,14462786.9,6.7,79,2467,50,Jessica Gonzalez,Matthew Simmons
4556,Conference without memory walk,Horror,1979,02-09-1979,China,538453.25,879557.92,1828569.98,262593.25,504242.39,7.0,75,10754,125,David Lee,Lorraine White DDS
4557,Else human Democrat,Action,2017,17-06-2017,USA,5077943.92,16102602.62,23733365.26,3398821.51,9516753.33,6.7,64,1054,137,Elizabeth Lane,Elizabeth Shannon
4558,According something become,Sci-Fi,2007,29-05-2007,USA,1412231.4,3476768.26,5746645.48,413548.91,1731288.19,1.4,8,2128,1240,Courtney Reynolds,Jeffrey Smith
4559,Third room,Action,2021,31-07-2021,India,4972593.85,5198380.88,12238944.21,1393243.61,2873913.93,8.2,71,58132,984,Thomas Peterson,Terry Martinez
4560,Network full,Documentary,2006,10-10-2006,UK,2118461.92,1669818.07,3058741.77,428046.86,981349.53,3.0,30,8683,796,Diana Davis,Ashley French
4561,Responsibility push senior,Horror,1969,13-04-1969,USA,1418642.44,1390551.83,2169441.22,309563.22,802024.3,5.5,51,260,532,Michael Richards,Jonathan Lee
4562,Mind arm,Documentary,2024,05-02-2024,USA,18566541.19,30827305.15,75344540.19,8877329.01,12747108.68,8.3,77,835,85,Patricia Munoz,Christina Buchanan
4563,Politics lawyer,Action,2022,02-03-2022,USA,3004030.93,6762372.69,12094772.72,1625484.79,3192174.1,5.8,57,10930,4827,John Jones,David Lopez
4564,Author stay industry,Horror,1995,13-12-1995,USA,1101225.31,1020719.53,1943997.43,271531.51,541957.21,8.0,87,4663,50,Mrs. Hannah Campbell DDS,Alison Clark
4565,Media interest realize,Drama,1996,26-01-1996,USA,5958104.75,5665205.33,8483279.84,1151873.81,2930190.48,6.0,59,21004,831,Dr. Michael Monroe,Corey Johnson
4566,Name woman former shoulder,Action,2006,20-08-2006,USA,9568734.49,18059829.28,39882077.86,2933766.73,8549415.75,5.8,59,28295,231,Julie Maxwell,Rodney Smith
4567,Though health,Drama,1994,15-08-1994,USA,7905373.04,15616555.9,23900281.5,4651730.39,8386413.92,6.9,65,3616,132,Benjamin Ray,Jason Chavez
4568,Figure woman break,Romance,2003,04-03-2003,India,6871077.76,8064703.85,14623666.82,1315900.09,4240876.8,6.9,74,1683,263,William Carpenter,Sharon Brady
4569,Politics save another,Comedy,2007,20-02-2007,USA,5684598.06,14517054.88,27508268.84,2795844.4,5815148.11,7.1,76,5192,2410,Abigail Robles,Melissa Lopez
4570,Everybody raise,Thriller,2017,08-02-2017,USA,14694732.91,31105051.95,52526920.04,6153266.2,17330585.3,7.6,74,974,55,John Jones,David Hart
4571,Truth necessary within,Comedy,1960,08-02-1960,USA,3401108.13,9517232.51,16057838.57,2143770.77,5272231.38,5.7,47,821,901,Jacqueline Briggs,Becky Dean
4572,Send another government,Drama,1986,20-11-1986,USA,591298.68,287446.36,591298.68,55356.07,164947.09,5.0,57,6070,148,Michael Ross,Brittany James
4573,Pull happen area,Horror,2012,24-08-2012,USA,5297254.27,4322611.56,6252887.98,922308.72,2075207.74,7.6,98,568,50,Darrell Carlson,Deanna Johnson
4574,Region there,Thriller,1988,07-01-1988,UK,1026365.7,2036969.38,5037853.33,460308.08,1187837.57,7.8,63,5466,1290,Diana Davis,Michael Gomez
4575,He model keep,Horror,1995,24-03-1995,USA,24701676.21,34582043.07,66637006.96,7913522.82,16029552.42,5.9,44,6176,1014,Diane Skinner,Olivia Ortiz
4576,Last fire at,Sci-Fi,1973,25-07-1973,USA,4044286.75,3664280.95,5287989.22,793959.91,1835790.53,3.2,32,508,673,Michael Ross,Tracy Klein
4577,Skill sort future,Romance,2014,25-07-2014,UK,6934692.57,15571137.44,31062369.98,2938013.28,6545417.69,6.4,70,5228,1386,Benjamin Ray,Courtney Butler
4578,Whether guy,Horror,1983,16-05-1983,USA,9771496.2,15424993.8,27397703.15,2062560.41,8961737.13,4.2,38,254,338,Benjamin Ray,Jamie Chavez
4579,International describe,Action,1971,24-05-1971,USA,3068819.87,5299254.02,10291213.04,834409.47,2827599.94,7.5,75,3807,339,Kimberly Barker,Samantha Vargas
4580,Institution capital give,Comedy,1983,06-09-1983,UK,1236620.78,1349606.23,2040678.73,278594.83,543730.58,8.0,85,1058,50,Julie Maxwell,Darren Jones
4581,Government key,Action,2012,26-04-2012,France,2722797.62,3781352.66,6777628.25,820591.76,1726482.96,6.7,70,2040,144,Courtney Reynolds,Meghan Johnson
4582,Option film thank enjoy,Comedy,1973,25-09-1973,USA,3729326.79,8852610.41,15606678.49,889929.67,4002676.3,10.0,87,1163,67,Ashley Medina,Joseph Gonzalez
4583,Thus none,Romance,1984,19-12-1984,USA,810316.59,1398095.74,3171663.74,336096.75,622023.51,7.6,90,3093,517,Renee Campbell,John Sullivan
4584,President increase,Thriller,2012,30-05-2012,USA,50463947.11,33864139.75,50463947.11,5382318.53,15030954.33,9.3,100,1341,179,Michael Chung,Joshua Walker
4585,Tax including attack,Comedy,2006,03-10-2006,USA,4921891.65,4358773.83,8914434.9,987473.01,2355090.25,6.6,77,3063,10170,Donna Hall,John James
4586,Air act feel,Action,2008,19-07-2008,USA,1449298.15,2098721.94,4093805.03,464988.64,979114.02,5.5,56,430,50,Terry Lawrence,Pamela Frey
4587,Language job,Drama,1987,03-01-1987,Canada,12262838.4,23528073.61,52593983.93,4824867.87,14091888.33,6.2,57,2295,141,William Banks,Douglas Bullock
4588,Political,Drama,1985,14-05-1985,USA,6286659.75,5779334.81,13161456.25,927562.7,2555578.44,7.1,85,223,67,Brenda Smith,Michael Torres
4589,Six,Action,1977,02-02-1977,USA,3573273.3,2113330.08,3573273.3,233732.65,1115561.39,7.6,70,1950,79,Gary Simmons,Jason Ramos
4590,Third side,Comedy,2025,25-04-2025,USA,5488583.5,11501363.67,21257978.29,3159591.72,6597831.57,8.1,76,1058,929,Patricia Munoz,Anthony Rhodes
4591,Interview be pretty,Drama,2008,20-02-2008,USA,657110.58,886899.18,1597771.66,237698.19,396254.16,5.0,52,1792,76,Emily Miller,Joel Hunt
4592,Interest hospital green,Comedy,2013,26-07-2013,USA,869958.34,1603317.33,3049140.34,326967.23,695960.91,6.9,77,2161,485,Karen Robinson,Sabrina Massey
4593,Debate best,Horror,2020,11-03-2020,India,15452348.6,28864783.48,60532645.13,2922191.17,13046218.63,5.0,52,4646,95,Brenda Smith,Deanna Johnson
4594,Recently operation force Democrat,Comedy,1994,10-07-1994,USA,12017214.51,22314970.81,37091501.49,4125226.33,9765488.59,7.0,72,6135,2492,Shannon Ross,Jason Mercer
4595,Beyond,Comedy,2019,10-03-2019,USA,1856793.08,1195614.29,1856793.08,321866.17,544748.59,6.6,54,797,301,Christopher Roach,Jeffrey Smith
4596,Arrive coach plan them,Horror,1997,10-09-1997,USA,7756759.77,4832433.83,8250477.92,616334.95,1966387.36,7.8,76,3279,529,Daniel Rivera,Jonathan Lee
4597,Network,Comedy,1962,13-10-1962,USA,2784016.15,8677109.25,12956384.57,1587252.06,5136737.61,3.6,19,2394,153,Oscar Santos,Eric Cooper
4598,Guy cup,Comedy,1994,09-12-1994,China,18608254.62,39207969.78,73713193.5,9133330.61,21448639.02,9.2,91,6767,1859,David Hall,Lisa Castro
4599,Music while,Drama,2003,03-12-2003,USA,273491.71,412884.58,642722.84,87191.4,201377.68,5.1,65,1377,1551,Janice Taylor,Kevin Fernandez
4600,Close challenge,Action,1992,19-12-1992,USA,141970281.2,339331202.5,701753434.4,76629704.02,149951875.6,5.6,42,301,50,Charlotte Williams,Dominique Aguirre
4601,Service authority course there,Horror,2013,11-07-2013,USA,2940377.81,5112863.85,12332880.76,1270967.11,3015713.96,6.5,48,4170,297,Faith Franklin,Amanda Jenkins
4602,Officer use,Thriller,1973,09-04-1973,UK,11307575.46,18691842.87,45720623.86,4242210.88,9400675.95,6.7,54,2111,2695,Brandon Fuller,Kathy Marshall
4603,Science raise,Drama,1971,13-01-1971,USA,2471774.08,2937340.94,5832769.16,377967.06,1677539.87,8.6,85,53849,263,Joshua Morales,Leonard Contreras
4604,Color option,Drama,2008,08-11-2008,Canada,37883186.71,24758661.71,50852580.77,3008434.89,11682806.06,7.2,68,36522,1321,Philip Simmons,Samantha Sanders
4605,Could already,Comedy,1984,15-04-1984,USA,704711.63,1056846.0,1966693.26,148368.32,433725.77,8.2,84,30903,1304,Sonya Clark,Christopher Patterson
4606,Itself,Documentary,2017,02-08-2017,USA,11031916.31,9017148.95,17981311.55,1097299.29,4398540.86,4.9,58,6004,403,Susan Farley,Corey Johnson
4607,Where theory,Horror,2001,23-07-2001,UK,145059.08,68023.83,145059.08,14284.62,38973.75,5.5,40,1776,1445,Robert Hendricks,Carla Dougherty
4608,Ahead major,Comedy,2014,05-08-2014,USA,1836396.86,4878019.78,7784898.3,1385459.31,2152813.39,7.3,87,13526,668,Dr. Michael Monroe,David Martin
4609,Every indicate,Sci-Fi,2010,11-08-2010,France,15032876.56,29427547.39,66846335.42,4572970.04,13306091.31,8.0,63,4704,108,David Hall,Daniel Thompson
4610,Member me cell,Drama,2020,31-08-2020,USA,7781293.69,12357229.29,26980223.07,2184417.59,5485501.88,8.5,85,775,6210,William Walker,John Perry
4611,Start red,Comedy,2004,07-03-2004,USA,430101.52,492313.01,743382.84,132983.64,276872.39,6.0,64,48777,513,Amber Anderson,Rebecca Mejia
4612,Week put,Comedy,2013,30-05-2013,India,3758960.66,7975834.87,12705376.34,1517617.81,3809322.79,7.6,67,33911,4786,David Morris,Casey Collins
4613,Safe Mr firm,Thriller,1974,20-08-1974,India,3555869.81,8325725.68,12036742.41,1212911.15,4024598.98,3.3,20,1946,8927,Nathan Bolton,James Nichols
4614,Investment describe,Horror,1996,07-08-1996,USA,4234415.72,6820403.63,14980288.08,742429.2,2746102.9,6.2,41,3833,168,Jeffrey Neal,Douglas Davis
4615,Soldier get analysis nearly,Thriller,1980,08-09-1980,China,43771133.28,52460793.75,108439074.3,5720837.45,24495578.8,5.9,47,26719,2229,Renee Campbell,Kevin Fernandez
4616,Religious administration,Horror,1976,23-03-1976,USA,61893114.08,38222940.41,63372101.31,9919958.33,17031283.74,6.1,40,1232,2194,Chad Peters MD,Richard Davis
4617,Left,Drama,1984,01-01-1984,UK,4725287.36,5019382.63,10127276.14,1058583.08,2488991.81,7.5,95,17599,488,Christopher Roach,Lauren Horton
4618,Everything song without,Thriller,2024,12-05-2024,USA,17509463.69,24192269.13,35795024.19,2708786.93,12566249.45,6.3,55,146,98,Michael Manning,Karen Shaffer
4619,Industry,Comedy,1994,16-05-1994,USA,4151294.83,7064844.71,11355458.63,2019874.61,4178307.43,7.3,78,9809,2209,Amanda Cantrell,Sabrina Massey
4620,Response fill world,Drama,1966,14-04-1966,Australia,4353619.57,4655350.35,8744589.26,984926.21,2417309.2,4.4,59,13074,413,Karen Smith,Joseph Gonzalez
4621,Of,Drama,1965,22-02-1965,USA,16991503.94,22248048.45,47317720.29,4203492.38,12196151.59,6.7,86,4732,1552,Melissa Hernandez,Robert Reynolds
4622,Who girl brother,Sci-Fi,1977,11-06-1977,India,3802246.25,7593595.9,17086657.25,1518663.05,3698875.13,3.1,15,34343,14280,Daniel Rivera,Lynn Pierce
4623,Seek explain child even,Drama,2014,20-05-2014,USA,3413330.59,4270054.65,6211787.55,832088.56,2531609.96,7.9,48,1151,50,Caitlin Brewer,Catherine Rogers
4624,Option modern write,Documentary,1981,09-12-1981,USA,4043022.45,12226385.93,18856579.26,3460152.25,6848554.72,5.0,70,4111,4826,David Charles,Jessica Scott
4625,Create bar,Comedy,2020,13-08-2020,USA,535511.2,637698.3,1187170.01,153549.25,379298.4,9.3,81,9606,114,Amanda Cantrell,Michael Ramirez
4626,Number tree,Action,2001,24-09-2001,USA,448296.43,715996.17,1084970.95,107523.9,289971.37,5.2,54,708,6516,Jonathan Evans,Ashley Reeves
4627,Best glass artist,Drama,1986,28-10-1986,USA,3310304.0,2795911.23,5121698.52,715753.95,1404231.02,8.8,98,9235,494,David Hall,Mrs. Stephanie Palmer
4628,Dinner particularly,Romance,1950,07-05-1950,USA,18911280.43,12461649.64,18911280.43,3472116.46,5548841.78,3.9,64,556,680,Elizabeth Lane,Noah Harrison
4629,Few,Comedy,2021,10-04-2021,USA,13546532.02,6706835.03,13546532.02,1729566.73,3745483.8,2.5,25,2810,1247,Faith Franklin,Sandra Brown
4630,Marriage thousand,Sci-Fi,2004,25-10-2004,USA,30968215.28,35929526.47,76071748.71,9424923.93,19517871.27,6.1,60,3271,83,Suzanne Gonzalez,Peter Sanders
4631,Outside,Comedy,2008,12-07-2008,USA,7313834.66,18600810.39,32300993.29,1932139.67,8644561.25,9.4,80,1262,50,Adriana Campbell,Joel Hunt
4632,When make expert,Action,1973,05-03-1973,Japan,11348496.67,19557724.63,36314612.29,4678723.64,10975659.62,5.2,47,2064,126,Melissa Hernandez,Olivia Allen
4633,Soldier prepare,Drama,2012,21-05-2012,USA,717777.73,1220258.67,2319985.16,316703.12,645142.31,6.4,66,1734,792,David Perez,Elizabeth Holmes
4634,Enough boy,Drama,1987,01-07-1987,USA,7038115.21,7421792.45,15600949.81,1355675.85,4259942.89,6.9,88,8499,1795,Judy Walker,Timothy James
4635,Add major determine,Drama,2020,16-09-2020,USA,13673943.07,33500924.93,63037333.96,4108403.84,16170537.29,4.5,44,4233,193,Jacqueline Briggs,Mathew Castillo
4636,Range agency garden,Drama,1975,15-05-1975,Japan,84228772.98,58204997.25,131253399.4,6700964.13,34305462.61,6.3,68,789,1817,Janice Taylor,Lauren Horton
4637,He sort ground,Romance,2007,20-11-2007,USA,4360025.73,7595861.33,11986194.28,1381446.07,4099536.9,5.9,49,6331,54,David Perez,Gabriel Mathis
4638,Personal sit beyond,Romance,2005,05-06-2005,USA,2011214.17,4884109.36,7914891.79,1041223.05,2209291.79,7.3,71,886,50,Renee Campbell,Kimberly Johnson
4639,Bill surface,Comedy,1990,24-04-1990,USA,4578972.21,3106001.42,7509955.26,657394.65,1394385.42,9.1,92,9019,1185,Adam Brown,Tracy Klein
4640,Huge case language,Drama,2010,28-12-2010,USA,9274561.36,14697898.12,22164453.42,3147555.71,8743030.8,7.0,71,5048,2540,Roberto Underwood,Lawrence Thomas
4641,Get whole,Comedy,2002,19-12-2002,USA,1017275.0,1125610.56,2081952.44,240181.96,528662.18,5.6,57,1101,3536,Janice Taylor,Ronald Herrera
4642,Civil sense so,Drama,2024,03-11-2024,India,10441834.29,23246466.05,41988830.88,5102955.96,13140180.27,7.3,76,31968,642,David Hall,Brenda Guerrero
4643,All,Drama,1993,14-01-1993,Canada,333344.43,829517.58,1189134.66,112764.3,365455.44,7.1,71,158034,433,Crystal Harris,Brittany James
4644,Boy million,Action,2023,16-05-2023,USA,81539562.53,50172326.24,99204722.87,13477195.57,22019004.22,8.4,68,366,7764,Philip Simmons,Lauren Horton
4645,Ahead doctor Republican,Thriller,2002,24-01-2002,USA,7391597.08,14418756.01,22922217.96,2957060.99,7691232.27,6.4,60,15082,358,Samantha Campbell,Alexandra Benitez
4646,Total resource poor be,Thriller,2004,03-06-2004,USA,488214.8,752023.81,1765943.45,224928.38,437640.12,5.7,63,4980,1973,Amanda Montgomery,Christopher Tucker
4647,None hold then,Horror,1998,25-07-1998,China,5835090.83,3442273.08,6592555.04,809546.31,1688357.76,7.8,81,13737,10258,Jacqueline Briggs,Marissa Pena
4648,Change draw,Horror,2001,24-10-2001,USA,2726681.14,1891621.61,2726681.14,210583.09,1051347.64,8.5,96,534,6921,Joseph Willis,Noah Harrison
4649,Skin mean ever,Thriller,2016,26-02-2016,India,1106371.08,3285534.81,5367410.25,461746.78,1345091.18,8.0,71,43604,287,Melissa Cohen,Kimberly Ray
4650,Spend tonight huge too,Action,1998,06-09-1998,USA,25540368.73,57212408.63,100636358.6,11588715.65,34061461.23,8.1,80,1648,50,Seth Whitehead,Mark Jones
4651,Offer,Comedy,2010,03-08-2010,USA,440916.38,936539.05,1520677.95,201432.7,497839.99,7.8,92,820,665,Maria Lane,Andrew Walker PhD
4652,Task serve picture,Action,2021,05-04-2021,USA,4994656.15,5916898.08,9321559.04,905582.1,3248501.55,6.7,76,504,134,Jessica Singh,Amanda Rivas
4653,Suggest could,Drama,1997,19-08-1997,USA,3447820.01,11019028.63,16804114.6,1750244.74,6442444.95,4.4,48,796,647,Renee Campbell,Mark Jones
4654,Between remain catch,Comedy,1994,03-10-1994,USA,708842.73,1237355.45,2344729.24,167917.01,633833.93,6.1,54,659,1836,Raymond Morris,Robert Reynolds
4655,Country,Comedy,1990,06-03-1990,USA,767402.43,2279335.68,3437837.5,431422.38,954980.39,5.2,37,202,191,Mrs. Hannah Campbell DDS,Amanda Jenkins
4656,Class natural matter I,Drama,2022,11-07-2022,India,416165.15,1138047.69,1745386.99,206394.72,600960.8,4.0,40,3012,346,Mr. Drew Clark Jr.,Jeffrey Haley
4657,Send method detail,Documentary,2017,03-10-2017,USA,8193668.81,26130741.38,37343924.25,7786617.1,12777114.43,8.6,93,6562,6295,Adriana Campbell,Thomas Sims
4658,Morning middle investment,Drama,2024,07-05-2024,USA,13502183.69,6562463.47,13502183.69,783730.75,3575728.89,7.5,88,1757,50,Bethany Rodriguez,David Perez
4659,Rich by,Comedy,2012,19-05-2012,USA,2996048.46,4495679.54,8895141.53,1168428.8,2435754.17,6.3,60,5580,9641,Mark Brooks,Michelle Anderson
4660,Event usually,Horror,2023,26-03-2023,Canada,5928857.62,11863311.35,24898821.39,3128718.9,6701360.05,7.8,61,2160,1916,Renee Campbell,Daniel Callahan
4661,With,Action,2008,14-05-2008,USA,9258287.44,12298634.17,28816068.37,1293363.42,6521561.74,7.4,72,1659,741,James Miller,Amanda Rivas
4662,Mean activity,Comedy,1974,20-10-1974,Canada,3610999.26,8369868.48,15310129.05,2347795.65,4525375.98,6.7,61,1963,84,Matthew Beck,Scott Anderson
4663,Despite relationship,Drama,1971,04-07-1971,India,41626832.95,82500152.14,173202570.5,23111452.21,37342578.61,4.7,54,1280,4268,Roberto Underwood,Trevor Lee
4664,Research style sure,Comedy,1994,07-03-1994,UK,438206.1,273685.22,438206.1,64654.08,128403.5,5.6,60,1255,493,David Lee,Ashley French
4665,Medical yes instead,Documentary,1975,29-07-1975,France,600607.51,574165.24,1211489.33,70951.63,267951.26,3.7,57,2171,627,Courtney Reynolds,Daniel Callahan
4666,Subject surface fall,Romance,2013,19-07-2013,China,8690107.57,24923005.81,39581788.16,5717985.76,13513865.61,6.4,62,7591,196,Oscar Santos,Joshua Willis
4667,Result realize education,Documentary,2017,04-01-2017,USA,13076294.07,11426895.74,23985608.66,2094910.76,5689351.88,8.6,88,1057,8329,Eric Ramirez,Kimberly Ray
4668,Mother glass water,Documentary,1997,01-03-1997,USA,309326.39,355710.06,698648.6,60819.0,180452.04,6.3,61,1290,4106,Jennifer Henry,Heather Allison
4669,Under deep situation,Sci-Fi,1966,14-07-1966,France,14035092.45,8674069.01,14035092.45,1542889.32,4921152.59,5.6,63,29465,3674,Raymond Morris,Jeanette Archer
4670,Visit ready form,Thriller,2000,08-08-2000,USA,10822932.08,32851447.21,51493628.94,9826547.92,17703328.64,8.4,90,1463,943,Carolyn Schwartz,George Green
4671,Require,Comedy,1983,28-02-1983,USA,161385.64,150210.84,305757.66,31642.36,85361.48,9.7,100,3034,1071,Jennifer Henry,Sydney Jordan
4672,According participant thing exactly,Comedy,2024,12-03-2024,USA,566532.52,395513.23,566532.52,59589.12,198558.0,7.2,81,1649,9623,Heidi Cisneros,Jeffrey Smith
4673,Miss stop,Comedy,1981,17-12-1981,Australia,5301994.69,15020866.91,22615093.0,3451744.28,7866677.63,7.4,79,26316,8886,Jeffrey Myers MD,Dennis Perry
4674,Successful say,Action,1978,15-09-1978,India,6930000.8,5757509.17,12547481.19,1369415.93,2859049.19,10.0,100,1543,133,Nathan Bolton,Anthony Cross
4675,Method at,Drama,1987,25-12-1987,USA,13766404.08,7614861.16,16062467.73,1592990.28,4299852.06,7.6,79,3497,3340,Brian Robinson,Miranda Armstrong
4676,Others in policy,Action,1960,27-07-1960,USA,1521673.08,1068999.12,2087848.08,149673.04,595974.88,6.0,46,723,5283,Kimberly Barker,Brian Gentry
4677,Operation particularly,Action,2005,06-02-2005,USA,1320101.36,2904901.58,4469403.23,329392.49,1247704.18,6.5,57,29301,13416,Brian Robinson,Jeffrey Smith
4678,Tree western admit president,Comedy,1982,21-01-1982,France,14505253.03,24084816.45,43072869.3,4287408.4,14070806.33,5.6,74,666,4990,Manuel Benton,Greg Ball
4679,Likely near talk,Drama,1986,25-02-1986,USA,54114647.05,101425755.0,173168108.6,19754582.72,56117405.37,6.9,73,2127,3180,Ashley Medina,Brandon Davidson
4680,Significant well,Romance,1996,20-12-1996,USA,8696333.88,22031019.96,42421093.72,2246492.7,12224211.45,8.3,79,9291,382,Brooke Morales,Robert Garcia
4681,Deal reveal fine,Horror,1981,24-07-1981,USA,52395914.06,129401925.8,188542695.6,19329844.55,76821816.31,8.8,91,5775,2656,Mr. Jorge Anderson,Jonathan Lee
4682,Positive,Romance,2007,23-03-2007,USA,8112505.7,6958690.77,10203894.24,1081590.07,3818069.91,10.0,100,7002,625,Samantha Campbell,Kathryn Stevenson
4683,Detail technology tough,Horror,2010,09-12-2010,India,8904415.57,13620998.85,31209396.62,3834113.55,6165846.36,4.9,51,4316,50,Francisco Ford,George Green
4684,Scientist full,Sci-Fi,1954,16-11-1954,USA,11587115.08,15288431.68,28942310.58,4198660.82,8582950.3,4.8,40,36059,50,David Perez,Tyler Cooper
4685,Item Congress,Sci-Fi,1979,28-05-1979,USA,4084102.8,4516734.51,10833345.04,701463.05,2543459.37,3.9,46,869,2955,William Carpenter,Joshua Willis
4686,Perform event thank light,Action,2015,26-03-2015,USA,588724.28,1433774.63,2423099.28,174803.16,726142.16,4.8,39,197,81,Jeremy Davis,Brandon Green
4687,Authority whether toward,Sci-Fi,1988,24-01-1988,UK,17499221.54,51093642.54,81432069.81,5747469.69,27833408.5,5.8,74,1734,103,David Lee,Nicholas Richards
4688,Fight heart reason will,Horror,1988,05-05-1988,USA,23471590.33,41526892.65,73479299.72,5998388.82,16947685.97,5.7,47,3504,199,Melissa Cohen,Kimberly Ray
4689,Why charge,Drama,1988,28-03-1988,Australia,872376.41,421674.71,872376.41,78793.19,204599.26,5.3,40,7621,1980,Lori Callahan,Teresa Davis
4690,Skill bill,Romance,1952,08-07-1952,USA,8298733.57,13610830.19,31706670.48,1404399.81,5656172.6,8.0,78,8491,8568,Sharon Wilson,Alison Clark
4691,Condition break national,Comedy,1992,22-06-1992,USA,369276.52,366469.1,887641.66,62920.69,178460.03,7.2,74,1603,63,Nicholas Murphy,Jason Mercer
4692,Paper simply term,Thriller,1985,25-06-1985,Germany,623191.47,629933.94,1247866.13,158094.63,353651.05,8.7,77,2702,1635,Tara Underwood,Andrew Walker PhD
4693,Maintain series,Documentary,2023,19-01-2023,China,558213.33,892330.91,1728294.67,231568.47,449605.17,5.5,56,7227,1585,Donna Wagner,John Jones
4694,Chair seat away ago,Drama,1992,17-10-1992,USA,209398.08,261499.32,507206.56,59987.49,111931.98,5.9,51,13145,431,Mrs. Hannah Campbell DDS,Larry Bishop
4695,Run sure,Horror,2009,04-12-2009,USA,1348179.57,1557728.09,2617114.79,459855.44,723704.24,4.9,49,1648,41466,Suzanne Gonzalez,Alison Clark
4696,Get whole,Documentary,1991,05-11-1991,USA,6521670.65,9704152.54,22918509.05,1217266.34,4140904.95,4.5,49,3807,118,Tracy Tucker,Richard Mata
4697,Base always,Sci-Fi,1993,06-11-1993,USA,3650452.4,5824670.79,13544753.54,1736322.72,3452654.1,8.7,83,3108,267,Mrs. Hannah Campbell DDS,Christina Jones
4698,Miss whose eye,Action,2008,16-02-2008,USA,29469669.18,56388861.2,137219424.0,14978965.99,23348047.6,6.3,66,589,50,Rachel Kirby,Nicole Morales
4699,Sister remember mission form,Action,1997,06-04-1997,USA,328778.54,590501.6,894708.46,75293.43,301170.51,6.6,72,7199,154,Brooke Morales,Leonard Contreras
4700,Computer,Thriller,2008,15-06-2008,USA,8193852.42,3918966.59,8193852.42,404289.55,1922027.5,4.5,58,1145,50,James Cross,Veronica Mills
4701,Wide clearly provide,Comedy,1987,11-05-1987,USA,8691094.4,10353766.19,19337578.92,1103271.69,4970738.87,6.3,52,1006,50,Vanessa Fox,Corey Johnson
4702,Start road city,Thriller,2000,22-10-2000,USA,399097.83,164035.77,399097.83,39590.58,69845.87,6.3,75,2466,975,Adam Brown,Jeffrey Smith
4703,Name,Comedy,2008,08-10-2008,USA,90072092.11,218377830.2,443839849.1,34587652.08,111482400.1,9.5,97,17583,64,Michelle Collins,Gabriel Mathis
4704,Blue eight so author,Drama,2017,21-12-2017,UK,17616000.83,23528193.66,47432923.5,4948309.78,11428063.33,7.9,82,43963,2041,Oscar Santos,Brittany James
4705,House final city,Action,1961,10-10-1961,USA,82440684.16,56820269.24,122606943.4,16219214.19,27971432.3,6.6,55,7702,134,Kim Watkins,Samantha Vargas
4706,Out sometimes,Comedy,2018,25-09-2018,Japan,729263.15,1350309.09,2914957.58,393180.53,587292.46,5.3,65,1165,728,Caitlin Brewer,Chelsea Armstrong
4707,Once baby,Comedy,1976,25-07-1976,USA,15634977.25,14651064.79,25074550.97,2080251.33,6160426.74,6.1,32,1541,50,Julie Maxwell,Anthony Rhodes
4708,Television form,Romance,2011,14-09-2011,USA,18487698.78,9608085.18,18487698.78,2643150.65,5011421.9,6.1,77,4928,254,Brian Robinson,Cameron Pineda
4709,Raise debate,Thriller,1963,08-03-1963,USA,1627622.49,3830329.21,5852518.11,383494.68,1886592.53,4.0,42,5673,207,Jason Jones,William Washington
4710,Simple learn however,Horror,1976,24-07-1976,USA,830404.36,683839.94,1232560.64,182176.87,405825.12,8.2,70,2604,769,Charles Lopez,Jennifer Hendricks
4711,Huge need foot,Thriller,2024,08-11-2024,Canada,506147.73,1406518.09,2300511.53,154483.36,820064.93,8.6,83,678,435,Hannah Camacho,Paige Gonzalez
4712,I just parent,Thriller,2010,08-06-2010,Canada,2947672.55,6444767.62,12361807.47,1695094.35,2649831.16,9.3,92,2195,466,David Hall,Lauren Richards
4713,Fill never war place,Horror,2008,03-01-2008,USA,1506584.87,3421254.25,6236204.73,979788.8,1828293.62,8.9,100,6711,416,Denise Horne,Cassandra Dennis
4714,Last head everybody strategy,Romance,1987,16-10-1987,USA,1960342.65,5510546.08,8682728.64,1434800.97,3094436.42,9.5,93,3023,350,Jennifer Willis,Alyssa Wolfe
4715,Effort a,Documentary,1981,26-03-1981,USA,4965692.66,2485859.13,5463441.07,667260.23,1113762.11,6.2,65,133505,4156,Kimberly Barker,Jason Chavez
4716,Alone health production,Drama,2006,28-03-2006,USA,1317276.67,918178.54,1317276.67,222788.61,549501.94,7.2,83,4875,8435,Raymond Morris,Casey Collins
4717,Ground popular enough,Drama,2018,22-12-2018,Australia,1652396.74,2878965.71,5759848.71,375531.02,1167849.93,7.8,51,1403,50,Ryan Tate,Brandon Green
4718,Be radio quickly since,Thriller,1992,03-11-1992,Canada,456406.64,427829.11,1023999.56,43760.46,246734.37,7.9,78,1619,411,Barbara Torres,Tracy Klein
4719,Scene open,Horror,1994,09-01-1994,USA,14172482.76,30306828.2,66965771.91,4880349.5,14880268.56,6.1,63,3498,1185,Donna Hall,Jorge Thompson
4720,Evidence begin consider,Drama,2014,18-11-2014,USA,10735180.63,34371342.35,51483140.42,4339081.21,15350610.59,2.8,27,1184,747,Donna Wagner,Alexander Haley
4721,Look paper case,Horror,2007,22-12-2007,USA,5281340.71,3423150.38,5281340.71,912453.99,1543646.06,6.8,69,18526,3687,Troy Cochran,Olivia Allen
4722,Official thus speech couple,Drama,1998,04-03-1998,USA,29046959.15,61638334.56,101894892.7,17693379.66,26010341.01,6.5,56,521,2245,Dr. Jonathan Long,Darren Jones
4723,Kitchen environment,Romance,1990,11-11-1990,USA,248043.78,444008.6,753410.6,126948.52,248431.85,4.9,50,953,73,Andrew Chambers,Kristin Cook
4724,Officer child phone,Comedy,1966,24-07-1966,USA,9876294.35,10373890.33,17110095.21,1997743.43,4396071.39,7.1,61,4616,4527,Maria Lane,David Perez
4725,Star never special,Romance,2015,17-06-2015,USA,5308561.98,10856715.64,20234069.23,1213942.29,4734453.51,7.2,60,5877,50,William Carpenter,Tracy Klein
4726,Medical book you,Action,2019,25-02-2019,USA,4166894.95,2308552.64,4166894.95,448026.01,1336583.35,3.5,37,25911,238,Donna Wagner,Joel Hunt
4727,House officer side,Drama,2025,02-04-2025,UK,310130.01,288353.37,596730.46,68836.32,119892.73,7.4,65,1030,338,Jerry Owens,Karen Shaffer
4728,Chair ten,Action,2016,14-07-2016,USA,4048760.4,10541940.77,19763352.21,1295614.29,6285978.72,5.9,50,27738,565,Karen Smith,Deanna Johnson
4729,Performance raise he skin,Drama,2003,16-09-2003,USA,1587297.76,2211393.14,3304578.42,248405.78,1149762.17,6.0,61,5192,117,Janice Taylor,Timothy James
4730,Cover if allow,Drama,2012,18-05-2012,USA,6809867.01,11817316.6,21521930.07,2479844.31,5082978.65,5.9,42,651,819,Roberto Underwood,Karen Shaffer
4731,Worry month,Comedy,2025,12-06-2025,USA,3092487.96,3167814.57,6581142.76,948322.56,1669455.13,7.2,82,5496,167,Jessica Singh,Eric Perry
4732,Car produce,Horror,1995,05-05-1995,USA,609048.45,283778.96,609048.45,43126.92,145508.96,4.3,55,17366,4009,Daniel Brown,Jennifer Hendricks
4733,Network,Romance,1996,14-12-1996,USA,305880.57,260760.63,466968.27,75279.76,143391.44,7.6,67,4066,1657,Francisco Ford,Christopher Rodgers
4734,Spring reality,Comedy,2018,07-03-2018,USA,3923640.87,11420773.58,18895518.23,3379253.5,6176802.07,5.5,60,5362,349,Julie Maxwell,Derrick Smith
4735,Point glass still back,Documentary,2012,13-01-2012,France,409898.52,366256.89,526947.75,44982.27,207912.01,3.5,47,3866,228,Claudia Smith,Sarah Ross
4736,Cell sing personal,Documentary,2013,01-05-2013,Canada,968970.68,1026471.71,1867208.02,204135.42,544902.15,7.4,76,6707,932,Kelsey Ellis,Jessica Scott
4737,Issue pattern,Thriller,2025,05-10-2025,USA,4430897.92,3707801.03,5995973.25,988368.06,1896500.77,7.4,94,728,1221,Paul Rogers,Kristin Cook
4738,Political,Drama,1985,02-05-1985,Australia,2378720.48,4568905.51,7558620.06,461591.63,2286843.89,4.7,63,2434,160,Jeremy Ray,Eric Cooper
4739,Next raise natural,Comedy,1999,29-01-1999,USA,243252.2,536357.31,1096020.4,127797.46,276657.67,6.4,47,378,1820,Diane Skinner,Thomas Hill
4740,Front hard instead,Drama,2000,10-08-2000,USA,1072533.84,1440193.9,2763851.41,183059.57,624443.07,8.1,96,1714,1161,Crystal Harris,Amanda Lawson
4741,Job nearly phone,Horror,2010,14-11-2010,USA,15217963.65,20153541.02,38311763.95,5551651.13,12055915.8,6.3,56,6419,50,Kelsey Ellis,Brian Rodriguez
4742,Detail want,Comedy,1983,19-08-1983,USA,964588.04,2224130.36,3873296.04,447321.7,1240830.74,6.4,67,9859,179,Bryan Murray,Meredith Williams
4743,Them,Thriller,1983,10-01-1983,USA,5056539.66,6106228.86,14636386.24,1158851.33,2477339.09,7.1,59,34629,50,Jonathan Evans,Kimberly Johnson
4744,Anyone,Romance,2005,06-08-2005,USA,839180.68,1854536.59,4181775.11,217073.45,799696.5,6.1,73,3149,50,Faith Franklin,Kristina Krause
4745,Drop price whether,Romance,2019,10-01-2019,UK,157615787.3,223672271.2,370502865.2,27106855.1,124085083.0,4.2,35,15155,941,Joshua Baker,Mark Smith
4746,Art ready special,Horror,2017,02-12-2017,USA,13687860.35,12183724.94,28517819.92,3318792.18,6582392.15,5.6,65,8588,112,Jessica Rodriguez,Ronald Thompson DDS
4747,Record price,Drama,2023,07-07-2023,USA,2014976.85,1053186.85,2014976.85,196064.29,537501.09,7.4,79,880,2932,Christian Hernandez,Jeffrey Jenkins
4748,Spend government,Comedy,2008,28-05-2008,Canada,1522019.17,611882.99,1522019.17,137343.95,259011.98,4.9,49,2209,518,Jonathan Evans,Olivia Allen
4749,Explain method,Drama,2002,10-06-2002,USA,4636287.52,5338379.88,8930907.86,1550344.38,2165537.23,6.3,62,693,784,Dr. Michael Monroe,Theresa Cooley
4750,History house difference care,Documentary,2013,18-10-2013,USA,1786773.55,1064879.67,2642579.09,315567.81,546565.07,7.1,76,1106,68,Joshua Morales,Dustin Jackson
4751,Firm evening,Thriller,2002,04-10-2002,Canada,2817624.33,1590164.15,2817624.33,431890.52,823085.07,7.5,77,3535,1676,Robin Hooper,Kristina Krause
4752,Interesting suddenly now career,Action,2022,26-12-2022,Australia,2035945.67,4769333.9,9937233.53,1291890.12,2445660.71,7.2,80,2180,114,Francisco Ford,Daniel Hughes
4753,Measure stage,Comedy,2008,28-11-2008,USA,426291.82,808849.5,1339802.74,96481.39,374815.89,4.8,47,651,2540,Heidi Cisneros,Jeffrey Smith
4754,Best any,Drama,2004,26-11-2004,USA,25617256.23,53525960.04,118240895.8,8942713.2,22479970.67,6.8,79,3482,31035,Kristina Moore,Alison Clark
4755,Garden it,Drama,2014,20-09-2014,USA,22492066.41,52928100.3,94875624.61,9862015.5,25855933.43,5.5,59,6787,61,Kim Watkins,Christopher Hurst
4756,Threat against customer,Comedy,2019,20-11-2019,USA,2570622.83,5074540.57,7670014.68,1313796.81,2947481.79,3.9,36,156972,993,David Charles,Tami Miranda
4757,Necessary,Comedy,2023,25-12-2023,Canada,7945109.55,13971454.14,20820174.68,4086780.16,6222366.23,7.1,77,3050,1649,Kayla Young,Michelle Anderson
4758,White herself,Drama,2002,17-05-2002,Japan,10594767.82,8111224.55,15162541.85,914033.92,4579142.01,5.2,55,1159,422,Robert Webster,Alyssa Wolfe
4759,Tend lawyer,Thriller,1987,15-02-1987,USA,991123.79,1137197.25,1776532.74,251128.54,540708.94,6.5,63,5121,126,David Charles,Jessica Scott
4760,Candidate bar benefit at,Action,1981,20-02-1981,USA,2493181.76,2669841.54,5768396.14,281887.77,1293456.37,8.5,78,3047,2439,Shannon Ross,Vincent Suarez
4761,Despite east law,Comedy,1966,18-10-1966,Japan,18187015.89,34909691.61,78588297.36,4057457.45,15685993.31,5.6,61,39975,2956,Tara Underwood,Larry Bishop
4762,Push push,Drama,2007,17-02-2007,China,1781624.46,2366422.99,4065457.52,376252.76,1284444.23,5.7,63,9275,50,Alyssa Adams,Sarah Nelson
4763,Program world technology,Drama,1993,14-05-1993,France,10969351.15,23582100.51,40675849.62,3712742.07,12850619.72,8.2,94,263,50,Patricia Munoz,Duane Fletcher DDS
4764,Congress,Horror,2005,09-05-2005,USA,426230.46,325438.96,626876.32,40568.79,133748.39,7.3,94,3545,107,Mary Mitchell,Danny Kline
4765,Trade score mention finally,Thriller,2021,14-04-2021,UK,1225953.99,814202.51,1441814.02,94400.11,450855.54,6.6,62,8322,554,Darlene Murphy,Amanda Jenkins
4766,Common,Drama,2008,14-02-2008,USA,2095682.14,1924425.03,3465916.48,225840.93,869114.05,7.0,77,622,50,Brooke Morales,Samuel Wyatt
4767,Through his physical,Drama,1982,13-01-1982,USA,2054662.96,1407100.96,3189770.36,406093.22,641207.77,7.3,62,4382,6307,Jessica Singh,Kimberly Wolf
4768,Production thank,Horror,1996,27-04-1996,USA,14844148.0,8487660.85,14844148.0,1661333.6,4927729.28,5.9,66,631,50,David Morris,Greg Ball
4769,But two,Thriller,1993,22-09-1993,USA,1812220.51,2283275.1,5092979.6,434902.93,1112648.34,4.5,38,2988,346,Charles Lopez,Nicholas Richards
4770,Rule so,Drama,1991,07-11-1991,France,2422931.02,7671768.91,11271784.46,2251623.0,4199749.15,5.7,53,1923,155,Matthew Beck,Larry Bishop
4771,Down,Comedy,2003,14-02-2003,USA,3427699.8,10196197.74,15795636.69,1600346.2,5773655.16,6.2,74,589,3381,Michael Richards,Daniel Thompson
4772,Accept cup compare,Action,2009,12-04-2009,USA,30172116.39,36331740.55,81287154.39,6762094.23,17898922.68,5.1,32,5160,152,Bethany Rodriguez,Donald Franco
4773,Daughter election,Action,1988,29-07-1988,USA,367564.61,821750.81,1286989.67,218145.03,414893.76,5.2,50,4008,2597,Gary Simmons,Deanna Johnson
4774,Feeling year,Sci-Fi,2002,10-03-2002,UK,4212924.37,11449496.98,20978987.14,2232049.73,5075915.4,7.3,75,1187,255,Anthony Henry,Shawn Washington
4775,Pay,Thriller,1987,26-07-1987,USA,8651687.78,7340644.2,12195870.83,1063639.03,3790329.47,6.6,58,100,50,Dr. Jonathan Long,Greg Ball
4776,Physical season,Comedy,2005,18-09-2005,USA,15193024.77,10592461.7,19963555.15,1617285.97,5238573.23,5.4,62,507,2222,Chad Koch,Adam Bowman
4777,Consider wonder,Horror,2003,15-07-2003,USA,3385208.24,3011633.37,5784757.43,589268.65,1393674.54,3.3,40,867,2049,Caitlin Brewer,Heather Williams
4778,Or meeting,Comedy,2007,13-03-2007,USA,2808873.59,7292144.03,10683908.06,1571507.87,4259711.45,9.0,86,2433,1531,Jessica Gonzalez,Casey Collins
4779,Right policy,Thriller,2018,21-11-2018,USA,4512324.28,14895981.09,21570735.27,2092041.38,6727856.68,5.1,50,516,265,David Charles,Rodney Smith
4780,They,Drama,1966,17-08-1966,USA,1546893.66,1806003.71,3829594.49,191521.42,818876.46,5.8,69,629,738,Donna Wagner,Joseph Leon
4781,Collection design,Comedy,2024,06-04-2024,USA,742695.76,628623.01,908758.44,138370.86,269138.62,3.6,35,3574,150,Jeremy Davis,April Murphy
4782,However listen each,Thriller,2017,12-04-2017,India,905314.7,428176.7,905314.7,120418.65,234720.05,4.4,39,1403,1036,Patricia Munoz,Mr. Michael Snyder
4783,Others line four,Action,1997,05-07-1997,USA,10861584.42,6667007.7,11815497.02,1336181.03,3137121.57,8.4,75,6892,209,Ryan Tate,Michelle Anderson
4784,Budget public,Documentary,2018,05-08-2018,USA,18179613.14,21369488.98,35781577.14,4554267.58,12151026.35,6.5,82,19650,6093,Ashley Medina,Michael Torres
4785,Fly know information,Horror,1995,30-12-1995,USA,890195.24,1648664.18,2805955.28,226118.31,847352.76,5.1,53,2880,210,Michael Chung,Mark Morris
4786,Industry surface,Sci-Fi,2006,18-11-2006,Australia,40064252.42,84403392.69,172887398.3,13722414.11,42082873.7,6.6,62,7580,1452,Raymond Morris,Holly Jones
4787,Cover low parent,Comedy,1982,13-08-1982,USA,2861399.18,5459556.02,9723519.85,766244.86,3014677.89,7.8,80,3083,4553,Dr. Michael Monroe,Teresa Davis
4788,Raise activity hear its,Thriller,1999,07-12-1999,USA,5206507.86,4376736.06,10624249.37,910996.81,2366126.72,4.8,34,2807,670,Abigail Robles,Kevin Fernandez
4789,Moment,Comedy,2002,12-04-2002,Australia,1307643.27,1138659.79,2806921.69,243929.06,516438.16,7.8,63,11736,71,Ashley Medina,Stephanie Cervantes
4790,Film about training,Action,1986,05-02-1986,USA,133386.59,138218.69,296878.12,17327.4,66181.71,7.2,78,2997,50,Karen Smith,Christopher Rodgers
4791,Serve view,Drama,2011,27-06-2011,USA,29627552.33,60276444.22,91426376.24,8850722.18,28855749.72,4.3,59,434,705,Mark Moody,Patricia Keller
4792,Room popular,Drama,2002,05-02-2002,USA,13806400.88,23709075.37,49212546.2,6649577.16,12253272.89,4.3,51,1029,153,Jessica Singh,Jennifer Leach
4793,Adult ever,Action,1978,21-11-1978,USA,711478.73,394586.53,800371.54,82874.59,196423.37,5.6,50,13741,454,Maria Lane,Jamie Cunningham
4794,Hope guy science,Comedy,2024,10-07-2024,USA,27527679.57,18176089.29,34631126.85,2672615.56,7579536.91,7.0,70,3178,47844,William Banks,David Martin
4795,Medical leg feel,Horror,1988,26-03-1988,UK,25449109.04,59707714.34,87973004.94,11307861.85,26193750.3,6.0,41,2441,626,Charles Lopez,Daniel Hughes
4796,Take wish think,Thriller,1952,23-03-1952,USA,707299.67,699793.55,1162343.06,191899.29,331966.51,5.8,54,129,572,Nicholas Murphy,Mrs. Margaret Smith
4797,Move box,Documentary,1988,12-08-1988,Germany,2491227.89,1430872.2,2491227.89,310701.77,709871.54,7.1,87,4721,481,Andrew Chambers,Eric Perry
4798,Alone onto end,Sci-Fi,1980,26-05-1980,India,687707.94,1602001.07,2426755.58,359115.99,696614.86,5.2,48,3869,460,Daniel Rivera,Ashley Reeves
4799,Easy sure,Comedy,1994,18-02-1994,USA,5967660.42,6381564.91,12456987.37,1864629.61,3082970.49,6.4,58,391,50,Sharon Wilson,Jeffrey Haley
4800,Animal window happy,Drama,1999,07-06-1999,USA,52787144.9,33129372.57,52787144.9,5430919.41,17810852.86,4.5,49,3842,349,Tracy Tucker,Stephanie Cervantes
4801,Conference why final,Comedy,1989,03-12-1989,USA,2254239.89,5874502.68,8833061.54,1574276.68,3419017.91,5.8,47,3103,978,Mark Moody,Chelsea Armstrong
4802,Whether particular,Drama,2023,19-09-2023,USA,3773757.65,4064442.36,8743454.13,809357.31,2176655.9,8.8,98,4137,752,Jennifer Atkinson,David Lopez
4803,Major skill daughter,Drama,2018,06-01-2018,USA,100000.0,332741.4,493112.56,92755.05,185459.25,8.1,74,7477,62,Renee Campbell,Deanna Johnson
4804,Often director,Documentary,2017,17-11-2017,USA,220174.41,586709.03,956842.71,120536.04,321831.29,6.8,69,3551,50,David Charles,Mark Smith
4805,Life middle chair there,Comedy,1988,01-04-1988,USA,3063917.17,7024075.18,11995239.91,1194161.09,3806054.79,7.7,92,1675,50,Julie Maxwell,William Crawford
4806,Do brother,Thriller,1971,05-01-1971,USA,1407204.26,4505643.08,6741869.04,843378.56,1956070.31,4.3,31,1734,736,Mary Mitchell,Michael Ramirez
4807,Chair seat away ago,Drama,2009,24-03-2009,USA,380383.09,527137.14,1156694.72,156751.43,266949.68,7.8,94,1235,652,Daniel Rivera,Christopher Tucker
4808,Meet character political,Comedy,2017,22-09-2017,USA,2657468.68,4335408.71,7012225.52,515115.52,2376812.3,7.1,64,909,7820,Brenda Smith,Sarah Ross
4809,Store blood through,Action,2020,04-01-2020,USA,7857365.69,16545176.6,28366621.71,2573829.11,7624124.75,7.8,95,1292,124,Matthew Beck,Paul Glover
4810,Right bed,Documentary,2018,15-07-2018,USA,6563960.71,9576484.37,21604623.81,1773099.13,5629417.68,5.7,56,5090,100,Paul Rogers,David Perez
4811,Physical situation,Sci-Fi,2001,29-01-2001,USA,2347715.35,3432223.46,6536396.03,382888.91,1877036.9,8.8,61,5898,50,Bethany Rodriguez,Darren Jones
4812,Work now,Action,1976,10-04-1976,Australia,9823348.47,12635641.54,18678840.05,1267299.74,6056312.36,5.9,72,1235,217,Albert Phillips,Duane Fletcher DDS
4813,Catch and,Romance,2007,29-10-2007,USA,11792885.8,20547807.72,42351236.6,5890515.46,12267618.55,7.5,82,969,2018,Daniel Brown,Joseph Leon
4814,Item short,Comedy,2000,03-02-2000,USA,47851607.79,30656416.79,59552793.82,5214019.98,16733171.91,4.8,50,1583,52,Kristina Moore,Anthony Rhodes
4815,Final need card they,Thriller,1984,28-06-1984,USA,1810553.25,3970024.56,7241866.56,710853.36,2309447.9,7.0,53,18178,1361,Michelle Collins,Stephen Clark
4816,Movement understand trouble yourself,Romance,2024,13-04-2024,India,272759.92,657636.06,1024555.88,184555.79,270172.93,9.7,89,1923,257,Philip Simmons,Miranda Armstrong
4817,Face woman bring,Romance,2023,20-10-2023,USA,2923265.03,1962416.92,2923265.03,433008.16,896890.2,8.4,88,1968,6926,Ashley Medina,Ashley Reeves
4818,Blood develop rule,Action,1990,04-09-1990,USA,5582525.09,7748150.25,13982725.62,1400478.24,3998218.01,9.1,91,4693,67,David Lee,Kathryn Stevenson
4819,Edge sound,Thriller,1993,13-05-1993,USA,1434229.8,2223255.77,5528532.51,404941.87,1123030.17,9.7,100,3881,2970,Adam Brown,John Ross
4820,Community adult you,Comedy,2025,21-03-2025,China,254483.64,566761.41,827488.29,71446.56,327377.78,5.5,56,360,679,Barbara Torres,Carla Dougherty
4821,Answer line,Action,1986,27-05-1986,USA,22751403.21,22649390.69,49151635.93,3723711.14,12501228.85,6.1,64,19321,566,Jessica Singh,Mark Smith
4822,Little business technology,Comedy,2008,02-12-2008,USA,1232208.68,2168710.81,3652583.41,556811.67,986989.4,3.4,16,502,322,Dr. Jonathan Long,Becky Dean
4823,Minute voice world,Romance,1976,31-05-1976,USA,18440686.76,7408583.95,18440686.76,1336929.18,4165204.95,5.5,46,15341,2049,Oscar Santos,April Murphy
4824,According participant thing exactly,Thriller,1985,09-12-1985,Japan,26577079.45,16238000.6,34796437.72,3440906.53,8957492.85,6.7,64,100,6774,Kayla Young,Heather Allison
4825,High,Action,2017,23-03-2017,USA,8053994.78,3624761.08,8053994.78,893590.83,2059093.32,5.9,69,806,140,Adriana Campbell,Elizabeth Shannon
4826,Degree by,Comedy,1967,23-06-1967,USA,3026226.58,2093049.4,3026226.58,564321.02,915791.42,7.6,46,809,420,Melanie Olson,Robert Garcia
4827,Five without answer,Comedy,1975,09-12-1975,USA,719188.66,953218.89,1695498.09,220429.11,559172.04,7.8,83,41190,59693,Diane Skinner,Olivia Allen
4828,Set perhaps plant,Romance,2025,11-05-2025,USA,393948.48,798261.6,1155211.86,118311.06,373537.06,8.4,83,668,311,David Perez,Kelly Horn
4829,Upon force,Drama,2001,01-06-2001,USA,832740.46,2134421.41,3983116.33,292908.92,1193554.14,5.2,51,849,147,Melissa Cohen,John James
4830,Have toward,Action,2018,29-03-2018,USA,4314166.79,8942681.34,15994998.78,1849941.38,5076994.35,3.3,19,17590,57,Karen Barrett,Seth Smith
4831,Wind push,Drama,2020,15-07-2020,USA,2063384.43,4393130.81,10121753.33,867749.56,2433917.67,7.2,72,29105,263,Matthew Beck,Alison Clark
4832,Billion listen,Thriller,2014,28-05-2014,USA,1700124.19,2570299.92,5614246.56,513773.58,1291118.39,7.5,67,24734,100,Mr. Drew Clark Jr.,Richard Davis
4833,Night,Documentary,1997,24-03-1997,USA,2062440.13,3829054.21,7627025.32,1029355.17,2118352.16,7.0,79,2296,251,Karen Smith,Victoria Phillips
4834,My hit growth talk,Drama,1984,31-08-1984,USA,100000.0,93499.22,180417.23,21996.31,39945.47,3.7,44,1242,725,Joshua Morales,John Sullivan
4835,Serve current determine,Action,2012,07-09-2012,France,7881876.22,16644163.31,33313031.93,2274190.21,8881591.05,5.0,68,2672,450,Brenda Smith,Eric Obrien
4836,Get although draw,Horror,2002,10-02-2002,USA,379424.87,503967.81,1137590.42,138892.87,225709.64,5.2,62,2983,165,David Perez,Sandra Farmer
4837,Bed between relate,Thriller,1976,20-01-1976,India,2082848.11,4193481.96,6350527.74,1096497.86,1922386.31,9.5,92,184,109,Jessica Gonzalez,William Washington
4838,Ball should election box,Comedy,1975,13-01-1975,USA,3871198.9,2399874.85,3871198.9,382964.16,1100638.61,6.1,66,442,50,Sean Howard,Lauren Horton
4839,Animal type,Comedy,2000,01-04-2000,USA,305701.57,569358.46,1129989.11,71081.11,242155.73,5.3,56,15126,2742,Mr. Jorge Anderson,Becky Dean
4840,Charge,Action,1950,07-09-1950,USA,505533.91,1231187.64,2409705.15,264919.84,550103.46,7.7,78,2578,8068,Joseph Willis,Dominique Aguirre
4841,Night less majority,Drama,2020,15-09-2020,USA,28481364.93,36217345.19,77712261.71,8696720.8,18553214.79,6.7,74,4989,3618,William Carpenter,Victoria Phillips
4842,Family visit,Horror,2001,20-06-2001,USA,1423606.56,1620746.68,3682822.49,259828.09,687863.7,5.6,48,4382,10658,Courtney Reynolds,Jason Ramos
4843,Director Mrs subject,Drama,2011,27-03-2011,Japan,5105391.04,6749605.21,14259177.81,1731853.36,3612882.17,5.7,77,159,50,Jennifer Henry,Mrs. Margaret Smith
4844,Learn anyone test everyone,Comedy,1976,23-07-1976,France,1808662.15,2851998.83,6045341.92,479236.23,1327089.78,7.9,79,21017,962,James Wright,Meredith Williams
4845,Institution capital give,Drama,2025,22-04-2025,USA,11191567.89,7470080.77,11191567.89,1187622.6,4079483.09,8.4,87,9425,147,Colleen Willis,Jeanette Archer
4846,Service yes,Thriller,2016,08-04-2016,USA,29575558.77,55157689.81,115298020.4,5793211.46,24617501.6,3.8,27,284,242,Julie Maxwell,Jennifer Hall
4847,Development dream,Horror,2010,12-01-2010,USA,21907123.0,50987339.95,91459869.63,10976882.85,22287776.2,7.1,75,14051,150,Jennifer Miller,Michael Hughes
4848,Pay hair,Romance,1978,17-06-1978,USA,2417770.84,5376430.51,9939453.64,831871.89,2766861.52,7.1,74,4692,911,Alyssa Adams,Scott Anderson
4849,Build,Horror,1993,03-06-1993,USA,1471969.32,2528573.36,5758078.63,582436.0,1092765.66,5.3,52,221,50,Barbara Torres,Rebecca Mejia
4850,Deal wonder,Drama,2024,24-12-2024,USA,3391953.01,5991687.89,9318279.08,916977.85,3326993.81,6.7,82,852,109,Rachel Kirby,Amanda Rivas
4851,Me kitchen,Action,1985,20-07-1985,USA,7083688.38,7361651.05,13993862.19,1435870.43,3576346.45,5.4,62,10387,231,Philip Simmons,Tracy Williams
4852,With,Drama,1985,27-07-1985,USA,453699.47,518342.57,990072.71,117120.46,256833.98,6.7,56,48484,895,Francisco Ford,John James
4853,Pattern table,Action,2014,17-09-2014,USA,1608467.74,3082216.46,5751387.04,577186.0,1484824.94,4.5,49,783,50,Jason Jones,John James
4854,Interesting they,Sci-Fi,2006,26-09-2006,France,23902083.91,17048558.1,26014051.01,1968386.82,8153014.41,6.1,38,7373,43684,William Carpenter,Becky Dean
4855,Toward new,Comedy,1950,07-11-1950,USA,1172735.92,545920.68,1172735.92,120743.76,237648.47,6.0,51,708,365,Mary Mitchell,Cynthia Little
4856,At effect,Action,2014,17-02-2014,USA,5983101.37,7831370.85,12467974.23,1557480.3,3448893.17,9.2,100,5805,87,Melissa Cohen,Tricia Thomas
4857,Right court,Drama,2017,24-03-2017,USA,6915709.42,3810843.68,6915709.42,629416.16,2249332.74,6.4,71,3494,113,William Walker,Melissa Morales
4858,Central business buy,Drama,1987,03-04-1987,USA,30011236.47,30015364.86,58317993.46,3946063.08,12584606.24,5.8,68,1615,868,Amanda Montgomery,Adam Bowman
4859,Image type partner,Horror,1980,19-08-1980,UK,1470317.88,1004163.55,1470317.88,177701.68,475590.07,5.5,58,20050,21726,Michael Ross,David Clark
4860,Ability focus story,Romance,2018,16-01-2018,USA,87544227.2,52844876.05,121170681.4,8153897.09,30475345.54,5.0,57,474,4402,Philip Simmons,Adam Williams
4861,Family rich,Drama,1998,12-05-1998,USA,3811896.61,3123851.29,5057697.0,688625.6,1266392.55,6.6,71,7363,50,Brenda Smith,John Ross
4862,Analysis day,Thriller,1984,08-02-1984,USA,2098590.5,4313901.24,6954102.07,1273731.22,1852507.64,8.2,84,13418,55,Albert Phillips,Meghan Johnson
4863,Century under,Drama,2009,30-11-2009,Canada,2762484.5,2317114.6,3439032.69,533006.6,1039839.87,7.3,77,1972,367,William Walker,Donald Benson
4864,Remain risk,Sci-Fi,2008,09-01-2008,USA,1753744.1,1309845.05,2408773.97,139224.1,594171.05,8.6,84,6003,4407,Manuel Benton,Matthew Simmons
4865,Whether particular,Horror,1990,11-04-1990,USA,746107.09,1318426.19,3091428.56,182865.08,636111.64,6.2,77,8923,382,Lisa Atkins,Dominique Aguirre
4866,Three conference,Comedy,2002,27-10-2002,USA,1931215.39,3162451.35,7313508.81,386153.81,1478641.68,9.0,82,3450,123,Paul Rogers,Adam Bowman
4867,Hotel lot education music,Horror,2003,19-02-2003,USA,14862717.68,8591240.57,14862717.68,1987721.61,5105970.95,5.0,71,1332,50,Tara Underwood,Jeffrey Smith
4868,White strong,Horror,2005,18-04-2005,USA,957056.45,526358.87,1224186.87,154410.63,246977.48,8.5,93,3839,50,Chad Koch,John Perry
4869,Try,Drama,2015,25-08-2015,France,1051007.9,596608.55,1051007.9,79152.91,307082.94,6.7,72,4719,75,Sara Higgins,Jonathan Lee
4870,Day,Comedy,1975,15-02-1975,Canada,511003.42,355297.65,511003.42,86805.69,196690.68,7.3,55,203,516,Paul Weiss,Dustin Jackson
4871,Born sport important,Drama,1969,04-07-1969,USA,3689146.3,7602960.41,15301966.37,948580.44,3589501.82,6.7,51,4986,1066,Kim Watkins,Andrea Bowers
4872,Boy,Romance,2024,21-02-2024,USA,2529470.54,1521044.94,2529470.54,403114.22,624761.36,5.3,43,8764,365,Jennifer Atkinson,Dennis Rogers
4873,Message card,Thriller,2017,11-11-2017,USA,5110753.61,6929120.16,11964089.14,1193319.46,3172753.77,4.6,37,918,2971,Jessica Rodriguez,James Erickson
4874,Forget on participant,Drama,1960,18-06-1960,India,1093459.47,2354856.42,5032870.84,279878.28,1390294.55,6.2,43,1205,197,Thomas Peterson,Monica Nelson MD
4875,Foot sister,Horror,2017,08-07-2017,USA,1352429.92,3407123.15,5755366.75,530496.05,1747312.2,6.7,74,3683,288,Amber Anderson,Joshua Willis
4876,Enjoy growth stock,Drama,1999,13-11-1999,USA,9933295.0,5612125.24,9933295.0,1155403.51,2320292.43,6.4,62,3209,770,Melissa Hernandez,Paige Gonzalez
4877,Remember leg,Documentary,1978,18-01-1978,USA,8282750.67,18764361.73,36708000.27,4625284.48,9871624.34,7.0,87,19654,912,Andrew Chambers,Tricia Thomas
4878,Service at,Action,2008,20-11-2008,USA,45453955.49,90291815.15,173892714.1,10152755.0,45846794.84,5.7,51,743,95,Benjamin Ray,Nicole Turner
4879,Ready friend simple,Horror,2013,11-03-2013,India,828677.76,1060296.79,2624354.69,129437.17,448552.38,5.5,57,1207,459,David Morris,Cindy Barnes
4880,Region during pay,Horror,2021,19-09-2021,USA,460336.41,290572.69,596965.24,74675.56,138978.44,7.2,61,211,283,David Morris,Logan Martin
4881,Religious pressure,Romance,1998,19-01-1998,Canada,2341646.73,1397682.91,2402355.31,368276.29,593390.0,6.7,76,5693,50,Michael Ross,Kathryn Hunt
4882,Month spring,Action,2011,08-06-2011,USA,7721196.1,12939162.22,22210480.06,1620169.61,6248156.05,8.1,77,423,240,Jennifer Miller,Alexandra Benitez
4883,Long scene,Comedy,1977,01-11-1977,USA,2020254.97,2142738.21,3998841.76,551111.89,1063565.0,4.7,68,1033,50,Adam Brown,Donald Benson
4884,Site themselves media,Comedy,1965,27-03-1965,USA,1057081.42,642987.03,1561847.58,150480.67,266984.52,6.7,63,7364,589,James Wright,Stephanie Ferrell
4885,Cultural artist eat,Comedy,2015,18-02-2015,USA,7486407.08,12485347.96,18373786.14,3186008.06,7415720.91,8.6,83,8607,907,Shannon Ross,Alan Mullins
4886,Sure,Drama,2023,21-08-2023,USA,21773281.48,42385695.57,65776583.94,7470931.46,23099016.93,5.9,46,38528,50,David Lee,John Barker
4887,Should physical might,Action,1973,17-02-1973,USA,5024246.11,8720294.07,16515806.54,1769048.0,4132957.58,8.5,100,70892,6491,Jeffrey Myers MD,Alyssa Wolfe
4888,Light politics,Thriller,2017,22-12-2017,USA,1366575.69,2285748.13,4035511.15,587445.68,1040718.28,8.1,74,6168,105,Tara Underwood,Teresa Davis
4889,However,Thriller,1995,09-10-1995,USA,1360981.83,2362997.79,3979458.59,321259.02,1085679.87,8.1,66,1251,74,Amanda Montgomery,Brooke Stanley
4890,Learn price citizen,Horror,2003,24-08-2003,USA,5364924.43,7944561.42,18918497.28,1413331.14,3346828.35,7.5,81,879,810,Michael Manning,Casey Briggs
4891,Unit name sell,Comedy,2024,23-05-2024,USA,5584780.27,16784265.4,26884668.37,2636614.26,7539239.62,7.7,71,968,80,Jennifer Miller,Eric Cooper
4892,Attack where society,Drama,1986,05-02-1986,USA,4231948.08,2776091.06,4231948.08,775239.38,1582859.75,5.1,51,1700,66,Chad Koch,William Prince
4893,Himself prevent,Thriller,1997,27-09-1997,USA,2878170.63,1659894.73,2878170.63,414799.39,823485.84,6.0,62,11097,111,Raymond Morris,Corey Johnson
4894,Pattern table,Horror,2023,25-07-2023,India,6535705.06,3989340.67,6535705.06,613068.99,1801009.95,6.5,73,5613,394,Ashley Medina,Jennifer Richards
4895,Gun cultural,Sci-Fi,2014,21-07-2014,USA,491960.3,1447674.65,2237463.09,297896.23,747795.72,4.2,34,799,8924,Benjamin Ray,Michelle Anderson
4896,School today tend,Documentary,2012,14-09-2012,Canada,11781809.63,31666057.12,52142683.39,7657708.93,13025583.6,6.5,64,661,50,David Rosales,Darren Jones
4897,Lot member why,Comedy,1997,06-10-1997,USA,1188327.98,1554792.54,2741442.17,346119.9,625192.71,8.0,78,2902,1532,Diana Davis,William Brooks
4898,However marriage,Action,2004,05-06-2004,China,204928.11,202465.54,404481.65,35843.76,84227.9,3.6,17,10598,390,Anthony Rowland,Tyler Cooper
4899,Store argue,Drama,2011,23-02-2011,USA,25431987.72,41814281.69,74418851.96,12387194.75,24854709.59,6.9,69,1382,85,Donna Hall,Pamela Frey
4900,Offer,Comedy,1983,08-01-1983,USA,23425882.43,38085008.09,64013531.43,4988040.46,16420796.72,7.7,69,1204,811,David Perez,Eric Perry
4901,Fish agree law,Thriller,2014,03-06-2014,USA,1174284.68,3019266.48,4905886.29,318628.83,1709131.16,8.0,81,10335,1701,Ashley Medina,Becky Kerr
4902,Receive draw,Drama,1969,21-05-1969,USA,22245171.27,47764425.31,88200222.32,7801861.4,19413810.14,3.6,40,5760,6142,Robin Hooper,Jason Mercer
4903,Into question,Drama,2013,10-07-2013,USA,1569417.77,4386434.25,7723577.01,1236158.04,1945535.39,6.9,75,3923,364,Diana Davis,Jennifer Leach
4904,Stand ever,Comedy,1992,07-04-1992,USA,131117.66,90452.53,151905.67,11125.8,38528.11,5.3,52,3943,443,Ryan Tate,Russell Martin
4905,None itself,Romance,1994,02-07-1994,USA,4773497.9,8986093.37,20336338.94,2453189.67,4540357.64,5.1,40,20276,1975,Raymond Morris,Jorge Kennedy
4906,Decide indicate look some,Drama,1994,24-06-1994,USA,904666.14,718959.34,1147253.45,171142.74,408228.17,8.2,76,100,50,Brenda Smith,Shawn Washington
4907,Herself head,Comedy,1952,29-01-1952,USA,9412183.25,10103490.08,14813038.12,1586144.1,5098969.42,6.7,74,25071,2285,Amber Anderson,Thomas Sims
4908,Between although,Romance,1956,13-08-1956,Canada,14362135.33,18346715.77,37417610.38,4795260.22,9922653.48,7.1,69,1005,1396,Brandon Fuller,Brittany Kelly
4909,Congress establish,Comedy,1991,24-02-1991,USA,2108842.38,2013698.05,4182930.43,330982.84,909242.84,4.1,36,509,96,Jennifer Atkinson,Steven Green
4910,Everything and clear,Horror,2012,11-10-2012,USA,1693301.98,2707748.28,5056186.5,542800.88,1381628.44,7.1,69,20135,1290,Amanda Cantrell,Amanda Jenkins
4911,Prevent,Comedy,2019,07-01-2019,USA,2357392.49,6142359.0,10269620.65,1756239.93,3012554.92,5.0,49,3503,590,Jennifer Miller,Jeffrey Jenkins
4912,Situation significant ten,Comedy,2023,09-09-2023,Japan,21763077.28,37208387.07,66164816.04,9558557.99,20576170.23,6.3,63,8619,57,David Lee,Paul Glover
4913,Material,Drama,2022,10-07-2022,USA,205152.71,376745.73,933401.88,40957.76,172334.86,8.3,91,10097,2149,Faith Franklin,Adam Montes
4914,Provide why whatever,Horror,2009,20-08-2009,USA,2022438.34,1740622.17,3309856.01,283547.03,874233.29,7.0,67,2008,105,Michelle Collins,Mathew Castillo
4915,Stage vote simply,Drama,2021,25-10-2021,USA,14231701.57,16129086.38,35614992.83,2136724.77,9447775.2,3.2,32,27383,1470,Tara Underwood,Jason Ramos
4916,Success economy,Drama,2022,19-01-2022,USA,4320964.88,1762622.66,4320964.88,380727.22,840519.99,5.7,55,41555,859,Ashley Medina,William Washington
4917,Trial civil agency,Action,1968,27-05-1968,Canada,929491.75,624966.6,1219429.04,67410.29,344927.22,4.1,32,18318,671,Jason Jones,Isaiah French
4918,Accept explain system,Thriller,2002,09-03-2002,USA,33040333.04,52241138.39,84109745.78,10948103.77,21716491.94,5.1,49,19720,115,Philip Simmons,Rodney Smith
4919,Six perform PM,Thriller,2018,14-09-2018,USA,1893499.67,2053265.36,4257598.56,286340.52,873876.54,5.2,52,1022,561,Heidi Cisneros,Olivia Allen
4920,Management air impact,Drama,1965,18-05-1965,USA,3276354.35,5186469.13,10087405.5,1386681.69,2333630.01,7.0,57,2384,50,Mrs. Hannah Campbell DDS,Stephen Cooper
4921,War according,Thriller,1986,28-07-1986,USA,8775735.76,14293992.31,21632782.11,2265802.13,6501947.3,8.0,79,15536,353,Chad Koch,Richard Davis
4922,Western form,Thriller,2007,26-08-2007,USA,13358162.94,34761118.86,64496272.68,4681519.81,19162550.65,10.0,92,668,2338,Robert Hendricks,Casey Lloyd
4923,Worry deep interesting,Romance,2020,09-01-2020,USA,2426606.72,3478238.31,5772189.43,879875.62,1613939.43,4.6,45,3111,50,Jessica Singh,Ashley Pena
4924,Sign list,Drama,2021,12-12-2021,Australia,950790.22,1180549.19,2327447.39,269693.27,518565.86,5.6,54,3999,73,Oscar Santos,Andrea Bowers
4925,Situation official,Thriller,1956,30-03-1956,USA,1268321.65,1439074.46,3058255.36,387298.8,598822.81,5.2,44,2425,357,Barbara Torres,Becky Kerr
4926,Black,Romance,2008,22-11-2008,South Korea,2098983.32,3920117.55,7827248.27,1078863.6,1903813.22,2.0,25,883,190,Charles Lopez,Rebecca Mejia
4927,Growth or risk,Drama,1991,20-01-1991,USA,300225.66,622768.46,1264349.7,154020.4,290428.5,8.6,68,6743,1054,Benjamin Ray,Becky Kerr
4928,Wrong receive expert,Drama,1991,28-07-1991,USA,1337325.69,3703780.9,6516641.89,454102.49,2216842.63,5.8,64,36610,642,Adriana Campbell,Patricia Ramirez
4929,Answer leg,Sci-Fi,2001,06-06-2001,USA,539733.15,502965.17,1040599.86,142457.22,209135.83,4.9,38,8194,102,Michael Chung,Rodney Smith
4930,Arrive firm,Documentary,1973,19-01-1973,USA,330836.82,312478.87,500501.01,91615.15,178289.79,6.9,70,64929,288,Daniel Brown,John Jones
4931,Trouble wrong read,Drama,1954,10-04-1954,USA,393831.64,299121.44,442773.6,48157.7,129210.71,6.4,57,1187,50,David Charles,Cindy Barnes
4932,Matter apply reveal loss,Horror,1979,21-05-1979,USA,2007886.57,3441505.72,7302544.19,1030756.61,1565143.03,6.9,93,2515,1221,Diane Skinner,Tracy Williams
4933,More phone,Horror,2011,27-07-2011,UK,1336293.64,3100406.81,6357668.49,343913.49,1335056.97,5.7,77,3782,109,Christian Hernandez,Michael Ramirez
4934,Its theory,Action,1983,19-10-1983,USA,6001444.82,4476049.76,8793389.95,1143404.45,2663912.42,8.2,87,3022,342,Karen Robinson,Richard Miller
4935,Music,Thriller,2017,03-11-2017,USA,1713347.79,2544128.01,5783858.02,679876.17,1446881.59,6.6,61,2740,88,Carolyn Schwartz,Lynn Pierce
4936,Piece table play word,Comedy,2021,15-06-2021,India,442634.71,280557.16,442634.71,82987.4,149730.48,7.8,71,4078,609,Jerry Owens,Adam Bowman
4937,Business alone,Documentary,1977,09-02-1977,USA,6817067.83,4633687.65,6817067.83,518707.88,2166947.22,6.0,47,671,2882,Bethany Rodriguez,Joseph Leon
4938,Thank lawyer,Horror,2003,19-09-2003,USA,9262893.88,12811153.37,20026791.57,2322643.56,6443750.51,8.7,98,1667,744,Paul Weiss,Jennifer Leach
4939,Participant stop its,Romance,2004,27-03-2004,USA,4543520.1,6507709.29,15226475.4,1566857.92,3017157.0,7.1,71,1377,50,Caitlin Brewer,Robert Garcia
4940,Government maybe can she,Horror,1950,17-10-1950,USA,10384463.58,16247226.75,36893043.92,4372381.28,7246640.88,5.9,64,3341,50,Robert Hendricks,William Prince
4941,Course fund,Drama,1991,29-04-1991,USA,571621.57,773353.34,1793681.88,221716.77,422863.13,4.4,49,3407,83,Ashley Medina,William Crawford
4942,Party federal,Thriller,1995,25-09-1995,USA,4784215.34,3036307.83,5088391.91,792508.32,1764392.22,5.9,69,45733,1947,Maria Lane,Jamie Chavez
4943,Themselves bed,Romance,2003,11-03-2003,USA,24944560.97,44210968.69,65752736.84,11657366.96,22229734.21,5.9,69,3941,304,Karen Smith,William Washington
4944,Late garden,Drama,1979,20-01-1979,USA,2004404.19,1156067.96,2004404.19,221386.31,524441.66,6.2,63,14633,213,Joshua Morales,Mark Crosby
4945,Move call each,Drama,2023,28-08-2023,India,42214755.54,45059048.6,88037216.32,13190008.6,24228220.71,9.4,92,733,50,Paul Rogers,April Murphy
4946,Point fly,Sci-Fi,1980,26-11-1980,Canada,6180419.49,5405181.03,8653788.64,782062.65,2538148.56,3.7,28,11742,1307,Janice Taylor,Patrick Barnett
4947,Daughter just simply,Comedy,1965,27-07-1965,Canada,2566237.51,2392571.18,4871495.01,552109.06,1414218.24,5.5,45,547,277,Troy Cochran,Patricia Keller
4948,Country,Documentary,1997,02-10-1997,India,19562938.33,38082488.24,65838086.6,9732750.83,20685187.28,4.0,42,3982,999,Susan Farley,Seth Johnson
4949,Behind prepare soon,Documentary,1993,05-07-1993,Canada,4288489.46,2631195.93,4288489.46,265514.02,1365663.8,4.9,55,1600,2770,Tyler Sanchez,Dawn Blake
4950,Class lay everyone,Documentary,2018,20-07-2018,USA,973362.65,2847071.19,4835315.78,588406.45,1223265.89,7.5,99,1047,119,Darlene Murphy,Richard Davis
4951,Charge enough from reduce,Drama,1994,14-08-1994,USA,6394134.15,15100223.01,25397130.93,3765074.98,6202540.32,8.6,90,822,405,John Jones,Melissa Cain
4952,Education travel democratic choose,Drama,2002,13-03-2002,UK,7451941.56,20584019.51,30074166.35,4304955.84,8660140.63,6.0,56,8746,2961,Emily Miller,Alexander Haley
4953,Especially couple,Horror,1977,09-02-1977,China,1362109.81,2555512.37,5599986.83,417107.52,1116849.43,6.1,70,372,3560,Oscar Santos,Miss Jennifer Parsons
4954,Recent,Action,1963,13-02-1963,USA,142924555.7,225013126.7,511661129.2,27825815.8,117729232.3,7.7,79,12110,964,Rachel Hayes,Brandon Mcguire
4955,I course seek,Drama,2020,13-05-2020,USA,1134709.26,870003.71,1784371.98,190769.94,365434.4,5.2,52,21376,262,Anthony Rowland,Christina Buchanan
4956,Morning world do,Action,1987,11-10-1987,USA,44837106.75,70080383.45,154066160.1,16988841.24,28307183.56,5.8,47,1047,293,William Walker,Vincent Suarez
4957,Suggest could,Thriller,1992,31-01-1992,USA,1546626.0,2000312.65,4834120.7,567122.14,890969.21,8.4,81,8378,1047,Adriana Campbell,Becky Dean
4958,Opportunity spend,Drama,1999,07-12-1999,USA,128084993.4,151209284.4,317430116.0,40635857.39,83120012.44,3.3,47,1467,50,Karen Smith,Thomas Hill
4959,Sit Congress,Comedy,2003,12-06-2003,USA,2022836.83,3706980.34,6675769.42,618408.5,1800772.39,6.1,74,2980,373,Albert Phillips,Joseph Contreras
4960,Thought I government,Comedy,1974,02-08-1974,USA,17374596.29,40593820.43,60661591.14,6513726.3,21415148.11,4.7,46,916,1693,Andrew Chambers,Kelly Horn
4961,Phone,Drama,1994,13-12-1994,USA,71086133.16,115507835.7,169786253.0,34639570.38,55186397.94,8.1,68,829,50,Andrew Chambers,Donald Franco
4962,Politics learn another,Horror,1966,16-05-1966,China,24343199.34,44590781.26,78042769.45,4984294.79,22613884.53,7.5,89,4359,115,Michelle Collins,Christopher Rodgers
4963,Interest hospital green,Sci-Fi,2009,09-07-2009,USA,774756.41,1349738.65,2411851.88,156906.93,703250.25,4.0,28,4691,72,Julie Maxwell,Jennifer Cook
4964,Necessary,Thriller,2010,21-01-2010,USA,2724778.73,3387403.45,5553384.7,966282.06,1464004.25,5.1,53,1596,520,Roberto Underwood,Russell Martin
4965,Go probably,Thriller,1987,06-03-1987,UK,2251105.46,2505692.99,4185873.76,694037.55,1002454.08,6.1,68,423,113,Diana Davis,Morgan King
4966,Since week because,Romance,1979,24-10-1979,UK,6637909.28,3395661.1,6806446.07,827481.35,1985179.37,9.3,89,7369,529,Jeremy Ray,Robert Walker
4967,Child should,Comedy,2020,13-07-2020,USA,18311122.13,16284684.44,30761952.26,4478839.85,9481771.47,8.6,93,1426,268,Karen Barrett,Darren Jones
4968,Young begin,Horror,2015,25-08-2015,Canada,2070010.05,6132879.19,10127503.27,1054558.49,2638745.42,4.6,59,852,51,Bryan Murray,Mark Morris
4969,Safe next say,Thriller,1995,11-04-1995,USA,156647.19,434253.61,734396.68,58831.06,210539.96,4.4,39,11128,188,Claudia Smith,Cassandra Dennis
4970,Apply soon run,Drama,1975,12-07-1975,USA,9050100.61,30917006.41,45140350.41,4466893.95,17235606.89,6.4,62,1706,1868,Benjamin Ray,Stephanie Cervantes
4971,Into,Action,1998,21-07-1998,USA,3534871.64,1887031.63,4429738.23,368496.55,969716.25,2.5,13,60501,58,James Wright,Timothy George
4972,Rather glass determine,Action,1969,26-10-1969,USA,104848.42,225294.01,390932.77,59425.75,97002.86,5.4,48,8327,315,Ryan Tate,Kathryn Hunt
4973,Clear serious,Horror,1979,31-07-1979,USA,1346827.19,604734.35,1346827.19,80166.69,280700.94,6.8,62,2775,1274,Raymond Morris,Sydney Jordan
4974,Meet character political,Drama,1987,06-11-1987,South Korea,3604067.96,9243525.89,13471580.21,2722885.4,4587446.53,5.4,52,15658,822,Brandon Fuller,Melissa Melendez
4975,Growth change,Romance,1968,25-01-1968,USA,1467881.74,4501103.37,6915193.28,1263193.16,2188505.73,7.2,82,2360,337,Troy Cochran,Brittany James
4976,Room real this,Romance,2018,06-10-2018,USA,2649322.66,5564589.23,12877236.05,1423737.27,2349814.89,6.5,76,1392,452,Kristina Moore,Jennifer Leach
4977,Another culture,Comedy,2023,25-09-2023,USA,7843995.72,14813739.8,28202571.53,3169941.43,6670941.4,6.0,58,1613,117,Sara Higgins,Amber Willis
4978,Care successful,Drama,1963,01-05-1963,India,89470922.16,121752704.7,274941991.8,36236630.75,56167219.7,5.9,42,291,50,Julie Maxwell,Stephanie Ferrell
4979,Seek live nature,Romance,2005,07-05-2005,USA,1201197.23,1662579.88,2561189.46,484836.44,750259.66,7.1,73,1198,50,Nathan Bolton,Alexandra Benitez
4980,Lead someone,Horror,2007,18-08-2007,USA,14477666.75,30906613.79,48150960.21,3103321.47,17498355.66,7.4,76,687,50,Mrs. Hannah Campbell DDS,Jamie Chavez
4981,Environmental million,Action,2014,21-10-2014,USA,6388222.34,7849375.89,16516151.04,1309589.09,4018406.82,6.8,55,17534,472,Dr. Michael Monroe,John James
4982,Hotel development animal,Drama,2016,07-09-2016,USA,12316350.28,15062891.65,33389644.69,2966213.01,8599873.9,3.7,38,2039,1282,Christian Hernandez,Alan Mullins
4983,Anyone seven nearly,Comedy,1994,09-02-1994,USA,1097814.43,970246.59,2250066.18,257024.74,394906.79,4.4,49,550,50,Karen Robinson,Cindy Barnes
4984,Among eight under,Romance,2022,28-06-2022,USA,4556558.89,10577201.58,15455706.08,1140234.04,6205646.5,6.2,62,2306,406,Jerry Owens,Benjamin Mitchell
4985,Must ten play,Sci-Fi,2006,29-12-2006,USA,9110661.38,15501382.52,23707227.54,2850468.41,6758155.75,5.2,61,8361,2074,Denise Horne,Richard Miller
4986,Dark dark,Comedy,1982,04-05-1982,USA,3093085.51,5864861.28,13877530.63,1566918.62,3367686.87,8.2,66,1695,4783,Mr. Jorge Anderson,Heather Allison
4987,Our,Horror,1978,22-10-1978,UK,26922219.69,19249484.79,30629016.29,4335800.16,10309257.09,7.1,62,263,60,Megan Sharp,Alison Clark
4988,Him second eye society,Drama,2022,08-06-2022,USA,22580337.3,16951032.39,31093657.43,2419362.83,9386926.17,7.9,87,555,87,Anthony Henry,Robert Reynolds
4989,Prove base,Horror,2021,01-08-2021,USA,1030527.44,2747115.41,3958188.13,433520.51,1239970.52,4.4,26,1385,317,Heidi Cisneros,Alan Mullins
4990,Face kitchen ahead,Drama,1982,07-04-1982,USA,12698791.66,6393434.83,13114967.41,1056573.34,2686919.44,4.2,44,1868,448,Michael Chung,Christopher Patterson
4991,Series memory into,Horror,1982,17-09-1982,China,836385.76,905925.04,1568475.94,221917.27,443644.01,6.5,62,3149,227,Daniel Rivera,Tonya Campbell
4992,Fall music thank,Drama,1975,16-08-1975,USA,2976830.67,1866390.44,3187444.18,207036.34,889875.53,7.2,70,2272,55,Brandon Fuller,Michelle Anderson
4993,Answer billion ok method,Drama,1978,28-11-1978,UK,2316363.11,5205256.7,9573738.12,810312.94,2313675.01,5.7,28,371,238,Rachel Hayes,Samuel Bond MD
4994,This sport,Drama,1975,30-01-1975,UK,2117972.83,1200556.74,2117972.83,180782.75,503670.69,5.3,56,17409,105,Mark Moody,Casey Briggs
4995,Beat especially similar,Romance,1990,01-02-1990,USA,6944357.58,4358336.3,8525565.28,989840.52,2004285.6,8.7,72,4087,123,Jeffrey Neal,Brandon Mcguire
4996,Concern cup,Horror,2003,14-06-2003,Germany,3431218.54,1842290.35,3431218.54,274631.44,769779.5,8.1,65,13608,78,Kevin Green,Ryan Hood
4997,On purpose,Documentary,2015,01-03-2015,USA,7762011.56,21584361.34,32254027.99,5709928.14,11655124.92,6.5,67,1087,207,Robert Webster,Catherine Rogers
4998,Surface production participant,Action,1977,23-02-1977,USA,622736.34,1750267.55,2922429.68,272845.0,1010889.94,7.4,88,1983,3529,Kimberly Barker,Donald Franco
4999,Place upon,Romance,1972,04-10-1972,USA,5219272.92,13447106.59,20952498.35,2375053.21,7012941.97,6.9,71,5050,1011,Amanda Cantrell,Valerie Dennis
5000,Study across let state,Drama,2025,13-02-2025,USA,8833088.72,25425744.06,36949523.81,3208395.87,14251725.51,5.4,35,10940,154,Brandon Fuller,Carla Dougherty
